mode: set
github.com/JungHoonGhae/tossinvest-cli/internal/riskbucket/admission.go:29.57,37.2 1 1
github.com/JungHoonGhae/tossinvest-cli/internal/riskbucket/admission.go:65.69,67.29 2 1
github.com/JungHoonGhae/tossinvest-cli/internal/riskbucket/admission.go:67.29,70.3 2 0
github.com/JungHoonGhae/tossinvest-cli/internal/riskbucket/admission.go:71.2,71.36 1 1
github.com/JungHoonGhae/tossinvest-cli/internal/riskbucket/admission.go:71.36,74.3 2 1
github.com/JungHoonGhae/tossinvest-cli/internal/riskbucket/admission.go:75.2,76.16 2 1
github.com/JungHoonGhae/tossinvest-cli/internal/riskbucket/admission.go:76.16,79.3 2 1
github.com/JungHoonGhae/tossinvest-cli/internal/riskbucket/admission.go:80.2,80.80 1 1
github.com/JungHoonGhae/tossinvest-cli/internal/riskbucket/admission.go:80.80,83.3 2 0
github.com/JungHoonGhae/tossinvest-cli/internal/riskbucket/admission.go:84.2,85.33 2 1
github.com/JungHoonGhae/tossinvest-cli/internal/riskbucket/admission.go:85.33,87.17 2 1
github.com/JungHoonGhae/tossinvest-cli/internal/riskbucket/admission.go:87.17,91.4 3 0
github.com/JungHoonGhae/tossinvest-cli/internal/riskbucket/admission.go:92.3,93.17 2 1
github.com/JungHoonGhae/tossinvest-cli/internal/riskbucket/admission.go:93.17,97.4 3 0
github.com/JungHoonGhae/tossinvest-cli/internal/riskbucket/admission.go:98.3,105.42 2 1
github.com/JungHoonGhae/tossinvest-cli/internal/riskbucket/admission.go:107.2,108.17 2 1
github.com/JungHoonGhae/tossinvest-cli/internal/riskbucket/admission.go:108.17,111.3 2 0
github.com/JungHoonGhae/tossinvest-cli/internal/riskbucket/admission.go:112.2,112.31 1 1
github.com/JungHoonGhae/tossinvest-cli/internal/riskbucket/admission.go:112.31,114.17 2 1
github.com/JungHoonGhae/tossinvest-cli/internal/riskbucket/admission.go:114.17,118.4 3 0
github.com/JungHoonGhae/tossinvest-cli/internal/riskbucket/admission.go:119.3,120.104 2 1
github.com/JungHoonGhae/tossinvest-cli/internal/riskbucket/admission.go:120.104,122.4 1 1
github.com/JungHoonGhae/tossinvest-cli/internal/riskbucket/admission.go:124.2,124.17 1 1
github.com/JungHoonGhae/tossinvest-cli/internal/riskbucket/admission.go:127.110,129.33 2 1
github.com/JungHoonGhae/tossinvest-cli/internal/riskbucket/admission.go:129.33,130.61 1 1
github.com/JungHoonGhae/tossinvest-cli/internal/riskbucket/admission.go:130.61,132.4 1 0
github.com/JungHoonGhae/tossinvest-cli/internal/riskbucket/admission.go:133.3,133.45 1 1
github.com/JungHoonGhae/tossinvest-cli/internal/riskbucket/admission.go:135.2,136.47 2 1
github.com/JungHoonGhae/tossinvest-cli/internal/riskbucket/admission.go:136.47,138.14 2 1
github.com/JungHoonGhae/tossinvest-cli/internal/riskbucket/admission.go:138.14,140.4 1 1
github.com/JungHoonGhae/tossinvest-cli/internal/riskbucket/admission.go:141.3,141.60 1 1
github.com/JungHoonGhae/tossinvest-cli/internal/riskbucket/admission.go:141.60,143.4 1 1
github.com/JungHoonGhae/tossinvest-cli/internal/riskbucket/admission.go:144.3,144.55 1 1
github.com/JungHoonGhae/tossinvest-cli/internal/riskbucket/admission.go:144.55,146.4 1 1
github.com/JungHoonGhae/tossinvest-cli/internal/riskbucket/admission.go:147.3,147.35 1 1
github.com/JungHoonGhae/tossinvest-cli/internal/riskbucket/admission.go:147.35,149.4 1 0
github.com/JungHoonGhae/tossinvest-cli/internal/riskbucket/admission.go:150.3,150.63 1 1
github.com/JungHoonGhae/tossinvest-cli/internal/riskbucket/admission.go:150.63,151.228 1 1
github.com/JungHoonGhae/tossinvest-cli/internal/riskbucket/admission.go:151.228,153.5 1 1
github.com/JungHoonGhae/tossinvest-cli/internal/riskbucket/admission.go:154.4,154.81 1 1
github.com/JungHoonGhae/tossinvest-cli/internal/riskbucket/admission.go:156.3,156.60 1 1
github.com/JungHoonGhae/tossinvest-cli/internal/riskbucket/admission.go:156.60,158.4 1 0
github.com/JungHoonGhae/tossinvest-cli/internal/riskbucket/admission.go:159.3,159.36 1 1
github.com/JungHoonGhae/tossinvest-cli/internal/riskbucket/admission.go:161.2,161.49 1 1
github.com/JungHoonGhae/tossinvest-cli/internal/riskbucket/admission.go:161.49,163.3 1 0
github.com/JungHoonGhae/tossinvest-cli/internal/riskbucket/admission.go:164.2,164.48 1 1
github.com/JungHoonGhae/tossinvest-cli/internal/riskbucket/admission.go:164.48,166.3 1 1
github.com/JungHoonGhae/tossinvest-cli/internal/riskbucket/admission.go:167.2,167.21 1 1
github.com/JungHoonGhae/tossinvest-cli/internal/riskbucket/admission.go:170.50,171.21 1 1
github.com/JungHoonGhae/tossinvest-cli/internal/riskbucket/admission.go:171.21,172.24 1 1
github.com/JungHoonGhae/tossinvest-cli/internal/riskbucket/admission.go:173.25,174.57 1 0
github.com/JungHoonGhae/tossinvest-cli/internal/riskbucket/admission.go:175.24,176.55 1 0
github.com/JungHoonGhae/tossinvest-cli/internal/riskbucket/admission.go:177.26,178.65 1 0
github.com/JungHoonGhae/tossinvest-cli/internal/riskbucket/admission.go:179.24,180.55 1 1
github.com/JungHoonGhae/tossinvest-cli/internal/riskbucket/admission.go:181.24,182.55 1 0
github.com/JungHoonGhae/tossinvest-cli/internal/riskbucket/admission.go:183.11,184.58 1 0
github.com/JungHoonGhae/tossinvest-cli/internal/riskbucket/admission.go:187.2,187.29 1 1
github.com/JungHoonGhae/tossinvest-cli/internal/riskbucket/admission.go:187.29,188.41 1 1
github.com/JungHoonGhae/tossinvest-cli/internal/riskbucket/admission.go:188.41,190.4 1 1
github.com/JungHoonGhae/tossinvest-cli/internal/riskbucket/admission.go:191.3,191.83 1 0
github.com/JungHoonGhae/tossinvest-cli/internal/riskbucket/admission.go:193.2,193.114 1 1
github.com/JungHoonGhae/tossinvest-cli/internal/riskbucket/admission.go:193.114,195.3 1 0
github.com/JungHoonGhae/tossinvest-cli/internal/riskbucket/admission.go:196.2,196.104 1 1
github.com/JungHoonGhae/tossinvest-cli/internal/riskbucket/admission.go:196.104,198.3 1 0
github.com/JungHoonGhae/tossinvest-cli/internal/riskbucket/admission.go:199.2,199.12 1 1
github.com/JungHoonGhae/tossinvest-cli/internal/riskbucket/admission.go:202.74,204.16 2 1
github.com/JungHoonGhae/tossinvest-cli/internal/riskbucket/admission.go:204.16,206.3 1 0
github.com/JungHoonGhae/tossinvest-cli/internal/riskbucket/admission.go:207.2,208.16 2 1
github.com/JungHoonGhae/tossinvest-cli/internal/riskbucket/admission.go:208.16,210.3 1 0
github.com/JungHoonGhae/tossinvest-cli/internal/riskbucket/admission.go:211.2,212.16 2 1
github.com/JungHoonGhae/tossinvest-cli/internal/riskbucket/admission.go:212.16,214.3 1 0
github.com/JungHoonGhae/tossinvest-cli/internal/riskbucket/admission.go:215.2,216.16 2 1
github.com/JungHoonGhae/tossinvest-cli/internal/riskbucket/admission.go:216.16,218.3 1 0
github.com/JungHoonGhae/tossinvest-cli/internal/riskbucket/admission.go:219.2,220.26 2 1
github.com/JungHoonGhae/tossinvest-cli/internal/riskbucket/admission.go:220.26,222.3 1 0
github.com/JungHoonGhae/tossinvest-cli/internal/riskbucket/admission.go:223.2,223.32 1 1
github.com/JungHoonGhae/tossinvest-cli/internal/riskbucket/admission.go:226.45,227.46 1 1
github.com/JungHoonGhae/tossinvest-cli/internal/riskbucket/admission.go:227.46,228.28 1 1
github.com/JungHoonGhae/tossinvest-cli/internal/riskbucket/admission.go:228.28,230.4 1 1
github.com/JungHoonGhae/tossinvest-cli/internal/riskbucket/admission.go:232.2,232.32 1 0
github.com/JungHoonGhae/tossinvest-cli/internal/riskbucket/admission.go:235.36,236.11 1 1
github.com/JungHoonGhae/tossinvest-cli/internal/riskbucket/admission.go:236.11,238.3 1 1
github.com/JungHoonGhae/tossinvest-cli/internal/riskbucket/admission.go:239.2,239.10 1 1
github.com/JungHoonGhae/tossinvest-cli/internal/riskbucket/admission.go:242.41,244.28 2 1
github.com/JungHoonGhae/tossinvest-cli/internal/riskbucket/admission.go:244.28,246.3 1 1
github.com/JungHoonGhae/tossinvest-cli/internal/riskbucket/admission.go:247.2,247.64 1 0
github.com/JungHoonGhae/tossinvest-cli/internal/riskbucket/decimal.go:15.79,16.108 1 1
github.com/JungHoonGhae/tossinvest-cli/internal/riskbucket/decimal.go:16.108,18.3 1 0
github.com/JungHoonGhae/tossinvest-cli/internal/riskbucket/decimal.go:19.2,20.24 2 1
github.com/JungHoonGhae/tossinvest-cli/internal/riskbucket/decimal.go:20.24,22.3 1 0
github.com/JungHoonGhae/tossinvest-cli/internal/riskbucket/decimal.go:23.2,23.29 1 1
github.com/JungHoonGhae/tossinvest-cli/internal/riskbucket/decimal.go:23.29,24.17 1 1
github.com/JungHoonGhae/tossinvest-cli/internal/riskbucket/decimal.go:24.17,26.4 1 0
github.com/JungHoonGhae/tossinvest-cli/internal/riskbucket/decimal.go:27.3,27.26 1 1
github.com/JungHoonGhae/tossinvest-cli/internal/riskbucket/decimal.go:27.26,28.26 1 1
github.com/JungHoonGhae/tossinvest-cli/internal/riskbucket/decimal.go:28.26,30.5 1 1
github.com/JungHoonGhae/tossinvest-cli/internal/riskbucket/decimal.go:33.2,35.9 3 1
github.com/JungHoonGhae/tossinvest-cli/internal/riskbucket/decimal.go:35.9,37.3 1 0
github.com/JungHoonGhae/tossinvest-cli/internal/riskbucket/decimal.go:38.2,39.21 2 1
github.com/JungHoonGhae/tossinvest-cli/internal/riskbucket/decimal.go:39.21,41.3 1 1
github.com/JungHoonGhae/tossinvest-cli/internal/riskbucket/decimal.go:42.2,42.41 1 1
github.com/JungHoonGhae/tossinvest-cli/internal/riskbucket/decimal.go:42.41,44.3 1 0
github.com/JungHoonGhae/tossinvest-cli/internal/riskbucket/decimal.go:45.2,45.50 1 1
github.com/JungHoonGhae/tossinvest-cli/internal/riskbucket/decimal.go:45.50,47.3 1 1
github.com/JungHoonGhae/tossinvest-cli/internal/riskbucket/decimal.go:48.2,48.58 1 1
github.com/JungHoonGhae/tossinvest-cli/internal/riskbucket/decimal.go:51.61,52.107 1 1
github.com/JungHoonGhae/tossinvest-cli/internal/riskbucket/decimal.go:52.107,54.3 1 1
github.com/JungHoonGhae/tossinvest-cli/internal/riskbucket/decimal.go:55.2,55.24 1 1
github.com/JungHoonGhae/tossinvest-cli/internal/riskbucket/decimal.go:55.24,56.25 1 1
github.com/JungHoonGhae/tossinvest-cli/internal/riskbucket/decimal.go:56.25,58.4 1 1
github.com/JungHoonGhae/tossinvest-cli/internal/riskbucket/decimal.go:60.2,61.40 2 1
github.com/JungHoonGhae/tossinvest-cli/internal/riskbucket/decimal.go:61.40,63.3 1 0
github.com/JungHoonGhae/tossinvest-cli/internal/riskbucket/decimal.go:64.2,64.19 1 1
github.com/JungHoonGhae/tossinvest-cli/internal/riskbucket/decimal.go:67.42,68.18 1 1
github.com/JungHoonGhae/tossinvest-cli/internal/riskbucket/decimal.go:68.18,70.3 1 1
github.com/JungHoonGhae/tossinvest-cli/internal/riskbucket/decimal.go:71.2,71.16 1 1
github.com/JungHoonGhae/tossinvest-cli/internal/riskbucket/decimal.go:74.57,76.31 2 1
github.com/JungHoonGhae/tossinvest-cli/internal/riskbucket/decimal.go:76.31,77.51 1 1
github.com/JungHoonGhae/tossinvest-cli/internal/riskbucket/decimal.go:77.51,79.4 1 1
github.com/JungHoonGhae/tossinvest-cli/internal/riskbucket/decimal.go:81.2,81.14 1 1
github.com/JungHoonGhae/tossinvest-cli/internal/riskbucket/decimal.go:84.55,85.70 1 1
github.com/JungHoonGhae/tossinvest-cli/internal/riskbucket/decimal.go:85.70,87.3 1 0
github.com/JungHoonGhae/tossinvest-cli/internal/riskbucket/decimal.go:88.2,88.12 1 1
github.com/JungHoonGhae/tossinvest-cli/internal/riskbucket/decimal.go:91.62,92.38 1 1
github.com/JungHoonGhae/tossinvest-cli/internal/riskbucket/decimal.go:92.38,94.3 1 0
github.com/JungHoonGhae/tossinvest-cli/internal/riskbucket/decimal.go:95.2,97.26 3 1
github.com/JungHoonGhae/tossinvest-cli/internal/riskbucket/decimal.go:97.26,99.3 1 1
github.com/JungHoonGhae/tossinvest-cli/internal/riskbucket/decimal.go:100.2,100.36 1 1
github.com/JungHoonGhae/tossinvest-cli/internal/riskbucket/decimal.go:100.36,102.3 1 0
github.com/JungHoonGhae/tossinvest-cli/internal/riskbucket/decimal.go:103.2,103.22 1 1
github.com/JungHoonGhae/tossinvest-cli/internal/riskbucket/decimal.go:106.38,106.78 1 1
github.com/JungHoonGhae/tossinvest-cli/internal/riskbucket/decimal.go:108.36,111.18 3 1
github.com/JungHoonGhae/tossinvest-cli/internal/riskbucket/decimal.go:111.18,113.3 1 0
github.com/JungHoonGhae/tossinvest-cli/internal/riskbucket/decimal.go:114.2,114.19 1 1
github.com/JungHoonGhae/tossinvest-cli/internal/riskbucket/decimal.go:117.62,119.34 2 1
github.com/JungHoonGhae/tossinvest-cli/internal/riskbucket/decimal.go:119.34,121.3 1 1
github.com/JungHoonGhae/tossinvest-cli/internal/riskbucket/decimal.go:122.2,122.20 1 1
github.com/JungHoonGhae/tossinvest-cli/internal/riskbucket/evidence_access.go:17.63,24.2 1 1
github.com/JungHoonGhae/tossinvest-cli/internal/riskbucket/fill.go:54.40,55.80 1 1
github.com/JungHoonGhae/tossinvest-cli/internal/riskbucket/fill.go:55.80,57.3 1 1
github.com/JungHoonGhae/tossinvest-cli/internal/riskbucket/fill.go:58.2,58.34 1 1
github.com/JungHoonGhae/tossinvest-cli/internal/riskbucket/fill.go:58.34,59.79 1 1
github.com/JungHoonGhae/tossinvest-cli/internal/riskbucket/fill.go:59.79,61.4 1 1
github.com/JungHoonGhae/tossinvest-cli/internal/riskbucket/fill.go:63.2,63.14 1 0
github.com/JungHoonGhae/tossinvest-cli/internal/riskbucket/fill.go:100.81,105.85 4 1
github.com/JungHoonGhae/tossinvest-cli/internal/riskbucket/fill.go:105.85,107.3 1 0
github.com/JungHoonGhae/tossinvest-cli/internal/riskbucket/fill.go:108.2,108.79 1 1
github.com/JungHoonGhae/tossinvest-cli/internal/riskbucket/fill.go:108.79,110.3 1 1
github.com/JungHoonGhae/tossinvest-cli/internal/riskbucket/fill.go:111.2,111.37 1 1
github.com/JungHoonGhae/tossinvest-cli/internal/riskbucket/fill.go:111.37,112.61 1 1
github.com/JungHoonGhae/tossinvest-cli/internal/riskbucket/fill.go:112.61,114.4 1 1
github.com/JungHoonGhae/tossinvest-cli/internal/riskbucket/fill.go:115.3,115.40 1 1
github.com/JungHoonGhae/tossinvest-cli/internal/riskbucket/fill.go:115.40,116.71 1 1
github.com/JungHoonGhae/tossinvest-cli/internal/riskbucket/fill.go:116.71,118.5 1 1
github.com/JungHoonGhae/tossinvest-cli/internal/riskbucket/fill.go:121.2,122.45 2 1
github.com/JungHoonGhae/tossinvest-cli/internal/riskbucket/fill.go:122.45,124.3 1 1
github.com/JungHoonGhae/tossinvest-cli/internal/riskbucket/fill.go:125.2,126.13 2 1
github.com/JungHoonGhae/tossinvest-cli/internal/riskbucket/fill.go:126.13,136.40 2 1
github.com/JungHoonGhae/tossinvest-cli/internal/riskbucket/fill.go:136.40,138.4 1 1
github.com/JungHoonGhae/tossinvest-cli/internal/riskbucket/fill.go:139.8,139.272 1 1
github.com/JungHoonGhae/tossinvest-cli/internal/riskbucket/fill.go:139.272,141.3 1 0
github.com/JungHoonGhae/tossinvest-cli/internal/riskbucket/fill.go:143.2,143.53 1 1
github.com/JungHoonGhae/tossinvest-cli/internal/riskbucket/fill.go:143.53,144.55 1 1
github.com/JungHoonGhae/tossinvest-cli/internal/riskbucket/fill.go:144.55,146.4 1 1
github.com/JungHoonGhae/tossinvest-cli/internal/riskbucket/fill.go:147.3,147.25 1 1
github.com/JungHoonGhae/tossinvest-cli/internal/riskbucket/fill.go:147.25,150.4 2 1
github.com/JungHoonGhae/tossinvest-cli/internal/riskbucket/fill.go:151.3,152.13 2 1
github.com/JungHoonGhae/tossinvest-cli/internal/riskbucket/fill.go:152.13,155.4 2 1
github.com/JungHoonGhae/tossinvest-cli/internal/riskbucket/fill.go:156.3,156.54 1 1
github.com/JungHoonGhae/tossinvest-cli/internal/riskbucket/fill.go:156.54,158.18 2 1
github.com/JungHoonGhae/tossinvest-cli/internal/riskbucket/fill.go:158.18,160.5 1 1
github.com/JungHoonGhae/tossinvest-cli/internal/riskbucket/fill.go:161.4,162.18 2 1
github.com/JungHoonGhae/tossinvest-cli/internal/riskbucket/fill.go:162.18,164.5 1 1
github.com/JungHoonGhae/tossinvest-cli/internal/riskbucket/fill.go:165.4,166.35 2 1
github.com/JungHoonGhae/tossinvest-cli/internal/riskbucket/fill.go:166.35,168.5 1 1
github.com/JungHoonGhae/tossinvest-cli/internal/riskbucket/fill.go:169.4,169.38 1 1
github.com/JungHoonGhae/tossinvest-cli/internal/riskbucket/fill.go:169.38,173.19 4 1
github.com/JungHoonGhae/tossinvest-cli/internal/riskbucket/fill.go:173.19,175.6 1 0
github.com/JungHoonGhae/tossinvest-cli/internal/riskbucket/fill.go:176.5,177.19 2 1
github.com/JungHoonGhae/tossinvest-cli/internal/riskbucket/fill.go:177.19,179.6 1 1
github.com/JungHoonGhae/tossinvest-cli/internal/riskbucket/fill.go:180.5,182.30 3 1
github.com/JungHoonGhae/tossinvest-cli/internal/riskbucket/fill.go:185.3,189.56 5 1
github.com/JungHoonGhae/tossinvest-cli/internal/riskbucket/fill.go:189.56,191.4 1 1
github.com/JungHoonGhae/tossinvest-cli/internal/riskbucket/fill.go:192.3,194.27 3 1
github.com/JungHoonGhae/tossinvest-cli/internal/riskbucket/fill.go:197.2,197.53 1 1
github.com/JungHoonGhae/tossinvest-cli/internal/riskbucket/fill.go:197.53,199.3 1 1
github.com/JungHoonGhae/tossinvest-cli/internal/riskbucket/fill.go:200.2,210.17 4 1
github.com/JungHoonGhae/tossinvest-cli/internal/riskbucket/fill.go:210.17,212.3 1 1
github.com/JungHoonGhae/tossinvest-cli/internal/riskbucket/fill.go:213.2,213.52 1 1
github.com/JungHoonGhae/tossinvest-cli/internal/riskbucket/fill.go:213.52,215.17 2 1
github.com/JungHoonGhae/tossinvest-cli/internal/riskbucket/fill.go:215.17,217.4 1 0
github.com/JungHoonGhae/tossinvest-cli/internal/riskbucket/fill.go:218.3,220.59 3 1
github.com/JungHoonGhae/tossinvest-cli/internal/riskbucket/fill.go:220.59,222.4 1 0
github.com/JungHoonGhae/tossinvest-cli/internal/riskbucket/fill.go:223.3,226.17 4 1
github.com/JungHoonGhae/tossinvest-cli/internal/riskbucket/fill.go:226.17,228.4 1 0
github.com/JungHoonGhae/tossinvest-cli/internal/riskbucket/fill.go:229.3,230.17 2 1
github.com/JungHoonGhae/tossinvest-cli/internal/riskbucket/fill.go:230.17,232.4 1 0
github.com/JungHoonGhae/tossinvest-cli/internal/riskbucket/fill.go:233.3,234.38 2 1
github.com/JungHoonGhae/tossinvest-cli/internal/riskbucket/fill.go:234.38,236.24 2 0
github.com/JungHoonGhae/tossinvest-cli/internal/riskbucket/fill.go:236.24,238.5 1 0
github.com/JungHoonGhae/tossinvest-cli/internal/riskbucket/fill.go:239.4,239.41 1 0
github.com/JungHoonGhae/tossinvest-cli/internal/riskbucket/fill.go:239.41,243.5 3 0
github.com/JungHoonGhae/tossinvest-cli/internal/riskbucket/fill.go:245.3,245.34 1 1
github.com/JungHoonGhae/tossinvest-cli/internal/riskbucket/fill.go:245.34,249.4 3 1
github.com/JungHoonGhae/tossinvest-cli/internal/riskbucket/fill.go:250.3,252.54 3 1
github.com/JungHoonGhae/tossinvest-cli/internal/riskbucket/fill.go:252.54,254.4 1 1
github.com/JungHoonGhae/tossinvest-cli/internal/riskbucket/fill.go:255.3,256.17 2 1
github.com/JungHoonGhae/tossinvest-cli/internal/riskbucket/fill.go:256.17,258.4 1 1
github.com/JungHoonGhae/tossinvest-cli/internal/riskbucket/fill.go:259.3,260.19 2 1
github.com/JungHoonGhae/tossinvest-cli/internal/riskbucket/fill.go:260.19,263.4 2 1
github.com/JungHoonGhae/tossinvest-cli/internal/riskbucket/fill.go:264.3,267.49 4 1
github.com/JungHoonGhae/tossinvest-cli/internal/riskbucket/fill.go:269.2,272.55 4 1
github.com/JungHoonGhae/tossinvest-cli/internal/riskbucket/fill.go:272.55,274.3 1 1
github.com/JungHoonGhae/tossinvest-cli/internal/riskbucket/fill.go:275.2,276.26 2 1
github.com/JungHoonGhae/tossinvest-cli/internal/riskbucket/fill.go:279.98,280.89 1 1
github.com/JungHoonGhae/tossinvest-cli/internal/riskbucket/fill.go:280.89,282.3 1 1
github.com/JungHoonGhae/tossinvest-cli/internal/riskbucket/fill.go:283.2,284.33 2 1
github.com/JungHoonGhae/tossinvest-cli/internal/riskbucket/fill.go:284.33,286.10 2 1
github.com/JungHoonGhae/tossinvest-cli/internal/riskbucket/fill.go:286.10,288.4 1 1
github.com/JungHoonGhae/tossinvest-cli/internal/riskbucket/fill.go:289.3,289.26 1 1
github.com/JungHoonGhae/tossinvest-cli/internal/riskbucket/fill.go:289.26,291.4 1 0
github.com/JungHoonGhae/tossinvest-cli/internal/riskbucket/fill.go:292.3,293.47 2 1
github.com/JungHoonGhae/tossinvest-cli/internal/riskbucket/fill.go:293.47,295.4 1 1
github.com/JungHoonGhae/tossinvest-cli/internal/riskbucket/fill.go:296.3,298.5 1 1
github.com/JungHoonGhae/tossinvest-cli/internal/riskbucket/fill.go:298.5,299.51 1 1
github.com/JungHoonGhae/tossinvest-cli/internal/riskbucket/fill.go:299.51,301.5 1 1
github.com/JungHoonGhae/tossinvest-cli/internal/riskbucket/fill.go:304.2,304.47 1 1
github.com/JungHoonGhae/tossinvest-cli/internal/riskbucket/fill.go:304.47,305.23 1 1
github.com/JungHoonGhae/tossinvest-cli/internal/riskbucket/fill.go:305.23,307.4 1 0
github.com/JungHoonGhae/tossinvest-cli/internal/riskbucket/fill.go:309.2,309.12 1 1
github.com/JungHoonGhae/tossinvest-cli/internal/riskbucket/fill.go:312.122,315.95 1 1
github.com/JungHoonGhae/tossinvest-cli/internal/riskbucket/fill.go:315.95,317.3 1 1
github.com/JungHoonGhae/tossinvest-cli/internal/riskbucket/fill.go:318.2,319.16 2 1
github.com/JungHoonGhae/tossinvest-cli/internal/riskbucket/fill.go:319.16,321.3 1 1
github.com/JungHoonGhae/tossinvest-cli/internal/riskbucket/fill.go:322.2,323.16 2 1
github.com/JungHoonGhae/tossinvest-cli/internal/riskbucket/fill.go:323.16,325.3 1 0
github.com/JungHoonGhae/tossinvest-cli/internal/riskbucket/fill.go:326.2,326.68 1 1
github.com/JungHoonGhae/tossinvest-cli/internal/riskbucket/fill.go:326.68,328.3 1 0
github.com/JungHoonGhae/tossinvest-cli/internal/riskbucket/fill.go:329.2,330.16 2 1
github.com/JungHoonGhae/tossinvest-cli/internal/riskbucket/fill.go:330.16,332.3 1 0
github.com/JungHoonGhae/tossinvest-cli/internal/riskbucket/fill.go:333.2,336.58 4 1
github.com/JungHoonGhae/tossinvest-cli/internal/riskbucket/fill.go:336.58,338.3 1 0
github.com/JungHoonGhae/tossinvest-cli/internal/riskbucket/fill.go:339.2,340.26 2 1
github.com/JungHoonGhae/tossinvest-cli/internal/riskbucket/fill.go:343.88,348.26 5 1
github.com/JungHoonGhae/tossinvest-cli/internal/riskbucket/fill.go:348.26,350.3 1 1
github.com/JungHoonGhae/tossinvest-cli/internal/riskbucket/fill.go:351.2,351.17 1 1
github.com/JungHoonGhae/tossinvest-cli/internal/riskbucket/fill.go:354.54,356.40 2 1
github.com/JungHoonGhae/tossinvest-cli/internal/riskbucket/fill.go:356.40,358.17 2 1
github.com/JungHoonGhae/tossinvest-cli/internal/riskbucket/fill.go:358.17,360.4 1 0
github.com/JungHoonGhae/tossinvest-cli/internal/riskbucket/fill.go:361.3,362.17 2 1
github.com/JungHoonGhae/tossinvest-cli/internal/riskbucket/fill.go:362.17,364.4 1 0
github.com/JungHoonGhae/tossinvest-cli/internal/riskbucket/fill.go:365.3,366.17 2 1
github.com/JungHoonGhae/tossinvest-cli/internal/riskbucket/fill.go:366.17,368.4 1 0
github.com/JungHoonGhae/tossinvest-cli/internal/riskbucket/fill.go:369.3,370.17 2 1
github.com/JungHoonGhae/tossinvest-cli/internal/riskbucket/fill.go:370.17,372.4 1 1
github.com/JungHoonGhae/tossinvest-cli/internal/riskbucket/fill.go:375.3,375.51 1 1
github.com/JungHoonGhae/tossinvest-cli/internal/riskbucket/fill.go:375.51,377.18 2 1
github.com/JungHoonGhae/tossinvest-cli/internal/riskbucket/fill.go:377.18,379.5 1 1
github.com/JungHoonGhae/tossinvest-cli/internal/riskbucket/fill.go:380.4,380.57 1 1
github.com/JungHoonGhae/tossinvest-cli/internal/riskbucket/fill.go:380.57,382.5 1 1
github.com/JungHoonGhae/tossinvest-cli/internal/riskbucket/fill.go:384.3,385.25 2 1
github.com/JungHoonGhae/tossinvest-cli/internal/riskbucket/fill.go:385.25,388.18 3 1
github.com/JungHoonGhae/tossinvest-cli/internal/riskbucket/fill.go:388.18,390.5 1 0
github.com/JungHoonGhae/tossinvest-cli/internal/riskbucket/fill.go:391.4,391.33 1 1
github.com/JungHoonGhae/tossinvest-cli/internal/riskbucket/fill.go:391.33,393.5 1 1
github.com/JungHoonGhae/tossinvest-cli/internal/riskbucket/fill.go:395.3,395.29 1 1
github.com/JungHoonGhae/tossinvest-cli/internal/riskbucket/fill.go:397.2,397.17 1 1
github.com/JungHoonGhae/tossinvest-cli/internal/riskbucket/fill.go:397.17,399.3 1 1
github.com/JungHoonGhae/tossinvest-cli/internal/riskbucket/fill.go:400.2,401.40 2 1
github.com/JungHoonGhae/tossinvest-cli/internal/riskbucket/fill.go:401.40,404.3 2 1
github.com/JungHoonGhae/tossinvest-cli/internal/riskbucket/fill.go:405.2,405.12 1 1
github.com/JungHoonGhae/tossinvest-cli/internal/riskbucket/fill.go:408.46,409.65 1 1
github.com/JungHoonGhae/tossinvest-cli/internal/riskbucket/fill.go:409.65,411.3 1 1
github.com/JungHoonGhae/tossinvest-cli/internal/riskbucket/fill.go:412.2,412.29 1 1
github.com/JungHoonGhae/tossinvest-cli/internal/riskbucket/fill.go:412.29,413.25 1 1
github.com/JungHoonGhae/tossinvest-cli/internal/riskbucket/fill.go:413.25,415.4 1 0
github.com/JungHoonGhae/tossinvest-cli/internal/riskbucket/fill.go:417.2,417.13 1 1
github.com/JungHoonGhae/tossinvest-cli/internal/riskbucket/fill.go:420.52,421.37 1 1
github.com/JungHoonGhae/tossinvest-cli/internal/riskbucket/fill.go:421.37,422.36 1 1
github.com/JungHoonGhae/tossinvest-cli/internal/riskbucket/fill.go:422.36,423.25 1 1
github.com/JungHoonGhae/tossinvest-cli/internal/riskbucket/fill.go:423.25,425.5 1 0
github.com/JungHoonGhae/tossinvest-cli/internal/riskbucket/fill.go:428.2,429.40 2 1
github.com/JungHoonGhae/tossinvest-cli/internal/riskbucket/fill.go:429.40,432.3 2 1
github.com/JungHoonGhae/tossinvest-cli/internal/riskbucket/fill.go:435.50,436.26 1 1
github.com/JungHoonGhae/tossinvest-cli/internal/riskbucket/fill.go:436.26,438.3 1 0
github.com/JungHoonGhae/tossinvest-cli/internal/riskbucket/fill.go:439.2,439.29 1 1
github.com/JungHoonGhae/tossinvest-cli/internal/riskbucket/fill.go:442.45,444.37 2 1
github.com/JungHoonGhae/tossinvest-cli/internal/riskbucket/fill.go:444.37,447.3 2 1
github.com/JungHoonGhae/tossinvest-cli/internal/riskbucket/fill.go:448.2,448.35 1 1
github.com/JungHoonGhae/tossinvest-cli/internal/riskbucket/fill.go:448.35,452.43 4 1
github.com/JungHoonGhae/tossinvest-cli/internal/riskbucket/fill.go:452.43,457.4 4 1
github.com/JungHoonGhae/tossinvest-cli/internal/riskbucket/fill.go:458.3,459.25 2 1
github.com/JungHoonGhae/tossinvest-cli/internal/riskbucket/fill.go:461.2,461.42 1 1
github.com/JungHoonGhae/tossinvest-cli/internal/riskbucket/fill.go:461.42,463.3 1 1
github.com/JungHoonGhae/tossinvest-cli/internal/riskbucket/fill.go:466.2,466.31 1 1
github.com/JungHoonGhae/tossinvest-cli/internal/riskbucket/fill.go:466.31,468.3 1 1
github.com/JungHoonGhae/tossinvest-cli/internal/riskbucket/fill.go:469.2,469.12 1 1
github.com/JungHoonGhae/tossinvest-cli/internal/riskbucket/fill.go:472.74,473.15 1 1
github.com/JungHoonGhae/tossinvest-cli/internal/riskbucket/fill.go:473.15,475.3 1 1
github.com/JungHoonGhae/tossinvest-cli/internal/riskbucket/fill.go:476.2,477.13 2 1
github.com/JungHoonGhae/tossinvest-cli/internal/riskbucket/fill.go:480.66,482.29 2 1
github.com/JungHoonGhae/tossinvest-cli/internal/riskbucket/fill.go:482.29,484.3 1 1
github.com/JungHoonGhae/tossinvest-cli/internal/riskbucket/fill.go:485.2,485.12 1 1
github.com/JungHoonGhae/tossinvest-cli/internal/riskbucket/fill.go:488.54,490.29 2 1
github.com/JungHoonGhae/tossinvest-cli/internal/riskbucket/fill.go:490.29,492.3 1 1
github.com/JungHoonGhae/tossinvest-cli/internal/riskbucket/fill.go:493.2,493.12 1 1
github.com/JungHoonGhae/tossinvest-cli/internal/riskbucket/fill.go:496.53,497.22 1 1
github.com/JungHoonGhae/tossinvest-cli/internal/riskbucket/fill.go:497.22,499.3 1 0
github.com/JungHoonGhae/tossinvest-cli/internal/riskbucket/fill.go:500.2,500.28 1 1
github.com/JungHoonGhae/tossinvest-cli/internal/riskbucket/fill.go:500.28,501.22 1 1
github.com/JungHoonGhae/tossinvest-cli/internal/riskbucket/fill.go:501.22,503.4 1 0
github.com/JungHoonGhae/tossinvest-cli/internal/riskbucket/fill.go:505.2,505.13 1 1
github.com/JungHoonGhae/tossinvest-cli/internal/riskbucket/fx_authority.go:13.112,15.16 2 1
github.com/JungHoonGhae/tossinvest-cli/internal/riskbucket/fx_authority.go:15.16,17.3 1 1
github.com/JungHoonGhae/tossinvest-cli/internal/riskbucket/fx_authority.go:18.2,27.72 3 0
github.com/JungHoonGhae/tossinvest-cli/internal/riskbucket/fx_authority.go:27.72,29.3 1 0
github.com/JungHoonGhae/tossinvest-cli/internal/riskbucket/fx_authority.go:30.2,30.20 1 0
github.com/JungHoonGhae/tossinvest-cli/internal/riskbucket/owner.go:33.95,36.114 2 1
github.com/JungHoonGhae/tossinvest-cli/internal/riskbucket/owner.go:36.114,38.3 1 0
github.com/JungHoonGhae/tossinvest-cli/internal/riskbucket/owner.go:39.2,40.20 2 1
github.com/JungHoonGhae/tossinvest-cli/internal/riskbucket/owner.go:40.20,42.3 1 1
github.com/JungHoonGhae/tossinvest-cli/internal/riskbucket/owner.go:43.2,43.21 1 1
github.com/JungHoonGhae/tossinvest-cli/internal/riskbucket/owner.go:43.21,45.88 2 1
github.com/JungHoonGhae/tossinvest-cli/internal/riskbucket/owner.go:45.88,47.4 1 1
github.com/JungHoonGhae/tossinvest-cli/internal/riskbucket/owner.go:48.3,48.99 1 1
github.com/JungHoonGhae/tossinvest-cli/internal/riskbucket/owner.go:50.2,51.54 2 1
github.com/JungHoonGhae/tossinvest-cli/internal/riskbucket/owner.go:54.104,56.36 2 1
github.com/JungHoonGhae/tossinvest-cli/internal/riskbucket/owner.go:56.36,58.3 1 1
github.com/JungHoonGhae/tossinvest-cli/internal/riskbucket/owner.go:59.2,60.13 2 1
github.com/JungHoonGhae/tossinvest-cli/internal/riskbucket/owner.go:60.13,62.3 1 0
github.com/JungHoonGhae/tossinvest-cli/internal/riskbucket/owner.go:63.2,63.28 1 1
github.com/JungHoonGhae/tossinvest-cli/internal/riskbucket/owner.go:63.28,65.3 1 0
github.com/JungHoonGhae/tossinvest-cli/internal/riskbucket/owner.go:66.2,66.80 1 1
github.com/JungHoonGhae/tossinvest-cli/internal/riskbucket/owner.go:66.80,68.3 1 1
github.com/JungHoonGhae/tossinvest-cli/internal/riskbucket/owner.go:69.2,71.18 3 1
github.com/JungHoonGhae/tossinvest-cli/internal/riskbucket/owner.go:110.117,113.20 3 1
github.com/JungHoonGhae/tossinvest-cli/internal/riskbucket/owner.go:113.20,115.3 1 1
github.com/JungHoonGhae/tossinvest-cli/internal/riskbucket/owner.go:116.2,117.32 2 1
github.com/JungHoonGhae/tossinvest-cli/internal/riskbucket/owner.go:117.32,119.3 1 1
github.com/JungHoonGhae/tossinvest-cli/internal/riskbucket/owner.go:120.2,120.13 1 1
github.com/JungHoonGhae/tossinvest-cli/internal/riskbucket/owner.go:120.13,122.3 1 0
github.com/JungHoonGhae/tossinvest-cli/internal/riskbucket/owner.go:123.2,124.87 1 1
github.com/JungHoonGhae/tossinvest-cli/internal/riskbucket/owner.go:124.87,126.3 1 1
github.com/JungHoonGhae/tossinvest-cli/internal/riskbucket/owner.go:127.2,127.69 1 1
github.com/JungHoonGhae/tossinvest-cli/internal/riskbucket/owner.go:127.69,129.3 1 1
github.com/JungHoonGhae/tossinvest-cli/internal/riskbucket/owner.go:130.2,131.16 2 1
github.com/JungHoonGhae/tossinvest-cli/internal/riskbucket/owner.go:131.16,133.3 1 0
github.com/JungHoonGhae/tossinvest-cli/internal/riskbucket/owner.go:134.2,134.12 1 1
github.com/JungHoonGhae/tossinvest-cli/internal/riskbucket/owner.go:134.12,136.3 1 1
github.com/JungHoonGhae/tossinvest-cli/internal/riskbucket/owner.go:137.2,138.54 2 1
github.com/JungHoonGhae/tossinvest-cli/internal/riskbucket/owner.go:141.61,143.32 2 1
github.com/JungHoonGhae/tossinvest-cli/internal/riskbucket/owner.go:143.32,144.102 1 1
github.com/JungHoonGhae/tossinvest-cli/internal/riskbucket/owner.go:144.102,146.4 1 1
github.com/JungHoonGhae/tossinvest-cli/internal/riskbucket/owner.go:148.2,148.14 1 1
github.com/JungHoonGhae/tossinvest-cli/internal/riskbucket/owner.go:151.76,152.30 1 1
github.com/JungHoonGhae/tossinvest-cli/internal/riskbucket/owner.go:152.30,154.3 1 1
github.com/JungHoonGhae/tossinvest-cli/internal/riskbucket/owner.go:155.2,155.36 1 1
github.com/JungHoonGhae/tossinvest-cli/internal/riskbucket/owner.go:155.36,157.3 1 1
github.com/JungHoonGhae/tossinvest-cli/internal/riskbucket/owner.go:158.2,158.27 1 1
github.com/JungHoonGhae/tossinvest-cli/internal/riskbucket/owner.go:158.27,160.3 1 1
github.com/JungHoonGhae/tossinvest-cli/internal/riskbucket/owner.go:161.2,162.16 2 1
github.com/JungHoonGhae/tossinvest-cli/internal/riskbucket/owner.go:162.16,164.3 1 0
github.com/JungHoonGhae/tossinvest-cli/internal/riskbucket/owner.go:165.2,165.22 1 1
github.com/JungHoonGhae/tossinvest-cli/internal/riskbucket/owner.go:165.22,167.3 1 1
github.com/JungHoonGhae/tossinvest-cli/internal/riskbucket/owner.go:168.2,168.32 1 1
github.com/JungHoonGhae/tossinvest-cli/internal/riskbucket/owner.go:168.32,170.3 1 1
github.com/JungHoonGhae/tossinvest-cli/internal/riskbucket/owner.go:171.2,171.34 1 1
github.com/JungHoonGhae/tossinvest-cli/internal/riskbucket/owner.go:171.34,173.3 1 1
github.com/JungHoonGhae/tossinvest-cli/internal/riskbucket/owner.go:174.2,184.31 2 1
github.com/JungHoonGhae/tossinvest-cli/internal/riskbucket/owner.go:184.31,185.32 1 1
github.com/JungHoonGhae/tossinvest-cli/internal/riskbucket/owner.go:185.32,187.4 1 1
github.com/JungHoonGhae/tossinvest-cli/internal/riskbucket/owner.go:189.2,189.22 1 1
github.com/JungHoonGhae/tossinvest-cli/internal/riskbucket/owner.go:192.48,194.36 2 1
github.com/JungHoonGhae/tossinvest-cli/internal/riskbucket/owner.go:194.36,196.3 1 1
github.com/JungHoonGhae/tossinvest-cli/internal/riskbucket/owner.go:197.2,197.12 1 1
github.com/JungHoonGhae/tossinvest-cli/internal/riskbucket/production_snapshot_authority.go:153.150,155.2 1 1
github.com/JungHoonGhae/tossinvest-cli/internal/riskbucket/production_snapshot_authority.go:157.57,158.16 1 1
github.com/JungHoonGhae/tossinvest-cli/internal/riskbucket/production_snapshot_authority.go:159.16,160.38 1 1
github.com/JungHoonGhae/tossinvest-cli/internal/riskbucket/production_snapshot_authority.go:161.16,162.38 1 1
github.com/JungHoonGhae/tossinvest-cli/internal/riskbucket/production_snapshot_authority.go:163.10,164.12 1 0
github.com/JungHoonGhae/tossinvest-cli/internal/riskbucket/production_snapshot_authority.go:170.172,171.46 1 1
github.com/JungHoonGhae/tossinvest-cli/internal/riskbucket/production_snapshot_authority.go:171.46,173.3 1 0
github.com/JungHoonGhae/tossinvest-cli/internal/riskbucket/production_snapshot_authority.go:174.2,174.34 1 1
github.com/JungHoonGhae/tossinvest-cli/internal/riskbucket/production_snapshot_authority.go:174.34,176.3 1 0
github.com/JungHoonGhae/tossinvest-cli/internal/riskbucket/production_snapshot_authority.go:178.2,178.38 1 1
github.com/JungHoonGhae/tossinvest-cli/internal/riskbucket/production_snapshot_authority.go:178.38,180.3 1 1
github.com/JungHoonGhae/tossinvest-cli/internal/riskbucket/production_snapshot_authority.go:181.2,186.86 4 1
github.com/JungHoonGhae/tossinvest-cli/internal/riskbucket/production_snapshot_authority.go:186.86,188.3 1 0
github.com/JungHoonGhae/tossinvest-cli/internal/riskbucket/production_snapshot_authority.go:189.2,190.71 2 1
github.com/JungHoonGhae/tossinvest-cli/internal/riskbucket/production_snapshot_authority.go:190.71,192.3 1 1
github.com/JungHoonGhae/tossinvest-cli/internal/riskbucket/production_snapshot_authority.go:193.2,194.65 2 1
github.com/JungHoonGhae/tossinvest-cli/internal/riskbucket/production_snapshot_authority.go:194.65,196.3 1 1
github.com/JungHoonGhae/tossinvest-cli/internal/riskbucket/production_snapshot_authority.go:198.2,199.16 2 1
github.com/JungHoonGhae/tossinvest-cli/internal/riskbucket/production_snapshot_authority.go:199.16,201.3 1 1
github.com/JungHoonGhae/tossinvest-cli/internal/riskbucket/production_snapshot_authority.go:202.2,203.16 2 1
github.com/JungHoonGhae/tossinvest-cli/internal/riskbucket/production_snapshot_authority.go:203.16,205.3 1 1
github.com/JungHoonGhae/tossinvest-cli/internal/riskbucket/production_snapshot_authority.go:206.2,208.33 3 1
github.com/JungHoonGhae/tossinvest-cli/internal/riskbucket/production_snapshot_authority.go:211.102,221.2 9 1
github.com/JungHoonGhae/tossinvest-cli/internal/riskbucket/production_snapshot_authority.go:223.84,224.68 1 1
github.com/JungHoonGhae/tossinvest-cli/internal/riskbucket/production_snapshot_authority.go:224.68,226.3 1 0
github.com/JungHoonGhae/tossinvest-cli/internal/riskbucket/production_snapshot_authority.go:227.2,230.50 4 1
github.com/JungHoonGhae/tossinvest-cli/internal/riskbucket/production_snapshot_authority.go:230.50,232.3 1 0
github.com/JungHoonGhae/tossinvest-cli/internal/riskbucket/production_snapshot_authority.go:233.2,233.55 1 1
github.com/JungHoonGhae/tossinvest-cli/internal/riskbucket/production_snapshot_authority.go:233.55,235.3 1 0
github.com/JungHoonGhae/tossinvest-cli/internal/riskbucket/production_snapshot_authority.go:236.2,237.49 2 1
github.com/JungHoonGhae/tossinvest-cli/internal/riskbucket/production_snapshot_authority.go:237.49,239.3 1 0
github.com/JungHoonGhae/tossinvest-cli/internal/riskbucket/production_snapshot_authority.go:240.2,240.22 1 1
github.com/JungHoonGhae/tossinvest-cli/internal/riskbucket/production_snapshot_authority.go:243.114,249.97 2 1
github.com/JungHoonGhae/tossinvest-cli/internal/riskbucket/production_snapshot_authority.go:249.97,251.3 1 1
github.com/JungHoonGhae/tossinvest-cli/internal/riskbucket/production_snapshot_authority.go:252.2,254.136 3 1
github.com/JungHoonGhae/tossinvest-cli/internal/riskbucket/production_snapshot_authority.go:254.136,256.3 1 0
github.com/JungHoonGhae/tossinvest-cli/internal/riskbucket/production_snapshot_authority.go:257.2,258.16 2 1
github.com/JungHoonGhae/tossinvest-cli/internal/riskbucket/production_snapshot_authority.go:258.16,260.3 1 0
github.com/JungHoonGhae/tossinvest-cli/internal/riskbucket/production_snapshot_authority.go:261.2,263.62 2 1
github.com/JungHoonGhae/tossinvest-cli/internal/riskbucket/production_snapshot_authority.go:266.76,268.73 2 1
github.com/JungHoonGhae/tossinvest-cli/internal/riskbucket/production_snapshot_authority.go:268.73,270.3 1 0
github.com/JungHoonGhae/tossinvest-cli/internal/riskbucket/production_snapshot_authority.go:271.2,271.95 1 1
github.com/JungHoonGhae/tossinvest-cli/internal/riskbucket/production_snapshot_authority.go:271.95,272.57 1 1
github.com/JungHoonGhae/tossinvest-cli/internal/riskbucket/production_snapshot_authority.go:272.57,274.4 1 0
github.com/JungHoonGhae/tossinvest-cli/internal/riskbucket/production_snapshot_authority.go:276.2,276.123 1 1
github.com/JungHoonGhae/tossinvest-cli/internal/riskbucket/production_snapshot_authority.go:276.123,277.49 1 1
github.com/JungHoonGhae/tossinvest-cli/internal/riskbucket/production_snapshot_authority.go:277.49,279.4 1 0
github.com/JungHoonGhae/tossinvest-cli/internal/riskbucket/production_snapshot_authority.go:281.2,281.89 1 1
github.com/JungHoonGhae/tossinvest-cli/internal/riskbucket/production_snapshot_authority.go:281.89,283.3 1 0
github.com/JungHoonGhae/tossinvest-cli/internal/riskbucket/production_snapshot_authority.go:284.2,288.40 3 1
github.com/JungHoonGhae/tossinvest-cli/internal/riskbucket/production_snapshot_authority.go:288.40,292.42 2 1
github.com/JungHoonGhae/tossinvest-cli/internal/riskbucket/production_snapshot_authority.go:292.42,294.4 1 0
github.com/JungHoonGhae/tossinvest-cli/internal/riskbucket/production_snapshot_authority.go:295.3,296.83 2 1
github.com/JungHoonGhae/tossinvest-cli/internal/riskbucket/production_snapshot_authority.go:296.83,298.4 1 1
github.com/JungHoonGhae/tossinvest-cli/internal/riskbucket/production_snapshot_authority.go:299.3,300.62 2 1
github.com/JungHoonGhae/tossinvest-cli/internal/riskbucket/production_snapshot_authority.go:300.62,302.4 1 0
github.com/JungHoonGhae/tossinvest-cli/internal/riskbucket/production_snapshot_authority.go:303.3,303.27 1 1
github.com/JungHoonGhae/tossinvest-cli/internal/riskbucket/production_snapshot_authority.go:305.2,306.37 2 1
github.com/JungHoonGhae/tossinvest-cli/internal/riskbucket/production_snapshot_authority.go:306.37,307.154 1 1
github.com/JungHoonGhae/tossinvest-cli/internal/riskbucket/production_snapshot_authority.go:307.154,309.4 1 0
github.com/JungHoonGhae/tossinvest-cli/internal/riskbucket/production_snapshot_authority.go:310.3,310.68 1 1
github.com/JungHoonGhae/tossinvest-cli/internal/riskbucket/production_snapshot_authority.go:310.68,312.4 1 0
github.com/JungHoonGhae/tossinvest-cli/internal/riskbucket/production_snapshot_authority.go:313.3,313.68 1 1
github.com/JungHoonGhae/tossinvest-cli/internal/riskbucket/production_snapshot_authority.go:313.68,315.4 1 0
github.com/JungHoonGhae/tossinvest-cli/internal/riskbucket/production_snapshot_authority.go:316.3,316.31 1 1
github.com/JungHoonGhae/tossinvest-cli/internal/riskbucket/production_snapshot_authority.go:318.2,318.13 1 1
github.com/JungHoonGhae/tossinvest-cli/internal/riskbucket/production_snapshot_authority.go:321.198,326.143 2 1
github.com/JungHoonGhae/tossinvest-cli/internal/riskbucket/production_snapshot_authority.go:326.143,328.3 1 1
github.com/JungHoonGhae/tossinvest-cli/internal/riskbucket/production_snapshot_authority.go:329.2,330.57 2 1
github.com/JungHoonGhae/tossinvest-cli/internal/riskbucket/production_snapshot_authority.go:330.57,332.3 1 1
github.com/JungHoonGhae/tossinvest-cli/internal/riskbucket/production_snapshot_authority.go:333.2,334.9 2 1
github.com/JungHoonGhae/tossinvest-cli/internal/riskbucket/production_snapshot_authority.go:334.9,336.3 1 0
github.com/JungHoonGhae/tossinvest-cli/internal/riskbucket/production_snapshot_authority.go:337.2,338.9 2 1
github.com/JungHoonGhae/tossinvest-cli/internal/riskbucket/production_snapshot_authority.go:338.9,341.3 1 0
github.com/JungHoonGhae/tossinvest-cli/internal/riskbucket/production_snapshot_authority.go:342.2,348.82 5 1
github.com/JungHoonGhae/tossinvest-cli/internal/riskbucket/production_snapshot_authority.go:348.82,350.3 1 0
github.com/JungHoonGhae/tossinvest-cli/internal/riskbucket/production_snapshot_authority.go:351.2,352.16 2 1
github.com/JungHoonGhae/tossinvest-cli/internal/riskbucket/production_snapshot_authority.go:352.16,354.3 1 0
github.com/JungHoonGhae/tossinvest-cli/internal/riskbucket/production_snapshot_authority.go:355.2,359.74 5 1
github.com/JungHoonGhae/tossinvest-cli/internal/riskbucket/production_snapshot_authority.go:359.74,361.3 1 0
github.com/JungHoonGhae/tossinvest-cli/internal/riskbucket/production_snapshot_authority.go:362.2,377.73 6 1
github.com/JungHoonGhae/tossinvest-cli/internal/riskbucket/production_snapshot_authority.go:377.73,379.3 1 0
github.com/JungHoonGhae/tossinvest-cli/internal/riskbucket/production_snapshot_authority.go:380.2,382.47 2 1
github.com/JungHoonGhae/tossinvest-cli/internal/riskbucket/production_snapshot_authority.go:382.47,383.82 1 1
github.com/JungHoonGhae/tossinvest-cli/internal/riskbucket/production_snapshot_authority.go:383.82,385.4 1 0
github.com/JungHoonGhae/tossinvest-cli/internal/riskbucket/production_snapshot_authority.go:387.2,387.36 1 1
github.com/JungHoonGhae/tossinvest-cli/internal/riskbucket/production_snapshot_authority.go:390.244,392.9 2 1
github.com/JungHoonGhae/tossinvest-cli/internal/riskbucket/production_snapshot_authority.go:392.9,394.3 1 0
github.com/JungHoonGhae/tossinvest-cli/internal/riskbucket/production_snapshot_authority.go:395.2,395.85 1 1
github.com/JungHoonGhae/tossinvest-cli/internal/riskbucket/production_snapshot_authority.go:395.85,397.3 1 0
github.com/JungHoonGhae/tossinvest-cli/internal/riskbucket/production_snapshot_authority.go:398.2,404.16 7 1
github.com/JungHoonGhae/tossinvest-cli/internal/riskbucket/production_snapshot_authority.go:404.16,406.3 1 0
github.com/JungHoonGhae/tossinvest-cli/internal/riskbucket/production_snapshot_authority.go:407.2,409.44 3 1
github.com/JungHoonGhae/tossinvest-cli/internal/riskbucket/production_snapshot_authority.go:409.44,411.3 1 0
github.com/JungHoonGhae/tossinvest-cli/internal/riskbucket/production_snapshot_authority.go:414.2,415.16 2 1
github.com/JungHoonGhae/tossinvest-cli/internal/riskbucket/production_snapshot_authority.go:415.16,417.3 1 0
github.com/JungHoonGhae/tossinvest-cli/internal/riskbucket/production_snapshot_authority.go:418.2,422.86 3 1
github.com/JungHoonGhae/tossinvest-cli/internal/riskbucket/production_snapshot_authority.go:422.86,424.3 1 0
github.com/JungHoonGhae/tossinvest-cli/internal/riskbucket/production_snapshot_authority.go:425.2,425.43 1 1
github.com/JungHoonGhae/tossinvest-cli/internal/riskbucket/production_snapshot_authority.go:425.43,427.3 1 1
github.com/JungHoonGhae/tossinvest-cli/internal/riskbucket/production_snapshot_authority.go:428.2,428.43 1 1
github.com/JungHoonGhae/tossinvest-cli/internal/riskbucket/production_snapshot_authority.go:428.43,430.3 1 1
github.com/JungHoonGhae/tossinvest-cli/internal/riskbucket/production_snapshot_authority.go:433.2,433.90 1 1
github.com/JungHoonGhae/tossinvest-cli/internal/riskbucket/production_snapshot_authority.go:433.90,435.17 2 1
github.com/JungHoonGhae/tossinvest-cli/internal/riskbucket/production_snapshot_authority.go:435.17,437.4 1 1
github.com/JungHoonGhae/tossinvest-cli/internal/riskbucket/production_snapshot_authority.go:438.3,438.19 1 1
github.com/JungHoonGhae/tossinvest-cli/internal/riskbucket/production_snapshot_authority.go:440.2,442.150 2 1
github.com/JungHoonGhae/tossinvest-cli/internal/riskbucket/production_snapshot_authority.go:442.150,444.3 1 0
github.com/JungHoonGhae/tossinvest-cli/internal/riskbucket/production_snapshot_authority.go:445.2,445.23 1 1
github.com/JungHoonGhae/tossinvest-cli/internal/riskbucket/production_snapshot_authority.go:445.23,447.3 1 1
github.com/JungHoonGhae/tossinvest-cli/internal/riskbucket/production_snapshot_authority.go:448.2,455.78 6 1
github.com/JungHoonGhae/tossinvest-cli/internal/riskbucket/production_snapshot_authority.go:455.78,457.3 1 0
github.com/JungHoonGhae/tossinvest-cli/internal/riskbucket/production_snapshot_authority.go:458.2,459.47 2 1
github.com/JungHoonGhae/tossinvest-cli/internal/riskbucket/production_snapshot_authority.go:459.47,461.17 2 1
github.com/JungHoonGhae/tossinvest-cli/internal/riskbucket/production_snapshot_authority.go:461.17,463.4 1 0
github.com/JungHoonGhae/tossinvest-cli/internal/riskbucket/production_snapshot_authority.go:465.3,465.20 1 1
github.com/JungHoonGhae/tossinvest-cli/internal/riskbucket/production_snapshot_authority.go:465.20,467.4 1 1
github.com/JungHoonGhae/tossinvest-cli/internal/riskbucket/production_snapshot_authority.go:468.3,475.17 6 1
github.com/JungHoonGhae/tossinvest-cli/internal/riskbucket/production_snapshot_authority.go:475.17,477.4 1 0
github.com/JungHoonGhae/tossinvest-cli/internal/riskbucket/production_snapshot_authority.go:478.3,485.17 6 1
github.com/JungHoonGhae/tossinvest-cli/internal/riskbucket/production_snapshot_authority.go:485.17,487.4 1 0
github.com/JungHoonGhae/tossinvest-cli/internal/riskbucket/production_snapshot_authority.go:488.3,494.17 4 1
github.com/JungHoonGhae/tossinvest-cli/internal/riskbucket/production_snapshot_authority.go:494.17,496.4 1 0
github.com/JungHoonGhae/tossinvest-cli/internal/riskbucket/production_snapshot_authority.go:497.3,497.35 1 1
github.com/JungHoonGhae/tossinvest-cli/internal/riskbucket/production_snapshot_authority.go:499.2,499.21 1 1
github.com/JungHoonGhae/tossinvest-cli/internal/riskbucket/production_snapshot_authority.go:523.145,525.16 2 1
github.com/JungHoonGhae/tossinvest-cli/internal/riskbucket/production_snapshot_authority.go:525.16,527.3 1 0
github.com/JungHoonGhae/tossinvest-cli/internal/riskbucket/production_snapshot_authority.go:528.2,528.43 1 1
github.com/JungHoonGhae/tossinvest-cli/internal/riskbucket/production_snapshot_authority.go:531.153,535.16 2 1
github.com/JungHoonGhae/tossinvest-cli/internal/riskbucket/production_snapshot_authority.go:535.16,537.3 1 0
github.com/JungHoonGhae/tossinvest-cli/internal/riskbucket/production_snapshot_authority.go:538.2,540.18 3 1
github.com/JungHoonGhae/tossinvest-cli/internal/riskbucket/production_snapshot_authority.go:540.18,544.143 2 1
github.com/JungHoonGhae/tossinvest-cli/internal/riskbucket/production_snapshot_authority.go:544.143,546.4 1 0
github.com/JungHoonGhae/tossinvest-cli/internal/riskbucket/production_snapshot_authority.go:547.3,547.31 1 1
github.com/JungHoonGhae/tossinvest-cli/internal/riskbucket/production_snapshot_authority.go:549.2,549.27 1 1
github.com/JungHoonGhae/tossinvest-cli/internal/riskbucket/production_snapshot_authority.go:552.94,556.27 4 1
github.com/JungHoonGhae/tossinvest-cli/internal/riskbucket/production_snapshot_authority.go:556.27,562.83 3 1
github.com/JungHoonGhae/tossinvest-cli/internal/riskbucket/production_snapshot_authority.go:562.83,564.4 1 0
github.com/JungHoonGhae/tossinvest-cli/internal/riskbucket/production_snapshot_authority.go:568.3,568.85 1 1
github.com/JungHoonGhae/tossinvest-cli/internal/riskbucket/production_snapshot_authority.go:568.85,570.4 1 1
github.com/JungHoonGhae/tossinvest-cli/internal/riskbucket/production_snapshot_authority.go:571.3,571.150 1 1
github.com/JungHoonGhae/tossinvest-cli/internal/riskbucket/production_snapshot_authority.go:571.150,573.4 1 1
github.com/JungHoonGhae/tossinvest-cli/internal/riskbucket/production_snapshot_authority.go:575.3,580.16 5 1
github.com/JungHoonGhae/tossinvest-cli/internal/riskbucket/production_snapshot_authority.go:580.16,583.4 2 1
github.com/JungHoonGhae/tossinvest-cli/internal/riskbucket/production_snapshot_authority.go:584.3,584.51 1 1
github.com/JungHoonGhae/tossinvest-cli/internal/riskbucket/production_snapshot_authority.go:584.51,586.4 1 0
github.com/JungHoonGhae/tossinvest-cli/internal/riskbucket/production_snapshot_authority.go:587.3,588.107 1 1
github.com/JungHoonGhae/tossinvest-cli/internal/riskbucket/production_snapshot_authority.go:590.2,591.145 1 1
github.com/JungHoonGhae/tossinvest-cli/internal/riskbucket/production_snapshot_authority.go:594.155,597.31 3 1
github.com/JungHoonGhae/tossinvest-cli/internal/riskbucket/production_snapshot_authority.go:597.31,598.93 1 1
github.com/JungHoonGhae/tossinvest-cli/internal/riskbucket/production_snapshot_authority.go:598.93,600.4 1 1
github.com/JungHoonGhae/tossinvest-cli/internal/riskbucket/production_snapshot_authority.go:602.2,602.101 1 1
github.com/JungHoonGhae/tossinvest-cli/internal/riskbucket/production_snapshot_authority.go:605.119,608.31 3 1
github.com/JungHoonGhae/tossinvest-cli/internal/riskbucket/production_snapshot_authority.go:608.31,609.29 1 1
github.com/JungHoonGhae/tossinvest-cli/internal/riskbucket/production_snapshot_authority.go:609.29,611.4 1 1
github.com/JungHoonGhae/tossinvest-cli/internal/riskbucket/production_snapshot_authority.go:613.2,613.61 1 1
github.com/JungHoonGhae/tossinvest-cli/internal/riskbucket/production_snapshot_authority.go:616.64,619.2 2 1
github.com/JungHoonGhae/tossinvest-cli/internal/riskbucket/production_snapshot_authority.go:621.56,622.24 1 1
github.com/JungHoonGhae/tossinvest-cli/internal/riskbucket/production_snapshot_authority.go:622.24,624.3 1 1
github.com/JungHoonGhae/tossinvest-cli/internal/riskbucket/production_snapshot_authority.go:625.2,625.24 1 1
github.com/JungHoonGhae/tossinvest-cli/internal/riskbucket/production_snapshot_authority.go:625.24,627.3 1 1
github.com/JungHoonGhae/tossinvest-cli/internal/riskbucket/production_snapshot_authority.go:628.2,628.11 1 0
github.com/JungHoonGhae/tossinvest-cli/internal/riskbucket/production_snapshot_authority.go:631.50,632.24 1 1
github.com/JungHoonGhae/tossinvest-cli/internal/riskbucket/production_snapshot_authority.go:632.24,634.3 1 1
github.com/JungHoonGhae/tossinvest-cli/internal/riskbucket/production_snapshot_authority.go:635.2,635.10 1 1
github.com/JungHoonGhae/tossinvest-cli/internal/riskbucket/production_snapshot_authority.go:638.45,639.123 1 1
github.com/JungHoonGhae/tossinvest-cli/internal/riskbucket/production_snapshot_authority.go:639.123,641.3 1 0
github.com/JungHoonGhae/tossinvest-cli/internal/riskbucket/production_snapshot_authority.go:642.2,643.50 2 1
github.com/JungHoonGhae/tossinvest-cli/internal/riskbucket/production_snapshot_authority.go:646.47,649.2 2 1
github.com/JungHoonGhae/tossinvest-cli/internal/riskbucket/production_snapshot_authority.go:651.62,652.41 1 1
github.com/JungHoonGhae/tossinvest-cli/internal/riskbucket/production_snapshot_authority.go:652.41,652.79 1 1
github.com/JungHoonGhae/tossinvest-cli/internal/riskbucket/production_snapshot_authority.go:653.2,653.30 1 1
github.com/JungHoonGhae/tossinvest-cli/internal/riskbucket/production_snapshot_authority.go:656.64,657.41 1 1
github.com/JungHoonGhae/tossinvest-cli/internal/riskbucket/production_snapshot_authority.go:657.41,657.79 1 1
github.com/JungHoonGhae/tossinvest-cli/internal/riskbucket/production_snapshot_authority.go:658.2,658.18 1 1
github.com/JungHoonGhae/tossinvest-cli/internal/riskbucket/production_snapshot_owner_linux.go:10.61,12.9 2 1
github.com/JungHoonGhae/tossinvest-cli/internal/riskbucket/production_snapshot_owner_linux.go:12.9,14.3 1 0
github.com/JungHoonGhae/tossinvest-cli/internal/riskbucket/production_snapshot_owner_linux.go:15.2,15.23 1 1
github.com/JungHoonGhae/tossinvest-cli/internal/riskbucket/production_snapshot_owner_unix.go:10.46,10.83 1 1
github.com/JungHoonGhae/tossinvest-cli/internal/riskbucket/production_snapshot_owner_unix.go:12.105,14.115 2 1
github.com/JungHoonGhae/tossinvest-cli/internal/riskbucket/production_snapshot_owner_unix.go:14.115,16.3 1 1
github.com/JungHoonGhae/tossinvest-cli/internal/riskbucket/production_snapshot_owner_unix.go:17.2,18.74 2 1
github.com/JungHoonGhae/tossinvest-cli/internal/riskbucket/production_snapshot_owner_unix.go:18.74,20.3 1 0
github.com/JungHoonGhae/tossinvest-cli/internal/riskbucket/production_snapshot_owner_unix.go:21.2,22.16 2 1
github.com/JungHoonGhae/tossinvest-cli/internal/riskbucket/production_snapshot_owner_unix.go:22.16,24.3 1 0
github.com/JungHoonGhae/tossinvest-cli/internal/riskbucket/production_snapshot_owner_unix.go:25.2,27.80 3 1
github.com/JungHoonGhae/tossinvest-cli/internal/riskbucket/production_snapshot_owner_unix.go:27.80,29.3 1 0
github.com/JungHoonGhae/tossinvest-cli/internal/riskbucket/production_snapshot_owner_unix.go:30.2,31.46 2 1
github.com/JungHoonGhae/tossinvest-cli/internal/riskbucket/production_snapshot_owner_unix.go:31.46,33.3 1 0
github.com/JungHoonGhae/tossinvest-cli/internal/riskbucket/production_snapshot_owner_unix.go:34.2,35.47 2 1
github.com/JungHoonGhae/tossinvest-cli/internal/riskbucket/production_snapshot_owner_unix.go:35.47,37.3 1 0
github.com/JungHoonGhae/tossinvest-cli/internal/riskbucket/production_snapshot_owner_unix.go:38.2,38.18 1 1
github.com/JungHoonGhae/tossinvest-cli/internal/riskbucket/production_snapshot_owner_unix.go:41.73,43.110 2 1
github.com/JungHoonGhae/tossinvest-cli/internal/riskbucket/production_snapshot_owner_unix.go:43.110,45.3 1 0
github.com/JungHoonGhae/tossinvest-cli/internal/riskbucket/production_snapshot_owner_unix.go:46.2,47.25 2 1
github.com/JungHoonGhae/tossinvest-cli/internal/riskbucket/production_snapshot_owner_unix.go:47.25,49.3 1 0
github.com/JungHoonGhae/tossinvest-cli/internal/riskbucket/production_snapshot_owner_unix.go:50.2,50.12 1 1
github.com/JungHoonGhae/tossinvest-cli/internal/riskbucket/reserve.go:39.78,40.19 1 1
github.com/JungHoonGhae/tossinvest-cli/internal/riskbucket/reserve.go:40.19,42.3 1 1
github.com/JungHoonGhae/tossinvest-cli/internal/riskbucket/reserve.go:43.2,44.16 2 1
github.com/JungHoonGhae/tossinvest-cli/internal/riskbucket/reserve.go:44.16,46.3 1 1
github.com/JungHoonGhae/tossinvest-cli/internal/riskbucket/reserve.go:47.2,52.56 6 1
github.com/JungHoonGhae/tossinvest-cli/internal/riskbucket/reserve.go:52.56,54.3 1 0
github.com/JungHoonGhae/tossinvest-cli/internal/riskbucket/reserve.go:55.2,57.29 3 1
github.com/JungHoonGhae/tossinvest-cli/internal/riskbucket/reserve.go:57.29,59.3 1 1
github.com/JungHoonGhae/tossinvest-cli/internal/riskbucket/reserve.go:60.2,60.51 1 1
github.com/JungHoonGhae/tossinvest-cli/internal/riskbucket/reserve.go:60.51,62.3 1 0
github.com/JungHoonGhae/tossinvest-cli/internal/riskbucket/reserve.go:63.2,64.53 2 1
github.com/JungHoonGhae/tossinvest-cli/internal/riskbucket/reserve.go:64.53,66.3 1 0
github.com/JungHoonGhae/tossinvest-cli/internal/riskbucket/reserve.go:67.2,68.16 2 1
github.com/JungHoonGhae/tossinvest-cli/internal/riskbucket/reserve.go:68.16,70.3 1 0
github.com/JungHoonGhae/tossinvest-cli/internal/riskbucket/reserve.go:71.2,71.28 1 1
github.com/JungHoonGhae/tossinvest-cli/internal/riskbucket/reserve.go:74.125,76.64 2 1
github.com/JungHoonGhae/tossinvest-cli/internal/riskbucket/reserve.go:76.64,79.3 2 0
github.com/JungHoonGhae/tossinvest-cli/internal/riskbucket/reserve.go:80.2,80.56 1 1
github.com/JungHoonGhae/tossinvest-cli/internal/riskbucket/reserve.go:80.56,83.3 2 1
github.com/JungHoonGhae/tossinvest-cli/internal/riskbucket/reserve.go:84.2,85.21 2 1
github.com/JungHoonGhae/tossinvest-cli/internal/riskbucket/reserve.go:85.21,86.46 1 1
github.com/JungHoonGhae/tossinvest-cli/internal/riskbucket/reserve.go:86.46,89.4 2 1
github.com/JungHoonGhae/tossinvest-cli/internal/riskbucket/reserve.go:90.3,91.9 2 0
github.com/JungHoonGhae/tossinvest-cli/internal/riskbucket/reserve.go:93.2,93.53 1 1
github.com/JungHoonGhae/tossinvest-cli/internal/riskbucket/reserve.go:93.53,96.3 2 1
github.com/JungHoonGhae/tossinvest-cli/internal/riskbucket/reserve.go:97.2,98.21 2 1
github.com/JungHoonGhae/tossinvest-cli/internal/riskbucket/reserve.go:98.21,99.46 1 0
github.com/JungHoonGhae/tossinvest-cli/internal/riskbucket/reserve.go:99.46,102.4 2 0
github.com/JungHoonGhae/tossinvest-cli/internal/riskbucket/reserve.go:103.3,104.9 2 0
github.com/JungHoonGhae/tossinvest-cli/internal/riskbucket/reserve.go:106.2,107.21 2 1
github.com/JungHoonGhae/tossinvest-cli/internal/riskbucket/reserve.go:107.21,108.46 1 0
github.com/JungHoonGhae/tossinvest-cli/internal/riskbucket/reserve.go:108.46,111.4 2 0
github.com/JungHoonGhae/tossinvest-cli/internal/riskbucket/reserve.go:112.3,113.9 2 0
github.com/JungHoonGhae/tossinvest-cli/internal/riskbucket/reserve.go:115.2,115.39 1 1
github.com/JungHoonGhae/tossinvest-cli/internal/riskbucket/reserve.go:115.39,118.3 2 1
github.com/JungHoonGhae/tossinvest-cli/internal/riskbucket/reserve.go:119.2,119.125 1 1
github.com/JungHoonGhae/tossinvest-cli/internal/riskbucket/reserve.go:119.125,122.3 2 1
github.com/JungHoonGhae/tossinvest-cli/internal/riskbucket/reserve.go:123.2,123.57 1 1
github.com/JungHoonGhae/tossinvest-cli/internal/riskbucket/reserve.go:123.57,126.3 2 1
github.com/JungHoonGhae/tossinvest-cli/internal/riskbucket/reserve.go:127.2,128.21 2 1
github.com/JungHoonGhae/tossinvest-cli/internal/riskbucket/reserve.go:128.21,129.46 1 0
github.com/JungHoonGhae/tossinvest-cli/internal/riskbucket/reserve.go:129.46,132.4 2 0
github.com/JungHoonGhae/tossinvest-cli/internal/riskbucket/reserve.go:133.3,134.9 2 0
github.com/JungHoonGhae/tossinvest-cli/internal/riskbucket/reserve.go:136.2,137.21 2 1
github.com/JungHoonGhae/tossinvest-cli/internal/riskbucket/reserve.go:137.21,138.46 1 0
github.com/JungHoonGhae/tossinvest-cli/internal/riskbucket/reserve.go:138.46,141.4 2 0
github.com/JungHoonGhae/tossinvest-cli/internal/riskbucket/reserve.go:142.3,143.9 2 0
github.com/JungHoonGhae/tossinvest-cli/internal/riskbucket/reserve.go:145.2,146.21 2 1
github.com/JungHoonGhae/tossinvest-cli/internal/riskbucket/reserve.go:146.21,147.46 1 0
github.com/JungHoonGhae/tossinvest-cli/internal/riskbucket/reserve.go:147.46,150.4 2 0
github.com/JungHoonGhae/tossinvest-cli/internal/riskbucket/reserve.go:151.3,152.9 2 0
github.com/JungHoonGhae/tossinvest-cli/internal/riskbucket/reserve.go:154.2,154.8 1 1
github.com/JungHoonGhae/tossinvest-cli/internal/riskbucket/reserve.go:157.102,159.16 2 1
github.com/JungHoonGhae/tossinvest-cli/internal/riskbucket/reserve.go:159.16,161.3 1 0
github.com/JungHoonGhae/tossinvest-cli/internal/riskbucket/reserve.go:162.2,162.21 1 1
github.com/JungHoonGhae/tossinvest-cli/internal/riskbucket/reserve.go:162.21,164.3 1 0
github.com/JungHoonGhae/tossinvest-cli/internal/riskbucket/reserve.go:165.2,165.72 1 1
github.com/JungHoonGhae/tossinvest-cli/internal/riskbucket/reserve.go:165.72,167.3 1 0
github.com/JungHoonGhae/tossinvest-cli/internal/riskbucket/reserve.go:168.2,170.17 3 1
github.com/JungHoonGhae/tossinvest-cli/internal/riskbucket/reserve.go:170.17,172.17 2 1
github.com/JungHoonGhae/tossinvest-cli/internal/riskbucket/reserve.go:172.17,174.4 1 1
github.com/JungHoonGhae/tossinvest-cli/internal/riskbucket/reserve.go:175.3,176.17 2 1
github.com/JungHoonGhae/tossinvest-cli/internal/riskbucket/reserve.go:176.17,178.4 1 0
github.com/JungHoonGhae/tossinvest-cli/internal/riskbucket/reserve.go:179.3,180.10 2 1
github.com/JungHoonGhae/tossinvest-cli/internal/riskbucket/reserve.go:180.10,182.4 1 0
github.com/JungHoonGhae/tossinvest-cli/internal/riskbucket/reserve.go:183.3,183.39 1 1
github.com/JungHoonGhae/tossinvest-cli/internal/riskbucket/reserve.go:183.39,185.4 1 1
github.com/JungHoonGhae/tossinvest-cli/internal/riskbucket/reserve.go:185.9,187.4 1 1
github.com/JungHoonGhae/tossinvest-cli/internal/riskbucket/reserve.go:189.2,189.17 1 1
github.com/JungHoonGhae/tossinvest-cli/internal/riskbucket/snapshot_authority_bundle.go:85.79,87.2 1 1
github.com/JungHoonGhae/tossinvest-cli/internal/riskbucket/snapshot_authority_bundle.go:89.104,91.2 1 1
github.com/JungHoonGhae/tossinvest-cli/internal/riskbucket/snapshot_authority_bundle.go:93.128,94.34 1 1
github.com/JungHoonGhae/tossinvest-cli/internal/riskbucket/snapshot_authority_bundle.go:94.34,96.3 1 1
github.com/JungHoonGhae/tossinvest-cli/internal/riskbucket/snapshot_authority_bundle.go:97.2,97.33 1 1
github.com/JungHoonGhae/tossinvest-cli/internal/riskbucket/snapshot_authority_bundle.go:97.33,99.3 1 1
github.com/JungHoonGhae/tossinvest-cli/internal/riskbucket/snapshot_authority_bundle.go:100.2,100.57 1 1
github.com/JungHoonGhae/tossinvest-cli/internal/riskbucket/snapshot_authority_bundle.go:100.57,102.3 1 1
github.com/JungHoonGhae/tossinvest-cli/internal/riskbucket/snapshot_authority_bundle.go:103.2,104.16 2 1
github.com/JungHoonGhae/tossinvest-cli/internal/riskbucket/snapshot_authority_bundle.go:104.16,106.3 1 1
github.com/JungHoonGhae/tossinvest-cli/internal/riskbucket/snapshot_authority_bundle.go:107.2,107.34 1 1
github.com/JungHoonGhae/tossinvest-cli/internal/riskbucket/snapshot_authority_bundle.go:107.34,109.3 1 0
github.com/JungHoonGhae/tossinvest-cli/internal/riskbucket/snapshot_authority_bundle.go:110.2,110.57 1 1
github.com/JungHoonGhae/tossinvest-cli/internal/riskbucket/snapshot_authority_bundle.go:124.64,124.82 1 1
github.com/JungHoonGhae/tossinvest-cli/internal/riskbucket/snapshot_authority_bundle.go:126.61,126.80 1 1
github.com/JungHoonGhae/tossinvest-cli/internal/riskbucket/snapshot_authority_bundle.go:128.54,128.73 1 1
github.com/JungHoonGhae/tossinvest-cli/internal/riskbucket/snapshot_authority_bundle.go:130.58,130.81 1 0
github.com/JungHoonGhae/tossinvest-cli/internal/riskbucket/snapshot_authority_bundle.go:132.77,134.27 2 1
github.com/JungHoonGhae/tossinvest-cli/internal/riskbucket/snapshot_authority_bundle.go:134.27,136.3 1 1
github.com/JungHoonGhae/tossinvest-cli/internal/riskbucket/snapshot_authority_bundle.go:137.2,137.12 1 1
github.com/JungHoonGhae/tossinvest-cli/internal/riskbucket/snapshot_authority_bundle.go:140.78,141.57 1 1
github.com/JungHoonGhae/tossinvest-cli/internal/riskbucket/snapshot_authority_bundle.go:141.57,143.3 1 0
github.com/JungHoonGhae/tossinvest-cli/internal/riskbucket/snapshot_authority_bundle.go:144.2,144.44 1 1
github.com/JungHoonGhae/tossinvest-cli/internal/riskbucket/snapshot_authority_bundle.go:144.44,146.3 1 1
github.com/JungHoonGhae/tossinvest-cli/internal/riskbucket/snapshot_authority_bundle.go:147.2,152.16 3 1
github.com/JungHoonGhae/tossinvest-cli/internal/riskbucket/snapshot_authority_bundle.go:152.16,154.3 1 0
github.com/JungHoonGhae/tossinvest-cli/internal/riskbucket/snapshot_authority_bundle.go:155.2,156.16 2 1
github.com/JungHoonGhae/tossinvest-cli/internal/riskbucket/snapshot_authority_bundle.go:156.16,158.3 1 0
github.com/JungHoonGhae/tossinvest-cli/internal/riskbucket/snapshot_authority_bundle.go:159.2,159.42 1 1
github.com/JungHoonGhae/tossinvest-cli/internal/riskbucket/snapshot_authority_bundle.go:159.42,161.3 1 1
github.com/JungHoonGhae/tossinvest-cli/internal/riskbucket/snapshot_authority_bundle.go:162.2,162.12 1 1
github.com/JungHoonGhae/tossinvest-cli/internal/riskbucket/snapshot_authority_bundle.go:165.140,167.16 2 1
github.com/JungHoonGhae/tossinvest-cli/internal/riskbucket/snapshot_authority_bundle.go:167.16,169.3 1 1
github.com/JungHoonGhae/tossinvest-cli/internal/riskbucket/snapshot_authority_bundle.go:170.2,171.16 2 1
github.com/JungHoonGhae/tossinvest-cli/internal/riskbucket/snapshot_authority_bundle.go:171.16,173.3 1 0
github.com/JungHoonGhae/tossinvest-cli/internal/riskbucket/snapshot_authority_bundle.go:174.2,176.20 3 1
github.com/JungHoonGhae/tossinvest-cli/internal/riskbucket/snapshot_authority_bundle.go:179.155,180.115 1 1
github.com/JungHoonGhae/tossinvest-cli/internal/riskbucket/snapshot_authority_bundle.go:180.115,182.3 1 1
github.com/JungHoonGhae/tossinvest-cli/internal/riskbucket/snapshot_authority_bundle.go:183.2,184.50 1 1
github.com/JungHoonGhae/tossinvest-cli/internal/riskbucket/snapshot_authority_bundle.go:184.50,186.3 1 1
github.com/JungHoonGhae/tossinvest-cli/internal/riskbucket/snapshot_authority_bundle.go:187.2,187.81 1 1
github.com/JungHoonGhae/tossinvest-cli/internal/riskbucket/snapshot_authority_bundle.go:187.81,189.3 1 1
github.com/JungHoonGhae/tossinvest-cli/internal/riskbucket/snapshot_authority_bundle.go:191.2,192.16 2 1
github.com/JungHoonGhae/tossinvest-cli/internal/riskbucket/snapshot_authority_bundle.go:192.16,194.3 1 1
github.com/JungHoonGhae/tossinvest-cli/internal/riskbucket/snapshot_authority_bundle.go:195.2,196.16 2 1
github.com/JungHoonGhae/tossinvest-cli/internal/riskbucket/snapshot_authority_bundle.go:196.16,198.3 1 1
github.com/JungHoonGhae/tossinvest-cli/internal/riskbucket/snapshot_authority_bundle.go:199.2,199.86 1 1
github.com/JungHoonGhae/tossinvest-cli/internal/riskbucket/snapshot_authority_bundle.go:202.153,205.32 3 1
github.com/JungHoonGhae/tossinvest-cli/internal/riskbucket/snapshot_authority_bundle.go:205.32,207.73 2 1
github.com/JungHoonGhae/tossinvest-cli/internal/riskbucket/snapshot_authority_bundle.go:207.73,209.4 1 1
github.com/JungHoonGhae/tossinvest-cli/internal/riskbucket/snapshot_authority_bundle.go:210.3,210.50 1 1
github.com/JungHoonGhae/tossinvest-cli/internal/riskbucket/snapshot_authority_bundle.go:212.2,212.34 1 1
github.com/JungHoonGhae/tossinvest-cli/internal/riskbucket/snapshot_authority_bundle.go:215.196,218.33 3 1
github.com/JungHoonGhae/tossinvest-cli/internal/riskbucket/snapshot_authority_bundle.go:218.33,220.65 2 1
github.com/JungHoonGhae/tossinvest-cli/internal/riskbucket/snapshot_authority_bundle.go:220.65,222.4 1 1
github.com/JungHoonGhae/tossinvest-cli/internal/riskbucket/snapshot_authority_bundle.go:223.3,223.77 1 1
github.com/JungHoonGhae/tossinvest-cli/internal/riskbucket/snapshot_authority_bundle.go:223.77,225.4 1 1
github.com/JungHoonGhae/tossinvest-cli/internal/riskbucket/snapshot_authority_bundle.go:226.3,228.48 3 1
github.com/JungHoonGhae/tossinvest-cli/internal/riskbucket/snapshot_authority_bundle.go:228.48,230.4 1 1
github.com/JungHoonGhae/tossinvest-cli/internal/riskbucket/snapshot_authority_bundle.go:231.3,231.35 1 1
github.com/JungHoonGhae/tossinvest-cli/internal/riskbucket/snapshot_authority_bundle.go:233.2,233.21 1 1
github.com/JungHoonGhae/tossinvest-cli/internal/riskbucket/snapshot_authority_bundle.go:236.105,239.116 2 1
github.com/JungHoonGhae/tossinvest-cli/internal/riskbucket/snapshot_authority_bundle.go:239.116,241.3 1 0
github.com/JungHoonGhae/tossinvest-cli/internal/riskbucket/snapshot_authority_bundle.go:242.2,251.68 3 1
github.com/JungHoonGhae/tossinvest-cli/internal/riskbucket/snapshot_authority_bundle.go:251.68,253.3 1 1
github.com/JungHoonGhae/tossinvest-cli/internal/riskbucket/snapshot_authority_bundle.go:254.2,254.12 1 1
github.com/JungHoonGhae/tossinvest-cli/internal/riskbucket/snapshot_authority_bundle.go:257.151,259.16 2 1
github.com/JungHoonGhae/tossinvest-cli/internal/riskbucket/snapshot_authority_bundle.go:259.16,261.3 1 0
github.com/JungHoonGhae/tossinvest-cli/internal/riskbucket/snapshot_authority_bundle.go:262.2,262.107 1 1
github.com/JungHoonGhae/tossinvest-cli/internal/riskbucket/snapshot_authority_bundle.go:265.63,268.96 1 1
github.com/JungHoonGhae/tossinvest-cli/internal/riskbucket/snapshot_authority_bundle.go:268.96,270.3 1 1
github.com/JungHoonGhae/tossinvest-cli/internal/riskbucket/snapshot_authority_bundle.go:271.2,271.58 1 1
github.com/JungHoonGhae/tossinvest-cli/internal/riskbucket/snapshot_authority_bundle.go:271.58,273.3 1 1
github.com/JungHoonGhae/tossinvest-cli/internal/riskbucket/snapshot_authority_bundle.go:274.2,274.69 1 1
github.com/JungHoonGhae/tossinvest-cli/internal/riskbucket/snapshot_authority_bundle.go:274.69,276.3 1 1
github.com/JungHoonGhae/tossinvest-cli/internal/riskbucket/snapshot_authority_bundle.go:277.2,277.90 1 1
github.com/JungHoonGhae/tossinvest-cli/internal/riskbucket/snapshot_authority_bundle.go:277.90,279.3 1 1
github.com/JungHoonGhae/tossinvest-cli/internal/riskbucket/snapshot_authority_bundle.go:280.2,280.62 1 1
github.com/JungHoonGhae/tossinvest-cli/internal/riskbucket/snapshot_authority_bundle.go:280.62,282.3 1 1
github.com/JungHoonGhae/tossinvest-cli/internal/riskbucket/snapshot_authority_bundle.go:283.2,283.62 1 1
github.com/JungHoonGhae/tossinvest-cli/internal/riskbucket/snapshot_authority_bundle.go:283.62,285.3 1 0
github.com/JungHoonGhae/tossinvest-cli/internal/riskbucket/snapshot_authority_bundle.go:286.2,286.12 1 1
github.com/JungHoonGhae/tossinvest-cli/internal/riskbucket/snapshot_authority_bundle.go:289.43,290.54 1 1
github.com/JungHoonGhae/tossinvest-cli/internal/riskbucket/snapshot_authority_bundle.go:290.54,292.3 1 1
github.com/JungHoonGhae/tossinvest-cli/internal/riskbucket/snapshot_authority_bundle.go:293.2,293.26 1 1
github.com/JungHoonGhae/tossinvest-cli/internal/riskbucket/snapshot_authority_bundle.go:293.26,294.28 1 1
github.com/JungHoonGhae/tossinvest-cli/internal/riskbucket/snapshot_authority_bundle.go:294.28,296.4 1 0
github.com/JungHoonGhae/tossinvest-cli/internal/riskbucket/snapshot_authority_bundle.go:298.2,298.13 1 1
github.com/JungHoonGhae/tossinvest-cli/internal/riskbucket/snapshot_authority_bundle.go:301.57,306.2 1 1
github.com/JungHoonGhae/tossinvest-cli/internal/riskbucket/snapshot_authority_bundle.go:308.94,309.19 1 1
github.com/JungHoonGhae/tossinvest-cli/internal/riskbucket/snapshot_authority_bundle.go:310.24,311.37 1 1
github.com/JungHoonGhae/tossinvest-cli/internal/riskbucket/snapshot_authority_bundle.go:312.23,313.36 1 1
github.com/JungHoonGhae/tossinvest-cli/internal/riskbucket/snapshot_authority_bundle.go:314.25,315.36 1 1
github.com/JungHoonGhae/tossinvest-cli/internal/riskbucket/snapshot_authority_bundle.go:316.23,317.28 1 1
github.com/JungHoonGhae/tossinvest-cli/internal/riskbucket/snapshot_authority_bundle.go:318.23,319.28 1 1
github.com/JungHoonGhae/tossinvest-cli/internal/riskbucket/snapshot_authority_bundle.go:320.10,321.19 1 0
github.com/JungHoonGhae/tossinvest-cli/internal/riskbucket/snapshot_authority_bundle.go:332.117,338.2 2 1
github.com/JungHoonGhae/tossinvest-cli/internal/riskbucket/snapshot_authority_bundle.go:346.143,348.32 2 1
github.com/JungHoonGhae/tossinvest-cli/internal/riskbucket/snapshot_authority_bundle.go:348.32,354.3 2 1
github.com/JungHoonGhae/tossinvest-cli/internal/riskbucket/snapshot_authority_bundle.go:355.2,355.30 1 1
github.com/JungHoonGhae/tossinvest-cli/internal/riskbucket/snapshot_authority_bundle.go:358.44,360.16 2 1
github.com/JungHoonGhae/tossinvest-cli/internal/riskbucket/snapshot_authority_bundle.go:360.16,362.3 1 0
github.com/JungHoonGhae/tossinvest-cli/internal/riskbucket/snapshot_authority_bundle.go:363.2,364.52 2 1
github.com/JungHoonGhae/tossinvest-cli/internal/riskbucket/types.go:44.43,48.2 3 1
github.com/JungHoonGhae/tossinvest-cli/internal/riskbucket/types.go:95.39,96.14 1 0
github.com/JungHoonGhae/tossinvest-cli/internal/riskbucket/types.go:96.14,98.3 1 0
github.com/JungHoonGhae/tossinvest-cli/internal/riskbucket/types.go:99.2,99.20 1 0
github.com/JungHoonGhae/tossinvest-cli/internal/riskbucket/types.go:99.20,101.3 1 0
github.com/JungHoonGhae/tossinvest-cli/internal/riskbucket/types.go:102.2,102.19 1 0
github.com/JungHoonGhae/tossinvest-cli/internal/riskbucket/types.go:102.19,104.3 1 0
github.com/JungHoonGhae/tossinvest-cli/internal/riskbucket/types.go:105.2,105.23 1 0
github.com/JungHoonGhae/tossinvest-cli/internal/riskbucket/types.go:108.39,108.57 1 0
github.com/JungHoonGhae/tossinvest-cli/internal/riskbucket/types.go:110.50,113.2 2 1
github.com/JungHoonGhae/tossinvest-cli/internal/riskbucket/types.go:115.73,117.2 1 1
github.com/JungHoonGhae/tossinvest-cli/internal/riskbucket/types.go:129.46,133.2 1 1
github.com/JungHoonGhae/tossinvest-cli/internal/riskbucket/types.go:148.86,149.93 1 1
github.com/JungHoonGhae/tossinvest-cli/internal/riskbucket/types.go:149.93,151.3 1 1
github.com/JungHoonGhae/tossinvest-cli/internal/riskbucket/types.go:152.2,152.93 1 1
github.com/JungHoonGhae/tossinvest-cli/internal/riskbucket/types.go:152.93,154.3 1 0
github.com/JungHoonGhae/tossinvest-cli/internal/riskbucket/types.go:155.2,155.60 1 1
github.com/JungHoonGhae/tossinvest-cli/internal/riskbucket/types.go:158.69,160.2 1 1
github.com/JungHoonGhae/tossinvest-cli/internal/riskbucket/types.go:169.106,170.95 1 1
github.com/JungHoonGhae/tossinvest-cli/internal/riskbucket/types.go:170.95,172.3 1 1
github.com/JungHoonGhae/tossinvest-cli/internal/riskbucket/types.go:173.2,173.140 1 1
github.com/JungHoonGhae/tossinvest-cli/internal/riskbucket/types.go:173.140,175.3 1 0
github.com/JungHoonGhae/tossinvest-cli/internal/riskbucket/types.go:176.2,176.61 1 1
github.com/JungHoonGhae/tossinvest-cli/internal/riskbucket/types.go:176.61,178.3 1 0
github.com/JungHoonGhae/tossinvest-cli/internal/riskbucket/types.go:179.2,179.62 1 1
github.com/JungHoonGhae/tossinvest-cli/internal/riskbucket/types.go:179.62,181.3 1 0
github.com/JungHoonGhae/tossinvest-cli/internal/riskbucket/types.go:182.2,182.60 1 1
github.com/JungHoonGhae/tossinvest-cli/internal/riskbucket/types.go:182.60,184.3 1 0
github.com/JungHoonGhae/tossinvest-cli/internal/riskbucket/types.go:185.2,185.70 1 1
github.com/JungHoonGhae/tossinvest-cli/internal/riskbucket/types.go:188.87,190.2 1 1
github.com/JungHoonGhae/tossinvest-cli/internal/riskbucket/types.go:202.102,203.95 1 1
github.com/JungHoonGhae/tossinvest-cli/internal/riskbucket/types.go:203.95,205.3 1 0
github.com/JungHoonGhae/tossinvest-cli/internal/riskbucket/types.go:206.2,207.80 1 1
github.com/JungHoonGhae/tossinvest-cli/internal/riskbucket/types.go:207.80,209.3 1 0
github.com/JungHoonGhae/tossinvest-cli/internal/riskbucket/types.go:210.2,210.161 1 1
github.com/JungHoonGhae/tossinvest-cli/internal/riskbucket/types.go:213.83,216.2 1 1
github.com/JungHoonGhae/tossinvest-cli/internal/riskbucket/types.go:218.78,220.114 1 1
github.com/JungHoonGhae/tossinvest-cli/internal/riskbucket/types.go:220.114,222.3 1 1
github.com/JungHoonGhae/tossinvest-cli/internal/riskbucket/types.go:223.2,223.12 1 1
github.com/JungHoonGhae/tossinvest-cli/internal/strategyrouter/arbitration_testseam.go:16.28,18.41 2 0
github.com/JungHoonGhae/tossinvest-cli/internal/strategyrouter/arbitration_testseam.go:18.41,18.87 1 0
github.com/JungHoonGhae/tossinvest-cli/internal/strategyrouter/arbitration_testseam.go:19.2,24.18 5 0
github.com/JungHoonGhae/tossinvest-cli/internal/strategyrouter/arbitration_testseam.go:32.28,35.2 1 0
github.com/JungHoonGhae/tossinvest-cli/internal/strategyrouter/arbitration_testseam.go:39.117,40.26 1 0
github.com/JungHoonGhae/tossinvest-cli/internal/strategyrouter/arbitration_testseam.go:40.26,42.3 1 0
github.com/JungHoonGhae/tossinvest-cli/internal/strategyrouter/arbitration_testseam.go:43.2,45.16 2 0
github.com/JungHoonGhae/tossinvest-cli/internal/strategyrouter/arbitration_testseam.go:45.16,47.3 1 0
github.com/JungHoonGhae/tossinvest-cli/internal/strategyrouter/arbitration_testseam.go:48.2,49.39 2 0
github.com/JungHoonGhae/tossinvest-cli/internal/strategyrouter/arbitration_testseam.go:49.39,56.37 4 0
github.com/JungHoonGhae/tossinvest-cli/internal/strategyrouter/arbitration_testseam.go:56.37,58.4 1 0
github.com/JungHoonGhae/tossinvest-cli/internal/strategyrouter/arbitration_testseam.go:59.3,59.35 1 0
github.com/JungHoonGhae/tossinvest-cli/internal/strategyrouter/arbitration_testseam.go:59.35,61.4 1 0
github.com/JungHoonGhae/tossinvest-cli/internal/strategyrouter/arbitration_testseam.go:62.3,62.37 1 0
github.com/JungHoonGhae/tossinvest-cli/internal/strategyrouter/arbitration_testseam.go:64.2,65.21 2 0
github.com/JungHoonGhae/tossinvest-cli/internal/strategyrouter/arbitration_testseam.go:69.140,71.16 2 0
github.com/JungHoonGhae/tossinvest-cli/internal/strategyrouter/arbitration_testseam.go:71.16,73.3 1 0
github.com/JungHoonGhae/tossinvest-cli/internal/strategyrouter/arbitration_testseam.go:74.2,77.16 2 0
github.com/JungHoonGhae/tossinvest-cli/internal/strategyrouter/arbitration_testseam.go:77.16,79.3 1 0
github.com/JungHoonGhae/tossinvest-cli/internal/strategyrouter/arbitration_testseam.go:80.2,81.21 2 0
github.com/JungHoonGhae/tossinvest-cli/internal/strategyrouter/arbitration_testseam.go:88.36,88.56 1 0
github.com/JungHoonGhae/tossinvest-cli/internal/strategyrouter/arbitration_testseam.go:91.145,93.16 2 0
github.com/JungHoonGhae/tossinvest-cli/internal/strategyrouter/arbitration_testseam.go:93.16,95.3 1 0
github.com/JungHoonGhae/tossinvest-cli/internal/strategyrouter/arbitration_testseam.go:96.2,97.21 2 0
github.com/JungHoonGhae/tossinvest-cli/internal/strategyrouter/arbitration_testseam.go:101.114,103.16 2 0
github.com/JungHoonGhae/tossinvest-cli/internal/strategyrouter/arbitration_testseam.go:103.16,105.3 1 0
github.com/JungHoonGhae/tossinvest-cli/internal/strategyrouter/arbitration_testseam.go:106.2,112.16 6 0
github.com/JungHoonGhae/tossinvest-cli/internal/strategyrouter/arbitration_testseam.go:112.16,114.3 1 0
github.com/JungHoonGhae/tossinvest-cli/internal/strategyrouter/arbitration_testseam.go:115.2,116.21 2 0
github.com/JungHoonGhae/tossinvest-cli/internal/strategyrouter/family.go:12.35,13.16 1 1
github.com/JungHoonGhae/tossinvest-cli/internal/strategyrouter/family.go:14.83,15.14 1 1
github.com/JungHoonGhae/tossinvest-cli/internal/strategyrouter/family.go:17.2,17.14 1 0
github.com/JungHoonGhae/tossinvest-cli/internal/strategyrouter/migration.go:18.103,19.59 1 1
github.com/JungHoonGhae/tossinvest-cli/internal/strategyrouter/migration.go:19.59,21.3 1 0
github.com/JungHoonGhae/tossinvest-cli/internal/strategyrouter/migration.go:22.2,22.48 1 1
github.com/JungHoonGhae/tossinvest-cli/internal/strategyrouter/migration.go:22.48,24.3 1 1
github.com/JungHoonGhae/tossinvest-cli/internal/strategyrouter/migration.go:25.2,25.34 1 1
github.com/JungHoonGhae/tossinvest-cli/internal/strategyrouter/migration.go:25.34,27.3 1 0
github.com/JungHoonGhae/tossinvest-cli/internal/strategyrouter/migration.go:28.2,31.9 4 1
github.com/JungHoonGhae/tossinvest-cli/internal/strategyrouter/migration.go:32.42,32.42 0 1
github.com/JungHoonGhae/tossinvest-cli/internal/strategyrouter/migration.go:34.184,35.54 1 1
github.com/JungHoonGhae/tossinvest-cli/internal/strategyrouter/migration.go:36.10,37.26 1 1
github.com/JungHoonGhae/tossinvest-cli/internal/strategyrouter/migration.go:39.2,40.49 2 1
github.com/JungHoonGhae/tossinvest-cli/internal/strategyrouter/production.go:186.67,186.95 1 1
github.com/JungHoonGhae/tossinvest-cli/internal/strategyrouter/production.go:187.67,187.102 1 1
github.com/JungHoonGhae/tossinvest-cli/internal/strategyrouter/production.go:188.67,188.99 1 1
github.com/JungHoonGhae/tossinvest-cli/internal/strategyrouter/production.go:191.84,193.2 1 1
github.com/JungHoonGhae/tossinvest-cli/internal/strategyrouter/production.go:196.72,196.98 1 1
github.com/JungHoonGhae/tossinvest-cli/internal/strategyrouter/production.go:200.87,202.2 1 1
github.com/JungHoonGhae/tossinvest-cli/internal/strategyrouter/production.go:207.61,209.69 1 1
github.com/JungHoonGhae/tossinvest-cli/internal/strategyrouter/production.go:209.69,211.3 1 1
github.com/JungHoonGhae/tossinvest-cli/internal/strategyrouter/production.go:212.2,215.95 2 1
github.com/JungHoonGhae/tossinvest-cli/internal/strategyrouter/production.go:221.102,223.39 2 1
github.com/JungHoonGhae/tossinvest-cli/internal/strategyrouter/production.go:223.39,226.3 1 1
github.com/JungHoonGhae/tossinvest-cli/internal/strategyrouter/production.go:227.2,227.41 1 1
github.com/JungHoonGhae/tossinvest-cli/internal/strategyrouter/production.go:227.41,227.87 1 1
github.com/JungHoonGhae/tossinvest-cli/internal/strategyrouter/production.go:228.2,228.15 1 1
github.com/JungHoonGhae/tossinvest-cli/internal/strategyrouter/production.go:233.91,238.31 5 1
github.com/JungHoonGhae/tossinvest-cli/internal/strategyrouter/production.go:238.31,243.3 4 1
github.com/JungHoonGhae/tossinvest-cli/internal/strategyrouter/production.go:244.2,244.51 1 1
github.com/JungHoonGhae/tossinvest-cli/internal/strategyrouter/production.go:248.117,253.31 5 1
github.com/JungHoonGhae/tossinvest-cli/internal/strategyrouter/production.go:253.31,256.3 2 1
github.com/JungHoonGhae/tossinvest-cli/internal/strategyrouter/production.go:257.2,257.51 1 1
github.com/JungHoonGhae/tossinvest-cli/internal/strategyrouter/production.go:261.99,268.2 6 1
github.com/JungHoonGhae/tossinvest-cli/internal/strategyrouter/production.go:286.58,286.90 1 1
github.com/JungHoonGhae/tossinvest-cli/internal/strategyrouter/production.go:288.100,291.2 2 1
github.com/JungHoonGhae/tossinvest-cli/internal/strategyrouter/production.go:293.72,295.2 1 1
github.com/JungHoonGhae/tossinvest-cli/internal/strategyrouter/production.go:297.52,298.24 1 1
github.com/JungHoonGhae/tossinvest-cli/internal/strategyrouter/production.go:298.24,300.3 1 1
github.com/JungHoonGhae/tossinvest-cli/internal/strategyrouter/production.go:301.2,301.24 1 1
github.com/JungHoonGhae/tossinvest-cli/internal/strategyrouter/production.go:301.24,303.3 1 1
github.com/JungHoonGhae/tossinvest-cli/internal/strategyrouter/production.go:304.2,304.11 1 0
github.com/JungHoonGhae/tossinvest-cli/internal/strategyrouter/production.go:310.120,314.16 2 1
github.com/JungHoonGhae/tossinvest-cli/internal/strategyrouter/production.go:314.16,316.3 1 1
github.com/JungHoonGhae/tossinvest-cli/internal/strategyrouter/production.go:317.2,318.9 2 1
github.com/JungHoonGhae/tossinvest-cli/internal/strategyrouter/production.go:318.9,320.3 1 0
github.com/JungHoonGhae/tossinvest-cli/internal/strategyrouter/production.go:321.2,321.23 1 1
github.com/JungHoonGhae/tossinvest-cli/internal/strategyrouter/production.go:329.163,330.46 1 1
github.com/JungHoonGhae/tossinvest-cli/internal/strategyrouter/production.go:330.46,332.3 1 0
github.com/JungHoonGhae/tossinvest-cli/internal/strategyrouter/production.go:333.2,333.34 1 1
github.com/JungHoonGhae/tossinvest-cli/internal/strategyrouter/production.go:333.34,335.3 1 0
github.com/JungHoonGhae/tossinvest-cli/internal/strategyrouter/production.go:337.2,337.38 1 1
github.com/JungHoonGhae/tossinvest-cli/internal/strategyrouter/production.go:337.38,339.3 1 1
github.com/JungHoonGhae/tossinvest-cli/internal/strategyrouter/production.go:340.2,348.110 5 1
github.com/JungHoonGhae/tossinvest-cli/internal/strategyrouter/production.go:348.110,350.3 1 1
github.com/JungHoonGhae/tossinvest-cli/internal/strategyrouter/production.go:351.2,352.72 2 1
github.com/JungHoonGhae/tossinvest-cli/internal/strategyrouter/production.go:352.72,354.3 1 1
github.com/JungHoonGhae/tossinvest-cli/internal/strategyrouter/production.go:355.2,356.45 2 1
github.com/JungHoonGhae/tossinvest-cli/internal/strategyrouter/production.go:356.45,358.3 1 0
github.com/JungHoonGhae/tossinvest-cli/internal/strategyrouter/production.go:359.2,362.91 4 1
github.com/JungHoonGhae/tossinvest-cli/internal/strategyrouter/production.go:362.91,364.3 1 1
github.com/JungHoonGhae/tossinvest-cli/internal/strategyrouter/production.go:365.2,366.16 2 1
github.com/JungHoonGhae/tossinvest-cli/internal/strategyrouter/production.go:366.16,369.3 1 1
github.com/JungHoonGhae/tossinvest-cli/internal/strategyrouter/production.go:370.2,380.88 7 1
github.com/JungHoonGhae/tossinvest-cli/internal/strategyrouter/production.go:380.88,382.3 1 0
github.com/JungHoonGhae/tossinvest-cli/internal/strategyrouter/production.go:383.2,384.33 2 1
github.com/JungHoonGhae/tossinvest-cli/internal/strategyrouter/production.go:384.33,385.35 1 1
github.com/JungHoonGhae/tossinvest-cli/internal/strategyrouter/production.go:385.35,387.4 1 0
github.com/JungHoonGhae/tossinvest-cli/internal/strategyrouter/production.go:388.3,389.13 2 1
github.com/JungHoonGhae/tossinvest-cli/internal/strategyrouter/production.go:389.13,390.12 1 1
github.com/JungHoonGhae/tossinvest-cli/internal/strategyrouter/production.go:392.3,393.17 2 1
github.com/JungHoonGhae/tossinvest-cli/internal/strategyrouter/production.go:393.17,395.4 1 0
github.com/JungHoonGhae/tossinvest-cli/internal/strategyrouter/production.go:396.3,397.52 2 1
github.com/JungHoonGhae/tossinvest-cli/internal/strategyrouter/production.go:397.52,399.4 1 1
github.com/JungHoonGhae/tossinvest-cli/internal/strategyrouter/production.go:400.3,401.17 2 1
github.com/JungHoonGhae/tossinvest-cli/internal/strategyrouter/production.go:401.17,403.4 1 0
github.com/JungHoonGhae/tossinvest-cli/internal/strategyrouter/production.go:404.3,405.42 2 1
github.com/JungHoonGhae/tossinvest-cli/internal/strategyrouter/production.go:405.42,411.4 1 1
github.com/JungHoonGhae/tossinvest-cli/internal/strategyrouter/production.go:412.3,421.6 4 1
github.com/JungHoonGhae/tossinvest-cli/internal/strategyrouter/production.go:423.2,423.36 1 1
github.com/JungHoonGhae/tossinvest-cli/internal/strategyrouter/production.go:423.36,425.3 1 0
github.com/JungHoonGhae/tossinvest-cli/internal/strategyrouter/production.go:426.2,426.98 1 1
github.com/JungHoonGhae/tossinvest-cli/internal/strategyrouter/production.go:429.89,440.2 10 1
github.com/JungHoonGhae/tossinvest-cli/internal/strategyrouter/production.go:442.60,445.2 1 0
github.com/JungHoonGhae/tossinvest-cli/internal/strategyrouter/production.go:447.72,449.2 1 1
github.com/JungHoonGhae/tossinvest-cli/internal/strategyrouter/production.go:451.103,452.48 1 1
github.com/JungHoonGhae/tossinvest-cli/internal/strategyrouter/production.go:452.48,454.3 1 0
github.com/JungHoonGhae/tossinvest-cli/internal/strategyrouter/production.go:455.2,456.28 2 1
github.com/JungHoonGhae/tossinvest-cli/internal/strategyrouter/production.go:456.28,458.33 2 1
github.com/JungHoonGhae/tossinvest-cli/internal/strategyrouter/production.go:458.33,460.4 1 0
github.com/JungHoonGhae/tossinvest-cli/internal/strategyrouter/production.go:462.2,462.41 1 1
github.com/JungHoonGhae/tossinvest-cli/internal/strategyrouter/production.go:462.41,462.87 1 1
github.com/JungHoonGhae/tossinvest-cli/internal/strategyrouter/production.go:463.2,463.28 1 1
github.com/JungHoonGhae/tossinvest-cli/internal/strategyrouter/production.go:463.28,464.66 1 1
github.com/JungHoonGhae/tossinvest-cli/internal/strategyrouter/production.go:464.66,466.4 1 0
github.com/JungHoonGhae/tossinvest-cli/internal/strategyrouter/production.go:468.2,468.21 1 1
github.com/JungHoonGhae/tossinvest-cli/internal/strategyrouter/production.go:471.82,472.63 1 1
github.com/JungHoonGhae/tossinvest-cli/internal/strategyrouter/production.go:472.63,474.3 1 0
github.com/JungHoonGhae/tossinvest-cli/internal/strategyrouter/production.go:475.2,478.50 4 1
github.com/JungHoonGhae/tossinvest-cli/internal/strategyrouter/production.go:478.50,480.3 1 0
github.com/JungHoonGhae/tossinvest-cli/internal/strategyrouter/production.go:481.2,481.55 1 1
github.com/JungHoonGhae/tossinvest-cli/internal/strategyrouter/production.go:481.55,483.3 1 0
github.com/JungHoonGhae/tossinvest-cli/internal/strategyrouter/production.go:484.2,485.49 2 1
github.com/JungHoonGhae/tossinvest-cli/internal/strategyrouter/production.go:485.49,487.3 1 0
github.com/JungHoonGhae/tossinvest-cli/internal/strategyrouter/production.go:488.2,488.22 1 1
github.com/JungHoonGhae/tossinvest-cli/internal/strategyrouter/production.go:491.129,507.73 5 1
github.com/JungHoonGhae/tossinvest-cli/internal/strategyrouter/production.go:507.73,509.3 1 1
github.com/JungHoonGhae/tossinvest-cli/internal/strategyrouter/production.go:510.2,511.14 2 1
github.com/JungHoonGhae/tossinvest-cli/internal/strategyrouter/production.go:511.14,513.3 1 0
github.com/JungHoonGhae/tossinvest-cli/internal/strategyrouter/production.go:514.2,515.16 2 1
github.com/JungHoonGhae/tossinvest-cli/internal/strategyrouter/production.go:515.16,517.3 1 0
github.com/JungHoonGhae/tossinvest-cli/internal/strategyrouter/production.go:518.2,521.24 3 1
github.com/JungHoonGhae/tossinvest-cli/internal/strategyrouter/production.go:524.142,525.46 1 1
github.com/JungHoonGhae/tossinvest-cli/internal/strategyrouter/production.go:525.46,527.3 1 0
github.com/JungHoonGhae/tossinvest-cli/internal/strategyrouter/production.go:528.2,531.31 4 1
github.com/JungHoonGhae/tossinvest-cli/internal/strategyrouter/production.go:531.31,534.109 2 1
github.com/JungHoonGhae/tossinvest-cli/internal/strategyrouter/production.go:534.109,536.4 1 0
github.com/JungHoonGhae/tossinvest-cli/internal/strategyrouter/production.go:537.3,538.92 2 1
github.com/JungHoonGhae/tossinvest-cli/internal/strategyrouter/production.go:538.92,539.13 1 1
github.com/JungHoonGhae/tossinvest-cli/internal/strategyrouter/production.go:539.13,541.5 1 0
github.com/JungHoonGhae/tossinvest-cli/internal/strategyrouter/production.go:542.4,542.33 1 1
github.com/JungHoonGhae/tossinvest-cli/internal/strategyrouter/production.go:545.2,545.24 1 1
github.com/JungHoonGhae/tossinvest-cli/internal/strategyrouter/production.go:548.92,550.30 2 1
github.com/JungHoonGhae/tossinvest-cli/internal/strategyrouter/production.go:550.30,552.3 1 1
github.com/JungHoonGhae/tossinvest-cli/internal/strategyrouter/production.go:553.2,554.31 2 1
github.com/JungHoonGhae/tossinvest-cli/internal/strategyrouter/production.go:554.31,565.99 2 1
github.com/JungHoonGhae/tossinvest-cli/internal/strategyrouter/production.go:565.99,567.4 1 1
github.com/JungHoonGhae/tossinvest-cli/internal/strategyrouter/production.go:568.3,568.28 1 1
github.com/JungHoonGhae/tossinvest-cli/internal/strategyrouter/production.go:570.2,570.31 1 1
github.com/JungHoonGhae/tossinvest-cli/internal/strategyrouter/production.go:581.72,584.2 2 1
github.com/JungHoonGhae/tossinvest-cli/internal/strategyrouter/production.go:586.84,587.24 1 1
github.com/JungHoonGhae/tossinvest-cli/internal/strategyrouter/production.go:587.24,594.3 1 1
github.com/JungHoonGhae/tossinvest-cli/internal/strategyrouter/production.go:595.2,595.24 1 1
github.com/JungHoonGhae/tossinvest-cli/internal/strategyrouter/production.go:595.24,602.3 1 1
github.com/JungHoonGhae/tossinvest-cli/internal/strategyrouter/production.go:603.2,603.12 1 1
github.com/JungHoonGhae/tossinvest-cli/internal/strategyrouter/production.go:616.137,617.82 1 1
github.com/JungHoonGhae/tossinvest-cli/internal/strategyrouter/production.go:617.82,619.3 1 0
github.com/JungHoonGhae/tossinvest-cli/internal/strategyrouter/production.go:620.2,622.16 3 1
github.com/JungHoonGhae/tossinvest-cli/internal/strategyrouter/production.go:622.16,624.3 1 0
github.com/JungHoonGhae/tossinvest-cli/internal/strategyrouter/production.go:625.2,627.16 3 1
github.com/JungHoonGhae/tossinvest-cli/internal/strategyrouter/production.go:627.16,630.3 2 0
github.com/JungHoonGhae/tossinvest-cli/internal/strategyrouter/production.go:631.2,631.54 1 1
github.com/JungHoonGhae/tossinvest-cli/internal/strategyrouter/production.go:631.54,635.3 3 1
github.com/JungHoonGhae/tossinvest-cli/internal/strategyrouter/production.go:638.2,639.86 2 1
github.com/JungHoonGhae/tossinvest-cli/internal/strategyrouter/production.go:639.86,641.3 1 0
github.com/JungHoonGhae/tossinvest-cli/internal/strategyrouter/production.go:642.2,642.29 1 1
github.com/JungHoonGhae/tossinvest-cli/internal/strategyrouter/production.go:642.29,644.3 1 1
github.com/JungHoonGhae/tossinvest-cli/internal/strategyrouter/production.go:645.2,645.29 1 1
github.com/JungHoonGhae/tossinvest-cli/internal/strategyrouter/production.go:645.29,647.3 1 1
github.com/JungHoonGhae/tossinvest-cli/internal/strategyrouter/production.go:650.2,650.91 1 1
github.com/JungHoonGhae/tossinvest-cli/internal/strategyrouter/production.go:650.91,652.17 2 1
github.com/JungHoonGhae/tossinvest-cli/internal/strategyrouter/production.go:652.17,654.4 1 1
github.com/JungHoonGhae/tossinvest-cli/internal/strategyrouter/production.go:655.3,655.19 1 1
github.com/JungHoonGhae/tossinvest-cli/internal/strategyrouter/production.go:657.2,657.20 1 1
github.com/JungHoonGhae/tossinvest-cli/internal/strategyrouter/production.go:660.136,661.20 1 1
github.com/JungHoonGhae/tossinvest-cli/internal/strategyrouter/production.go:661.20,663.3 1 0
github.com/JungHoonGhae/tossinvest-cli/internal/strategyrouter/production.go:664.2,665.16 2 1
github.com/JungHoonGhae/tossinvest-cli/internal/strategyrouter/production.go:665.16,667.3 1 0
github.com/JungHoonGhae/tossinvest-cli/internal/strategyrouter/production.go:668.2,670.18 3 1
github.com/JungHoonGhae/tossinvest-cli/internal/strategyrouter/production.go:670.18,671.47 1 1
github.com/JungHoonGhae/tossinvest-cli/internal/strategyrouter/production.go:671.47,673.4 1 0
github.com/JungHoonGhae/tossinvest-cli/internal/strategyrouter/production.go:674.3,676.36 2 1
github.com/JungHoonGhae/tossinvest-cli/internal/strategyrouter/production.go:676.36,678.4 1 0
github.com/JungHoonGhae/tossinvest-cli/internal/strategyrouter/production.go:679.3,679.35 1 1
github.com/JungHoonGhae/tossinvest-cli/internal/strategyrouter/production.go:681.2,681.35 1 1
github.com/JungHoonGhae/tossinvest-cli/internal/strategyrouter/production.go:681.35,683.3 1 0
github.com/JungHoonGhae/tossinvest-cli/internal/strategyrouter/production.go:684.2,687.32 4 1
github.com/JungHoonGhae/tossinvest-cli/internal/strategyrouter/production.go:687.32,688.27 1 1
github.com/JungHoonGhae/tossinvest-cli/internal/strategyrouter/production.go:688.27,690.4 1 1
github.com/JungHoonGhae/tossinvest-cli/internal/strategyrouter/production.go:692.2,692.21 1 1
github.com/JungHoonGhae/tossinvest-cli/internal/strategyrouter/production.go:692.21,694.3 1 0
github.com/JungHoonGhae/tossinvest-cli/internal/strategyrouter/production.go:695.2,695.22 1 1
github.com/JungHoonGhae/tossinvest-cli/internal/strategyrouter/production.go:695.22,697.3 1 1
github.com/JungHoonGhae/tossinvest-cli/internal/strategyrouter/production.go:698.2,699.68 2 1
github.com/JungHoonGhae/tossinvest-cli/internal/strategyrouter/production.go:699.68,701.3 1 1
github.com/JungHoonGhae/tossinvest-cli/internal/strategyrouter/production.go:702.2,703.102 2 1
github.com/JungHoonGhae/tossinvest-cli/internal/strategyrouter/production.go:703.102,705.3 1 0
github.com/JungHoonGhae/tossinvest-cli/internal/strategyrouter/production.go:706.2,711.76 3 1
github.com/JungHoonGhae/tossinvest-cli/internal/strategyrouter/production.go:711.76,713.3 1 0
github.com/JungHoonGhae/tossinvest-cli/internal/strategyrouter/production.go:714.2,715.50 2 1
github.com/JungHoonGhae/tossinvest-cli/internal/strategyrouter/production.go:715.50,717.3 1 0
github.com/JungHoonGhae/tossinvest-cli/internal/strategyrouter/production.go:718.2,720.46 2 1
github.com/JungHoonGhae/tossinvest-cli/internal/strategyrouter/production.go:723.61,726.46 1 1
github.com/JungHoonGhae/tossinvest-cli/internal/strategyrouter/production.go:726.46,728.3 1 0
github.com/JungHoonGhae/tossinvest-cli/internal/strategyrouter/production.go:729.2,730.17 2 1
github.com/JungHoonGhae/tossinvest-cli/internal/strategyrouter/production.go:730.17,732.3 1 0
github.com/JungHoonGhae/tossinvest-cli/internal/strategyrouter/production.go:733.2,733.26 1 1
github.com/JungHoonGhae/tossinvest-cli/internal/strategyrouter/production.go:733.26,736.3 2 0
github.com/JungHoonGhae/tossinvest-cli/internal/strategyrouter/production.go:737.2,737.13 1 1
github.com/JungHoonGhae/tossinvest-cli/internal/strategyrouter/production.go:740.72,742.32 2 1
github.com/JungHoonGhae/tossinvest-cli/internal/strategyrouter/production.go:742.32,744.62 1 1
github.com/JungHoonGhae/tossinvest-cli/internal/strategyrouter/production.go:744.62,746.4 1 1
github.com/JungHoonGhae/tossinvest-cli/internal/strategyrouter/production.go:748.2,748.77 1 1
github.com/JungHoonGhae/tossinvest-cli/internal/strategyrouter/production.go:751.56,754.2 2 1
github.com/JungHoonGhae/tossinvest-cli/internal/strategyrouter/production.go:756.49,758.2 1 1
github.com/JungHoonGhae/tossinvest-cli/internal/strategyrouter/production.go:760.52,761.88 1 1
github.com/JungHoonGhae/tossinvest-cli/internal/strategyrouter/production.go:761.88,763.3 1 1
github.com/JungHoonGhae/tossinvest-cli/internal/strategyrouter/production.go:764.2,765.85 2 1
github.com/JungHoonGhae/tossinvest-cli/internal/strategyrouter/production.go:768.48,771.2 2 1
github.com/JungHoonGhae/tossinvest-cli/internal/strategyrouter/production_family_activation.go:91.63,92.16 1 1
github.com/JungHoonGhae/tossinvest-cli/internal/strategyrouter/production_family_activation.go:93.16,94.46 1 1
github.com/JungHoonGhae/tossinvest-cli/internal/strategyrouter/production_family_activation.go:95.16,96.46 1 1
github.com/JungHoonGhae/tossinvest-cli/internal/strategyrouter/production_family_activation.go:97.10,98.12 1 1
github.com/JungHoonGhae/tossinvest-cli/internal/strategyrouter/production_family_activation.go:225.89,227.20 2 1
github.com/JungHoonGhae/tossinvest-cli/internal/strategyrouter/production_family_activation.go:227.20,229.3 1 0
github.com/JungHoonGhae/tossinvest-cli/internal/strategyrouter/production_family_activation.go:230.2,231.37 2 1
github.com/JungHoonGhae/tossinvest-cli/internal/strategyrouter/production_family_activation.go:231.37,232.22 1 1
github.com/JungHoonGhae/tossinvest-cli/internal/strategyrouter/production_family_activation.go:232.22,234.4 1 0
github.com/JungHoonGhae/tossinvest-cli/internal/strategyrouter/production_family_activation.go:235.3,235.20 1 1
github.com/JungHoonGhae/tossinvest-cli/internal/strategyrouter/production_family_activation.go:237.2,238.34 2 1
github.com/JungHoonGhae/tossinvest-cli/internal/strategyrouter/production_family_activation.go:238.34,240.23 2 1
github.com/JungHoonGhae/tossinvest-cli/internal/strategyrouter/production_family_activation.go:240.23,242.4 1 1
github.com/JungHoonGhae/tossinvest-cli/internal/strategyrouter/production_family_activation.go:243.3,245.38 1 1
github.com/JungHoonGhae/tossinvest-cli/internal/strategyrouter/production_family_activation.go:250.2,250.46 1 1
github.com/JungHoonGhae/tossinvest-cli/internal/strategyrouter/production_family_activation.go:250.46,250.102 1 1
github.com/JungHoonGhae/tossinvest-cli/internal/strategyrouter/production_family_activation.go:251.2,264.8 1 1
github.com/JungHoonGhae/tossinvest-cli/internal/strategyrouter/production_family_activation.go:280.87,282.16 2 1
github.com/JungHoonGhae/tossinvest-cli/internal/strategyrouter/production_family_activation.go:282.16,284.3 1 0
github.com/JungHoonGhae/tossinvest-cli/internal/strategyrouter/production_family_activation.go:285.2,285.27 1 1
github.com/JungHoonGhae/tossinvest-cli/internal/strategyrouter/production_family_activation.go:335.52,337.2 1 1
github.com/JungHoonGhae/tossinvest-cli/internal/strategyrouter/production_family_activation.go:339.58,339.86 1 1
github.com/JungHoonGhae/tossinvest-cli/internal/strategyrouter/production_family_activation.go:340.58,340.90 1 1
github.com/JungHoonGhae/tossinvest-cli/internal/strategyrouter/production_family_activation.go:341.58,341.85 1 1
github.com/JungHoonGhae/tossinvest-cli/internal/strategyrouter/production_family_activation.go:342.58,342.95 1 1
github.com/JungHoonGhae/tossinvest-cli/internal/strategyrouter/production_family_activation.go:350.74,352.2 1 1
github.com/JungHoonGhae/tossinvest-cli/internal/strategyrouter/production_family_activation.go:366.110,367.28 1 1
github.com/JungHoonGhae/tossinvest-cli/internal/strategyrouter/production_family_activation.go:367.28,369.3 1 1
github.com/JungHoonGhae/tossinvest-cli/internal/strategyrouter/production_family_activation.go:370.2,371.16 2 1
github.com/JungHoonGhae/tossinvest-cli/internal/strategyrouter/production_family_activation.go:371.16,373.3 1 1
github.com/JungHoonGhae/tossinvest-cli/internal/strategyrouter/production_family_activation.go:374.2,374.37 1 1
github.com/JungHoonGhae/tossinvest-cli/internal/strategyrouter/production_family_activation.go:383.79,384.26 1 1
github.com/JungHoonGhae/tossinvest-cli/internal/strategyrouter/production_family_activation.go:384.26,386.3 1 1
github.com/JungHoonGhae/tossinvest-cli/internal/strategyrouter/production_family_activation.go:387.2,387.30 1 1
github.com/JungHoonGhae/tossinvest-cli/internal/strategyrouter/production_family_activation.go:394.115,396.2 1 1
github.com/JungHoonGhae/tossinvest-cli/internal/strategyrouter/production_family_activation.go:398.117,400.2 1 1
github.com/JungHoonGhae/tossinvest-cli/internal/strategyrouter/production_family_activation.go:405.40,407.86 2 1
github.com/JungHoonGhae/tossinvest-cli/internal/strategyrouter/production_family_activation.go:407.86,409.3 1 1
github.com/JungHoonGhae/tossinvest-cli/internal/strategyrouter/production_family_activation.go:410.2,411.12 2 1
github.com/JungHoonGhae/tossinvest-cli/internal/strategyrouter/production_family_activation.go:411.12,413.3 1 0
github.com/JungHoonGhae/tossinvest-cli/internal/strategyrouter/production_family_activation.go:414.2,414.19 1 1
github.com/JungHoonGhae/tossinvest-cli/internal/strategyrouter/production_family_activation.go:427.115,432.52 1 1
github.com/JungHoonGhae/tossinvest-cli/internal/strategyrouter/production_family_activation.go:432.52,434.3 1 1
github.com/JungHoonGhae/tossinvest-cli/internal/strategyrouter/production_family_activation.go:435.2,435.16 1 1
github.com/JungHoonGhae/tossinvest-cli/internal/strategyrouter/production_family_activation.go:435.16,437.3 1 0
github.com/JungHoonGhae/tossinvest-cli/internal/strategyrouter/production_family_activation.go:438.2,438.34 1 1
github.com/JungHoonGhae/tossinvest-cli/internal/strategyrouter/production_family_activation.go:438.34,440.3 1 1
github.com/JungHoonGhae/tossinvest-cli/internal/strategyrouter/production_family_activation.go:441.2,450.100 5 1
github.com/JungHoonGhae/tossinvest-cli/internal/strategyrouter/production_family_activation.go:450.100,452.3 1 1
github.com/JungHoonGhae/tossinvest-cli/internal/strategyrouter/production_family_activation.go:453.2,455.72 2 1
github.com/JungHoonGhae/tossinvest-cli/internal/strategyrouter/production_family_activation.go:455.72,457.3 1 1
github.com/JungHoonGhae/tossinvest-cli/internal/strategyrouter/production_family_activation.go:458.2,459.16 2 1
github.com/JungHoonGhae/tossinvest-cli/internal/strategyrouter/production_family_activation.go:459.16,461.3 1 1
github.com/JungHoonGhae/tossinvest-cli/internal/strategyrouter/production_family_activation.go:465.2,465.22 1 1
github.com/JungHoonGhae/tossinvest-cli/internal/strategyrouter/production_family_activation.go:465.22,467.3 1 1
github.com/JungHoonGhae/tossinvest-cli/internal/strategyrouter/production_family_activation.go:468.2,469.16 2 1
github.com/JungHoonGhae/tossinvest-cli/internal/strategyrouter/production_family_activation.go:469.16,471.3 1 1
github.com/JungHoonGhae/tossinvest-cli/internal/strategyrouter/production_family_activation.go:472.2,472.34 1 1
github.com/JungHoonGhae/tossinvest-cli/internal/strategyrouter/production_family_activation.go:472.34,474.3 1 0
github.com/JungHoonGhae/tossinvest-cli/internal/strategyrouter/production_family_activation.go:475.2,477.110 2 1
github.com/JungHoonGhae/tossinvest-cli/internal/strategyrouter/production_family_activation.go:492.92,493.74 1 1
github.com/JungHoonGhae/tossinvest-cli/internal/strategyrouter/production_family_activation.go:493.74,495.3 1 0
github.com/JungHoonGhae/tossinvest-cli/internal/strategyrouter/production_family_activation.go:496.2,499.50 4 1
github.com/JungHoonGhae/tossinvest-cli/internal/strategyrouter/production_family_activation.go:499.50,501.3 1 1
github.com/JungHoonGhae/tossinvest-cli/internal/strategyrouter/production_family_activation.go:502.2,502.55 1 1
github.com/JungHoonGhae/tossinvest-cli/internal/strategyrouter/production_family_activation.go:502.55,504.3 1 1
github.com/JungHoonGhae/tossinvest-cli/internal/strategyrouter/production_family_activation.go:505.2,506.49 2 1
github.com/JungHoonGhae/tossinvest-cli/internal/strategyrouter/production_family_activation.go:506.49,508.3 1 1
github.com/JungHoonGhae/tossinvest-cli/internal/strategyrouter/production_family_activation.go:509.2,509.22 1 1
github.com/JungHoonGhae/tossinvest-cli/internal/strategyrouter/production_family_activation.go:524.67,532.40 1 1
github.com/JungHoonGhae/tossinvest-cli/internal/strategyrouter/production_family_activation.go:532.40,534.3 1 1
github.com/JungHoonGhae/tossinvest-cli/internal/strategyrouter/production_family_activation.go:535.2,540.90 5 1
github.com/JungHoonGhae/tossinvest-cli/internal/strategyrouter/production_family_activation.go:540.90,542.3 1 1
github.com/JungHoonGhae/tossinvest-cli/internal/strategyrouter/production_family_activation.go:544.2,544.67 1 1
github.com/JungHoonGhae/tossinvest-cli/internal/strategyrouter/production_family_activation.go:544.67,546.3 1 1
github.com/JungHoonGhae/tossinvest-cli/internal/strategyrouter/production_family_activation.go:553.2,562.46 3 1
github.com/JungHoonGhae/tossinvest-cli/internal/strategyrouter/production_family_activation.go:562.46,566.87 2 1
github.com/JungHoonGhae/tossinvest-cli/internal/strategyrouter/production_family_activation.go:566.87,568.4 1 1
github.com/JungHoonGhae/tossinvest-cli/internal/strategyrouter/production_family_activation.go:571.3,571.71 1 1
github.com/JungHoonGhae/tossinvest-cli/internal/strategyrouter/production_family_activation.go:571.71,573.4 1 1
github.com/JungHoonGhae/tossinvest-cli/internal/strategyrouter/production_family_activation.go:574.3,575.44 2 1
github.com/JungHoonGhae/tossinvest-cli/internal/strategyrouter/production_family_activation.go:575.44,577.4 1 1
github.com/JungHoonGhae/tossinvest-cli/internal/strategyrouter/production_family_activation.go:578.3,578.26 1 1
github.com/JungHoonGhae/tossinvest-cli/internal/strategyrouter/production_family_activation.go:580.2,580.29 1 1
github.com/JungHoonGhae/tossinvest-cli/internal/strategyrouter/production_family_activation.go:580.29,582.3 1 1
github.com/JungHoonGhae/tossinvest-cli/internal/strategyrouter/production_family_activation.go:583.2,583.19 1 1
github.com/JungHoonGhae/tossinvest-cli/internal/strategyrouter/production_family_activation_testseam.go:17.107,19.2 1 0
github.com/JungHoonGhae/tossinvest-cli/internal/strategyrouter/production_family_activation_testseam.go:30.20,33.2 1 0
github.com/JungHoonGhae/tossinvest-cli/internal/strategyrouter/production_family_activation_testseam.go:41.20,43.76 2 0
github.com/JungHoonGhae/tossinvest-cli/internal/strategyrouter/production_family_activation_testseam.go:43.76,45.3 1 0
github.com/JungHoonGhae/tossinvest-cli/internal/strategyrouter/production_family_activation_testseam.go:46.2,47.34 2 0
github.com/JungHoonGhae/tossinvest-cli/internal/strategyrouter/production_family_activation_testseam.go:47.34,49.23 2 0
github.com/JungHoonGhae/tossinvest-cli/internal/strategyrouter/production_family_activation_testseam.go:49.23,51.4 1 0
github.com/JungHoonGhae/tossinvest-cli/internal/strategyrouter/production_family_activation_testseam.go:52.3,54.76 1 0
github.com/JungHoonGhae/tossinvest-cli/internal/strategyrouter/production_family_activation_testseam.go:56.2,58.76 1 0
github.com/JungHoonGhae/tossinvest-cli/internal/strategyrouter/production_family_activation_testseam.go:63.60,65.57 2 0
github.com/JungHoonGhae/tossinvest-cli/internal/strategyrouter/production_family_activation_testseam.go:65.57,67.3 1 0
github.com/JungHoonGhae/tossinvest-cli/internal/strategyrouter/production_family_activation_testseam.go:68.2,68.17 1 0
github.com/JungHoonGhae/tossinvest-cli/internal/strategyrouter/production_owner_linux.go:10.62,12.9 2 1
github.com/JungHoonGhae/tossinvest-cli/internal/strategyrouter/production_owner_linux.go:12.9,14.3 1 0
github.com/JungHoonGhae/tossinvest-cli/internal/strategyrouter/production_owner_linux.go:15.2,15.23 1 1
github.com/JungHoonGhae/tossinvest-cli/internal/strategyrouter/production_owner_unix.go:10.47,10.84 1 1
github.com/JungHoonGhae/tossinvest-cli/internal/strategyrouter/production_owner_unix.go:12.106,14.115 2 1
github.com/JungHoonGhae/tossinvest-cli/internal/strategyrouter/production_owner_unix.go:14.115,16.3 1 1
github.com/JungHoonGhae/tossinvest-cli/internal/strategyrouter/production_owner_unix.go:17.2,18.74 2 1
github.com/JungHoonGhae/tossinvest-cli/internal/strategyrouter/production_owner_unix.go:18.74,20.3 1 0
github.com/JungHoonGhae/tossinvest-cli/internal/strategyrouter/production_owner_unix.go:21.2,22.16 2 1
github.com/JungHoonGhae/tossinvest-cli/internal/strategyrouter/production_owner_unix.go:22.16,24.3 1 0
github.com/JungHoonGhae/tossinvest-cli/internal/strategyrouter/production_owner_unix.go:25.2,27.80 3 1
github.com/JungHoonGhae/tossinvest-cli/internal/strategyrouter/production_owner_unix.go:27.80,29.3 1 0
github.com/JungHoonGhae/tossinvest-cli/internal/strategyrouter/production_owner_unix.go:30.2,31.46 2 1
github.com/JungHoonGhae/tossinvest-cli/internal/strategyrouter/production_owner_unix.go:31.46,33.3 1 0
github.com/JungHoonGhae/tossinvest-cli/internal/strategyrouter/production_owner_unix.go:34.2,35.47 2 1
github.com/JungHoonGhae/tossinvest-cli/internal/strategyrouter/production_owner_unix.go:35.47,37.3 1 0
github.com/JungHoonGhae/tossinvest-cli/internal/strategyrouter/production_owner_unix.go:38.2,38.18 1 1
github.com/JungHoonGhae/tossinvest-cli/internal/strategyrouter/production_owner_unix.go:41.74,43.110 2 1
github.com/JungHoonGhae/tossinvest-cli/internal/strategyrouter/production_owner_unix.go:43.110,45.3 1 0
github.com/JungHoonGhae/tossinvest-cli/internal/strategyrouter/production_owner_unix.go:46.2,47.25 2 1
github.com/JungHoonGhae/tossinvest-cli/internal/strategyrouter/production_owner_unix.go:47.25,49.3 1 0
github.com/JungHoonGhae/tossinvest-cli/internal/strategyrouter/production_owner_unix.go:50.2,50.12 1 1
github.com/JungHoonGhae/tossinvest-cli/internal/strategyrouter/production_route_manifest_testseam.go:25.83,29.123 4 1
github.com/JungHoonGhae/tossinvest-cli/internal/strategyrouter/production_route_manifest_testseam.go:29.123,33.3 1 1
github.com/JungHoonGhae/tossinvest-cli/internal/strategyrouter/production_route_manifest_testseam.go:34.2,40.24 2 1
github.com/JungHoonGhae/tossinvest-cli/internal/strategyrouter/production_route_manifest_testseam.go:40.24,47.3 1 1
github.com/JungHoonGhae/tossinvest-cli/internal/strategyrouter/production_route_manifest_testseam.go:48.2,55.176 1 1
github.com/JungHoonGhae/tossinvest-cli/internal/strategyrouter/production_route_manifest_testseam.go:60.146,62.16 2 1
github.com/JungHoonGhae/tossinvest-cli/internal/strategyrouter/production_route_manifest_testseam.go:62.16,64.3 1 0
github.com/JungHoonGhae/tossinvest-cli/internal/strategyrouter/production_route_manifest_testseam.go:65.2,67.16 3 1
github.com/JungHoonGhae/tossinvest-cli/internal/strategyrouter/production_route_manifest_testseam.go:67.16,69.3 1 0
github.com/JungHoonGhae/tossinvest-cli/internal/strategyrouter/production_route_manifest_testseam.go:70.2,71.16 2 1
github.com/JungHoonGhae/tossinvest-cli/internal/strategyrouter/production_route_manifest_testseam.go:71.16,73.3 1 0
github.com/JungHoonGhae/tossinvest-cli/internal/strategyrouter/production_route_manifest_testseam.go:74.2,74.103 1 1
github.com/JungHoonGhae/tossinvest-cli/internal/strategyrouter/production_route_manifest_testseam.go:74.103,76.3 1 0
github.com/JungHoonGhae/tossinvest-cli/internal/strategyrouter/production_route_manifest_testseam.go:77.2,81.129 2 1
github.com/JungHoonGhae/tossinvest-cli/internal/strategyrouter/production_testseam.go:9.184,11.16 2 0
github.com/JungHoonGhae/tossinvest-cli/internal/strategyrouter/production_testseam.go:11.16,13.3 1 0
github.com/JungHoonGhae/tossinvest-cli/internal/strategyrouter/production_testseam.go:14.2,14.134 1 0
github.com/JungHoonGhae/tossinvest-cli/internal/strategyrouter/production_testseam.go:19.137,21.40 2 0
github.com/JungHoonGhae/tossinvest-cli/internal/strategyrouter/production_testseam.go:21.40,23.31 2 0
github.com/JungHoonGhae/tossinvest-cli/internal/strategyrouter/production_testseam.go:23.31,25.4 1 0
github.com/JungHoonGhae/tossinvest-cli/internal/strategyrouter/production_testseam.go:26.3,27.41 2 0
github.com/JungHoonGhae/tossinvest-cli/internal/strategyrouter/production_testseam.go:29.2,29.86 1 0
github.com/JungHoonGhae/tossinvest-cli/internal/strategyrouter/quota.go:15.47,17.2 1 1
github.com/JungHoonGhae/tossinvest-cli/internal/strategyrouter/quota.go:42.72,49.142 2 1
github.com/JungHoonGhae/tossinvest-cli/internal/strategyrouter/quota.go:49.142,51.3 1 0
github.com/JungHoonGhae/tossinvest-cli/internal/strategyrouter/quota.go:52.2,53.22 2 1
github.com/JungHoonGhae/tossinvest-cli/internal/strategyrouter/quota.go:56.57,58.207 2 1
github.com/JungHoonGhae/tossinvest-cli/internal/strategyrouter/quota.go:58.207,60.3 1 1
github.com/JungHoonGhae/tossinvest-cli/internal/strategyrouter/quota.go:61.2,61.145 1 1
github.com/JungHoonGhae/tossinvest-cli/internal/strategyrouter/quota.go:61.145,63.3 1 1
github.com/JungHoonGhae/tossinvest-cli/internal/strategyrouter/quota.go:64.2,66.15 3 1
github.com/JungHoonGhae/tossinvest-cli/internal/strategyrouter/quota.go:96.53,98.233 2 1
github.com/JungHoonGhae/tossinvest-cli/internal/strategyrouter/quota.go:98.233,100.3 1 1
github.com/JungHoonGhae/tossinvest-cli/internal/strategyrouter/quota.go:101.2,104.15 4 1
github.com/JungHoonGhae/tossinvest-cli/internal/strategyrouter/quota.go:107.84,109.210 2 1
github.com/JungHoonGhae/tossinvest-cli/internal/strategyrouter/quota.go:109.210,111.3 1 1
github.com/JungHoonGhae/tossinvest-cli/internal/strategyrouter/quota.go:112.2,113.30 2 1
github.com/JungHoonGhae/tossinvest-cli/internal/strategyrouter/quota.go:116.36,119.33 3 1
github.com/JungHoonGhae/tossinvest-cli/internal/strategyrouter/quota.go:119.33,122.3 2 1
github.com/JungHoonGhae/tossinvest-cli/internal/strategyrouter/quota.go:123.2,123.24 1 1
github.com/JungHoonGhae/tossinvest-cli/internal/strategyrouter/quota.go:159.42,161.2 1 1
github.com/JungHoonGhae/tossinvest-cli/internal/strategyrouter/quota.go:163.62,164.16 1 1
github.com/JungHoonGhae/tossinvest-cli/internal/strategyrouter/quota.go:164.16,166.3 1 0
github.com/JungHoonGhae/tossinvest-cli/internal/strategyrouter/quota.go:167.2,167.84 1 1
github.com/JungHoonGhae/tossinvest-cli/internal/strategyrouter/quota.go:170.72,171.102 1 1
github.com/JungHoonGhae/tossinvest-cli/internal/strategyrouter/quota.go:171.102,173.3 1 1
github.com/JungHoonGhae/tossinvest-cli/internal/strategyrouter/quota.go:174.2,176.58 3 1
github.com/JungHoonGhae/tossinvest-cli/internal/strategyrouter/quota.go:176.58,178.3 1 0
github.com/JungHoonGhae/tossinvest-cli/internal/strategyrouter/quota.go:179.2,180.46 2 1
github.com/JungHoonGhae/tossinvest-cli/internal/strategyrouter/quota.go:180.46,182.3 1 1
github.com/JungHoonGhae/tossinvest-cli/internal/strategyrouter/quota.go:183.2,183.46 1 1
github.com/JungHoonGhae/tossinvest-cli/internal/strategyrouter/quota.go:183.46,185.3 1 1
github.com/JungHoonGhae/tossinvest-cli/internal/strategyrouter/quota.go:186.2,187.12 2 1
github.com/JungHoonGhae/tossinvest-cli/internal/strategyrouter/quota.go:190.58,192.253 2 1
github.com/JungHoonGhae/tossinvest-cli/internal/strategyrouter/quota.go:192.253,194.3 1 1
github.com/JungHoonGhae/tossinvest-cli/internal/strategyrouter/quota.go:195.2,197.15 3 1
github.com/JungHoonGhae/tossinvest-cli/internal/strategyrouter/quota.go:200.55,203.2 1 1
github.com/JungHoonGhae/tossinvest-cli/internal/strategyrouter/quota.go:205.80,206.55 1 1
github.com/JungHoonGhae/tossinvest-cli/internal/strategyrouter/quota.go:206.55,208.3 1 0
github.com/JungHoonGhae/tossinvest-cli/internal/strategyrouter/quota.go:209.2,212.9 4 1
github.com/JungHoonGhae/tossinvest-cli/internal/strategyrouter/quota.go:212.9,214.3 1 0
github.com/JungHoonGhae/tossinvest-cli/internal/strategyrouter/quota.go:215.2,216.101 2 1
github.com/JungHoonGhae/tossinvest-cli/internal/strategyrouter/quota.go:216.101,218.3 1 1
github.com/JungHoonGhae/tossinvest-cli/internal/strategyrouter/quota.go:219.2,220.70 2 1
github.com/JungHoonGhae/tossinvest-cli/internal/strategyrouter/quota.go:220.70,221.51 1 1
github.com/JungHoonGhae/tossinvest-cli/internal/strategyrouter/quota.go:221.51,223.4 1 1
github.com/JungHoonGhae/tossinvest-cli/internal/strategyrouter/quota.go:224.3,224.44 1 0
github.com/JungHoonGhae/tossinvest-cli/internal/strategyrouter/quota.go:226.2,226.39 1 1
github.com/JungHoonGhae/tossinvest-cli/internal/strategyrouter/quota.go:226.39,228.3 1 1
github.com/JungHoonGhae/tossinvest-cli/internal/strategyrouter/quota.go:229.2,241.46 10 1
github.com/JungHoonGhae/tossinvest-cli/internal/strategyrouter/quota.go:244.110,245.72 1 1
github.com/JungHoonGhae/tossinvest-cli/internal/strategyrouter/quota.go:245.72,247.3 1 0
github.com/JungHoonGhae/tossinvest-cli/internal/strategyrouter/quota.go:248.2,248.66 1 1
github.com/JungHoonGhae/tossinvest-cli/internal/strategyrouter/quota.go:248.66,250.3 1 1
github.com/JungHoonGhae/tossinvest-cli/internal/strategyrouter/quota.go:251.2,251.77 1 1
github.com/JungHoonGhae/tossinvest-cli/internal/strategyrouter/quota.go:251.77,253.3 1 1
github.com/JungHoonGhae/tossinvest-cli/internal/strategyrouter/quota.go:254.2,258.9 5 1
github.com/JungHoonGhae/tossinvest-cli/internal/strategyrouter/quota.go:258.9,260.3 1 0
github.com/JungHoonGhae/tossinvest-cli/internal/strategyrouter/quota.go:261.2,262.72 2 1
github.com/JungHoonGhae/tossinvest-cli/internal/strategyrouter/quota.go:262.72,264.3 1 1
github.com/JungHoonGhae/tossinvest-cli/internal/strategyrouter/quota.go:265.2,266.28 2 1
github.com/JungHoonGhae/tossinvest-cli/internal/strategyrouter/quota.go:266.28,268.3 1 1
github.com/JungHoonGhae/tossinvest-cli/internal/strategyrouter/quota.go:269.2,269.20 1 1
github.com/JungHoonGhae/tossinvest-cli/internal/strategyrouter/quota.go:272.75,273.22 1 1
github.com/JungHoonGhae/tossinvest-cli/internal/strategyrouter/quota.go:273.22,275.3 1 0
github.com/JungHoonGhae/tossinvest-cli/internal/strategyrouter/quota.go:276.2,279.9 4 1
github.com/JungHoonGhae/tossinvest-cli/internal/strategyrouter/quota.go:279.9,281.3 1 0
github.com/JungHoonGhae/tossinvest-cli/internal/strategyrouter/quota.go:282.2,283.38 2 1
github.com/JungHoonGhae/tossinvest-cli/internal/strategyrouter/quota.go:283.38,285.3 1 1
github.com/JungHoonGhae/tossinvest-cli/internal/strategyrouter/quota.go:286.2,286.144 1 1
github.com/JungHoonGhae/tossinvest-cli/internal/strategyrouter/registry.go:19.33,24.2 1 1
github.com/JungHoonGhae/tossinvest-cli/internal/strategyrouter/registry.go:26.58,27.27 1 1
github.com/JungHoonGhae/tossinvest-cli/internal/strategyrouter/registry.go:27.27,29.3 1 1
github.com/JungHoonGhae/tossinvest-cli/internal/strategyrouter/registry.go:30.2,31.41 2 1
github.com/JungHoonGhae/tossinvest-cli/internal/strategyrouter/registry.go:31.41,32.252 1 1
github.com/JungHoonGhae/tossinvest-cli/internal/strategyrouter/registry.go:32.252,34.4 1 1
github.com/JungHoonGhae/tossinvest-cli/internal/strategyrouter/registry.go:35.3,35.33 1 0
github.com/JungHoonGhae/tossinvest-cli/internal/strategyrouter/registry.go:37.2,37.40 1 0
github.com/JungHoonGhae/tossinvest-cli/internal/strategyrouter/registry.go:37.40,39.3 1 0
github.com/JungHoonGhae/tossinvest-cli/internal/strategyrouter/registry.go:40.2,40.12 1 0
github.com/JungHoonGhae/tossinvest-cli/internal/strategyrouter/router.go:20.101,27.67 2 1
github.com/JungHoonGhae/tossinvest-cli/internal/strategyrouter/router.go:27.67,29.3 1 1
github.com/JungHoonGhae/tossinvest-cli/internal/strategyrouter/router.go:30.2,30.30 1 1
github.com/JungHoonGhae/tossinvest-cli/internal/strategyrouter/router.go:30.30,32.3 1 0
github.com/JungHoonGhae/tossinvest-cli/internal/strategyrouter/router.go:33.2,33.62 1 1
github.com/JungHoonGhae/tossinvest-cli/internal/strategyrouter/router.go:33.62,35.3 1 0
github.com/JungHoonGhae/tossinvest-cli/internal/strategyrouter/router.go:36.2,36.33 1 1
github.com/JungHoonGhae/tossinvest-cli/internal/strategyrouter/router.go:36.33,38.3 1 0
github.com/JungHoonGhae/tossinvest-cli/internal/strategyrouter/router.go:39.2,39.17 1 1
github.com/JungHoonGhae/tossinvest-cli/internal/strategyrouter/router.go:42.39,45.2 2 1
github.com/JungHoonGhae/tossinvest-cli/internal/strategyrouter/router.go:68.142,69.148 1 1
github.com/JungHoonGhae/tossinvest-cli/internal/strategyrouter/router.go:69.148,71.3 1 0
github.com/JungHoonGhae/tossinvest-cli/internal/strategyrouter/router.go:72.2,73.45 2 1
github.com/JungHoonGhae/tossinvest-cli/internal/strategyrouter/router.go:73.45,74.53 1 1
github.com/JungHoonGhae/tossinvest-cli/internal/strategyrouter/router.go:74.53,76.4 1 1
github.com/JungHoonGhae/tossinvest-cli/internal/strategyrouter/router.go:77.3,77.51 1 1
github.com/JungHoonGhae/tossinvest-cli/internal/strategyrouter/router.go:77.51,79.4 1 1
github.com/JungHoonGhae/tossinvest-cli/internal/strategyrouter/router.go:80.3,80.61 1 0
github.com/JungHoonGhae/tossinvest-cli/internal/strategyrouter/router.go:82.2,82.35 1 1
github.com/JungHoonGhae/tossinvest-cli/internal/strategyrouter/router.go:82.35,83.25 1 1
github.com/JungHoonGhae/tossinvest-cli/internal/strategyrouter/router.go:83.25,85.4 1 0
github.com/JungHoonGhae/tossinvest-cli/internal/strategyrouter/router.go:87.2,89.22 3 1
github.com/JungHoonGhae/tossinvest-cli/internal/strategyrouter/router.go:92.35,96.2 1 1
github.com/JungHoonGhae/tossinvest-cli/internal/strategyrouter/router.go:98.57,106.40 8 1
github.com/JungHoonGhae/tossinvest-cli/internal/strategyrouter/router.go:106.40,112.19 6 1
github.com/JungHoonGhae/tossinvest-cli/internal/strategyrouter/router.go:112.19,114.4 1 1
github.com/JungHoonGhae/tossinvest-cli/internal/strategyrouter/router.go:114.9,116.4 1 1
github.com/JungHoonGhae/tossinvest-cli/internal/strategyrouter/router.go:117.3,118.42 2 1
github.com/JungHoonGhae/tossinvest-cli/internal/strategyrouter/router.go:120.2,122.15 3 1
github.com/JungHoonGhae/tossinvest-cli/internal/strategyrouter/router.go:129.46,132.2 2 1
github.com/JungHoonGhae/tossinvest-cli/internal/strategyrouter/router.go:134.46,138.2 3 1
github.com/JungHoonGhae/tossinvest-cli/internal/strategyrouter/router.go:140.48,145.2 4 1
github.com/JungHoonGhae/tossinvest-cli/internal/strategyrouter/router.go:160.52,165.2 1 1
github.com/JungHoonGhae/tossinvest-cli/internal/strategyrouter/router.go:195.46,197.103 2 1
github.com/JungHoonGhae/tossinvest-cli/internal/strategyrouter/router.go:197.103,200.3 2 0
github.com/JungHoonGhae/tossinvest-cli/internal/strategyrouter/router.go:201.2,202.82 2 1
github.com/JungHoonGhae/tossinvest-cli/internal/strategyrouter/router.go:202.82,205.3 2 1
github.com/JungHoonGhae/tossinvest-cli/internal/strategyrouter/router.go:206.2,206.33 1 1
github.com/JungHoonGhae/tossinvest-cli/internal/strategyrouter/router.go:206.33,209.3 2 0
github.com/JungHoonGhae/tossinvest-cli/internal/strategyrouter/router.go:210.2,210.56 1 1
github.com/JungHoonGhae/tossinvest-cli/internal/strategyrouter/router.go:210.56,213.3 2 0
github.com/JungHoonGhae/tossinvest-cli/internal/strategyrouter/router.go:214.2,214.105 1 1
github.com/JungHoonGhae/tossinvest-cli/internal/strategyrouter/router.go:214.105,217.3 2 1
github.com/JungHoonGhae/tossinvest-cli/internal/strategyrouter/router.go:218.2,219.40 2 1
github.com/JungHoonGhae/tossinvest-cli/internal/strategyrouter/router.go:219.40,220.31 1 1
github.com/JungHoonGhae/tossinvest-cli/internal/strategyrouter/router.go:220.31,223.4 2 1
github.com/JungHoonGhae/tossinvest-cli/internal/strategyrouter/router.go:224.3,224.25 1 1
github.com/JungHoonGhae/tossinvest-cli/internal/strategyrouter/router.go:224.25,227.4 2 0
github.com/JungHoonGhae/tossinvest-cli/internal/strategyrouter/router.go:228.3,228.19 1 1
github.com/JungHoonGhae/tossinvest-cli/internal/strategyrouter/router.go:228.19,230.4 1 1
github.com/JungHoonGhae/tossinvest-cli/internal/strategyrouter/router.go:232.2,232.21 1 1
github.com/JungHoonGhae/tossinvest-cli/internal/strategyrouter/router.go:232.21,235.3 2 1
github.com/JungHoonGhae/tossinvest-cli/internal/strategyrouter/router.go:236.2,236.46 1 1
github.com/JungHoonGhae/tossinvest-cli/internal/strategyrouter/router.go:236.46,239.3 2 0
github.com/JungHoonGhae/tossinvest-cli/internal/strategyrouter/router.go:240.2,240.55 1 1
github.com/JungHoonGhae/tossinvest-cli/internal/strategyrouter/router.go:240.55,243.3 2 1
github.com/JungHoonGhae/tossinvest-cli/internal/strategyrouter/router.go:244.2,244.108 1 1
github.com/JungHoonGhae/tossinvest-cli/internal/strategyrouter/router.go:244.108,247.3 2 1
github.com/JungHoonGhae/tossinvest-cli/internal/strategyrouter/router.go:248.2,248.90 1 1
github.com/JungHoonGhae/tossinvest-cli/internal/strategyrouter/router.go:248.90,251.3 2 1
github.com/JungHoonGhae/tossinvest-cli/internal/strategyrouter/router.go:252.2,252.22 1 1
github.com/JungHoonGhae/tossinvest-cli/internal/strategyrouter/router.go:252.22,254.61 2 1
github.com/JungHoonGhae/tossinvest-cli/internal/strategyrouter/router.go:254.61,257.4 2 0
github.com/JungHoonGhae/tossinvest-cli/internal/strategyrouter/router.go:258.3,259.16 2 1
github.com/JungHoonGhae/tossinvest-cli/internal/strategyrouter/router.go:262.2,264.47 3 1
github.com/JungHoonGhae/tossinvest-cli/internal/strategyrouter/router.go:264.47,265.35 1 1
github.com/JungHoonGhae/tossinvest-cli/internal/strategyrouter/router.go:265.35,268.4 2 0
github.com/JungHoonGhae/tossinvest-cli/internal/strategyrouter/router.go:269.3,269.38 1 1
github.com/JungHoonGhae/tossinvest-cli/internal/strategyrouter/router.go:269.38,272.4 2 0
github.com/JungHoonGhae/tossinvest-cli/internal/strategyrouter/router.go:273.3,273.92 1 1
github.com/JungHoonGhae/tossinvest-cli/internal/strategyrouter/router.go:273.92,274.12 1 0
github.com/JungHoonGhae/tossinvest-cli/internal/strategyrouter/router.go:276.3,276.49 1 1
github.com/JungHoonGhae/tossinvest-cli/internal/strategyrouter/router.go:276.49,278.4 1 1
github.com/JungHoonGhae/tossinvest-cli/internal/strategyrouter/router.go:278.9,278.47 1 1
github.com/JungHoonGhae/tossinvest-cli/internal/strategyrouter/router.go:278.47,280.4 1 1
github.com/JungHoonGhae/tossinvest-cli/internal/strategyrouter/router.go:282.2,282.9 1 1
github.com/JungHoonGhae/tossinvest-cli/internal/strategyrouter/router.go:282.9,285.3 2 1
github.com/JungHoonGhae/tossinvest-cli/internal/strategyrouter/router.go:286.2,286.12 1 1
github.com/JungHoonGhae/tossinvest-cli/internal/strategyrouter/router.go:286.12,289.3 2 0
github.com/JungHoonGhae/tossinvest-cli/internal/strategyrouter/router.go:290.2,291.15 2 1
github.com/JungHoonGhae/tossinvest-cli/internal/strategyrouter/routeset.go:26.49,27.62 1 1
github.com/JungHoonGhae/tossinvest-cli/internal/strategyrouter/routeset.go:27.62,29.3 1 0
github.com/JungHoonGhae/tossinvest-cli/internal/strategyrouter/routeset.go:30.2,30.110 1 1
github.com/JungHoonGhae/tossinvest-cli/internal/strategyrouter/routeset.go:34.43,35.122 1 1
github.com/JungHoonGhae/tossinvest-cli/internal/strategyrouter/routeset.go:35.122,37.3 1 1
github.com/JungHoonGhae/tossinvest-cli/internal/strategyrouter/routeset.go:38.2,40.59 3 1
github.com/JungHoonGhae/tossinvest-cli/internal/strategyrouter/routeset.go:47.52,49.103 2 1
github.com/JungHoonGhae/tossinvest-cli/internal/strategyrouter/routeset.go:49.103,52.3 2 1
github.com/JungHoonGhae/tossinvest-cli/internal/strategyrouter/routeset.go:53.2,54.82 2 1
github.com/JungHoonGhae/tossinvest-cli/internal/strategyrouter/routeset.go:54.82,57.3 2 0
github.com/JungHoonGhae/tossinvest-cli/internal/strategyrouter/routeset.go:58.2,58.33 1 1
github.com/JungHoonGhae/tossinvest-cli/internal/strategyrouter/routeset.go:58.33,61.3 2 0
github.com/JungHoonGhae/tossinvest-cli/internal/strategyrouter/routeset.go:62.2,62.56 1 1
github.com/JungHoonGhae/tossinvest-cli/internal/strategyrouter/routeset.go:62.56,65.3 2 0
github.com/JungHoonGhae/tossinvest-cli/internal/strategyrouter/routeset.go:66.2,66.105 1 1
github.com/JungHoonGhae/tossinvest-cli/internal/strategyrouter/routeset.go:66.105,69.3 2 1
github.com/JungHoonGhae/tossinvest-cli/internal/strategyrouter/routeset.go:70.2,71.40 2 1
github.com/JungHoonGhae/tossinvest-cli/internal/strategyrouter/routeset.go:71.40,72.31 1 1
github.com/JungHoonGhae/tossinvest-cli/internal/strategyrouter/routeset.go:72.31,75.4 2 0
github.com/JungHoonGhae/tossinvest-cli/internal/strategyrouter/routeset.go:76.3,76.25 1 1
github.com/JungHoonGhae/tossinvest-cli/internal/strategyrouter/routeset.go:76.25,79.4 2 0
github.com/JungHoonGhae/tossinvest-cli/internal/strategyrouter/routeset.go:80.3,80.19 1 1
github.com/JungHoonGhae/tossinvest-cli/internal/strategyrouter/routeset.go:80.19,82.4 1 1
github.com/JungHoonGhae/tossinvest-cli/internal/strategyrouter/routeset.go:84.2,84.21 1 1
github.com/JungHoonGhae/tossinvest-cli/internal/strategyrouter/routeset.go:84.21,87.3 2 1
github.com/JungHoonGhae/tossinvest-cli/internal/strategyrouter/routeset.go:88.2,88.46 1 1
github.com/JungHoonGhae/tossinvest-cli/internal/strategyrouter/routeset.go:88.46,91.3 2 0
github.com/JungHoonGhae/tossinvest-cli/internal/strategyrouter/routeset.go:92.2,92.55 1 1
github.com/JungHoonGhae/tossinvest-cli/internal/strategyrouter/routeset.go:92.55,95.3 2 0
github.com/JungHoonGhae/tossinvest-cli/internal/strategyrouter/routeset.go:96.2,96.108 1 1
github.com/JungHoonGhae/tossinvest-cli/internal/strategyrouter/routeset.go:96.108,99.3 2 1
github.com/JungHoonGhae/tossinvest-cli/internal/strategyrouter/routeset.go:100.2,100.90 1 1
github.com/JungHoonGhae/tossinvest-cli/internal/strategyrouter/routeset.go:100.90,103.3 2 0
github.com/JungHoonGhae/tossinvest-cli/internal/strategyrouter/routeset.go:104.2,104.22 1 1
github.com/JungHoonGhae/tossinvest-cli/internal/strategyrouter/routeset.go:104.22,106.61 2 1
github.com/JungHoonGhae/tossinvest-cli/internal/strategyrouter/routeset.go:106.61,109.4 2 0
github.com/JungHoonGhae/tossinvest-cli/internal/strategyrouter/routeset.go:110.3,111.94 1 1
github.com/JungHoonGhae/tossinvest-cli/internal/strategyrouter/routeset.go:114.2,115.47 2 1
github.com/JungHoonGhae/tossinvest-cli/internal/strategyrouter/routeset.go:115.47,116.35 1 1
github.com/JungHoonGhae/tossinvest-cli/internal/strategyrouter/routeset.go:116.35,119.4 2 1
github.com/JungHoonGhae/tossinvest-cli/internal/strategyrouter/routeset.go:120.3,120.38 1 1
github.com/JungHoonGhae/tossinvest-cli/internal/strategyrouter/routeset.go:120.38,123.4 2 0
github.com/JungHoonGhae/tossinvest-cli/internal/strategyrouter/routeset.go:124.3,124.92 1 1
github.com/JungHoonGhae/tossinvest-cli/internal/strategyrouter/routeset.go:124.92,125.12 1 1
github.com/JungHoonGhae/tossinvest-cli/internal/strategyrouter/routeset.go:127.3,128.120 1 1
github.com/JungHoonGhae/tossinvest-cli/internal/strategyrouter/routeset.go:130.2,130.25 1 1
github.com/JungHoonGhae/tossinvest-cli/internal/strategyrouter/routeset.go:130.25,133.3 2 1
github.com/JungHoonGhae/tossinvest-cli/internal/strategyrouter/routeset.go:135.2,136.37 2 1
github.com/JungHoonGhae/tossinvest-cli/internal/strategyrouter/routeset.go:136.37,138.16 2 1
github.com/JungHoonGhae/tossinvest-cli/internal/strategyrouter/routeset.go:138.16,141.4 2 0
github.com/JungHoonGhae/tossinvest-cli/internal/strategyrouter/routeset.go:142.3,142.19 1 1
github.com/JungHoonGhae/tossinvest-cli/internal/strategyrouter/routeset.go:144.2,144.44 1 1
github.com/JungHoonGhae/tossinvest-cli/internal/strategyrouter/routeset.go:144.44,144.118 1 1
github.com/JungHoonGhae/tossinvest-cli/internal/strategyrouter/routeset.go:145.2,145.47 1 1
github.com/JungHoonGhae/tossinvest-cli/internal/strategyrouter/routeset.go:149.54,151.2 1 1
github.com/JungHoonGhae/tossinvest-cli/internal/strategyrouter/routeset.go:153.104,158.2 4 1
github.com/JungHoonGhae/tossinvest-cli/internal/strategyrouter/routeset.go:160.72,163.19 3 1
github.com/JungHoonGhae/tossinvest-cli/internal/strategyrouter/routeset.go:163.19,165.3 1 1
github.com/JungHoonGhae/tossinvest-cli/internal/strategyrouter/routeset.go:165.8,167.3 1 1
github.com/JungHoonGhae/tossinvest-cli/internal/strategyrouter/routeset.go:168.2,169.37 2 1
github.com/JungHoonGhae/tossinvest-cli/internal/strategyrouter/routeset.go:169.37,177.29 8 1
github.com/JungHoonGhae/tossinvest-cli/internal/strategyrouter/routeset.go:177.29,179.4 1 1
github.com/JungHoonGhae/tossinvest-cli/internal/strategyrouter/routeset.go:179.9,181.4 1 1
github.com/JungHoonGhae/tossinvest-cli/internal/strategyrouter/routeset.go:183.2,183.19 1 1
github.com/JungHoonGhae/tossinvest-cli/internal/strategyrouter/scheduler.go:47.69,54.26 2 1
github.com/JungHoonGhae/tossinvest-cli/internal/strategyrouter/scheduler.go:54.26,56.3 1 1
github.com/JungHoonGhae/tossinvest-cli/internal/strategyrouter/scheduler.go:57.2,57.135 1 1
github.com/JungHoonGhae/tossinvest-cli/internal/strategyrouter/scheduler.go:57.135,59.3 1 0
github.com/JungHoonGhae/tossinvest-cli/internal/strategyrouter/scheduler.go:60.2,62.93 1 1
github.com/JungHoonGhae/tossinvest-cli/internal/strategyrouter/scheduler.go:62.93,64.3 1 0
github.com/JungHoonGhae/tossinvest-cli/internal/strategyrouter/scheduler.go:65.2,66.37 2 1
github.com/JungHoonGhae/tossinvest-cli/internal/strategyrouter/scheduler.go:66.37,68.3 1 0
github.com/JungHoonGhae/tossinvest-cli/internal/strategyrouter/scheduler.go:69.2,69.62 1 1
github.com/JungHoonGhae/tossinvest-cli/internal/strategyrouter/scheduler.go:69.62,70.190 1 1
github.com/JungHoonGhae/tossinvest-cli/internal/strategyrouter/scheduler.go:70.190,72.4 1 0
github.com/JungHoonGhae/tossinvest-cli/internal/strategyrouter/scheduler.go:73.8,73.42 1 0
github.com/JungHoonGhae/tossinvest-cli/internal/strategyrouter/scheduler.go:73.42,75.3 1 0
github.com/JungHoonGhae/tossinvest-cli/internal/strategyrouter/scheduler.go:76.2,77.20 2 1
github.com/JungHoonGhae/tossinvest-cli/internal/strategyrouter/scheduler.go:80.54,82.26 2 1
github.com/JungHoonGhae/tossinvest-cli/internal/strategyrouter/scheduler.go:82.26,84.3 1 0
github.com/JungHoonGhae/tossinvest-cli/internal/strategyrouter/scheduler.go:85.2,86.15 2 1
github.com/JungHoonGhae/tossinvest-cli/internal/strategyrouter/scheduler.go:89.53,95.4 2 1
github.com/JungHoonGhae/tossinvest-cli/internal/strategyrouter/scheduler.go:95.4,97.3 1 1
github.com/JungHoonGhae/tossinvest-cli/internal/strategyrouter/scheduler.go:98.2,101.15 4 1
github.com/JungHoonGhae/tossinvest-cli/internal/strategyrouter/scheduler.go:104.50,105.217 1 1
github.com/JungHoonGhae/tossinvest-cli/internal/strategyrouter/scheduler.go:105.217,107.3 1 1
github.com/JungHoonGhae/tossinvest-cli/internal/strategyrouter/scheduler.go:108.2,108.62 1 1
github.com/JungHoonGhae/tossinvest-cli/internal/strategyrouter/scheduler.go:108.62,111.3 1 1
github.com/JungHoonGhae/tossinvest-cli/internal/strategyrouter/scheduler.go:112.2,112.100 1 1
github.com/JungHoonGhae/tossinvest-cli/internal/strategyrouter/scheduler.go:123.41,125.2 1 1
github.com/JungHoonGhae/tossinvest-cli/internal/strategyrouter/scheduler.go:127.63,130.44 3 1
github.com/JungHoonGhae/tossinvest-cli/internal/strategyrouter/scheduler.go:130.44,132.3 1 1
github.com/JungHoonGhae/tossinvest-cli/internal/strategyrouter/scheduler.go:133.2,133.14 1 1
github.com/JungHoonGhae/tossinvest-cli/internal/strategyrouter/scheduler.go:136.53,137.99 1 1
github.com/JungHoonGhae/tossinvest-cli/internal/strategyrouter/scheduler.go:137.99,139.3 1 0
github.com/JungHoonGhae/tossinvest-cli/internal/strategyrouter/scheduler.go:140.2,140.54 1 1
github.com/JungHoonGhae/tossinvest-cli/internal/strategyrouter/scheduler.go:140.54,142.67 2 1
github.com/JungHoonGhae/tossinvest-cli/internal/strategyrouter/scheduler.go:142.67,144.4 1 0
github.com/JungHoonGhae/tossinvest-cli/internal/strategyrouter/scheduler.go:146.2,146.13 1 1
github.com/JungHoonGhae/tossinvest-cli/internal/strategyrouter/scheduler.go:153.157,154.120 1 1
github.com/JungHoonGhae/tossinvest-cli/internal/strategyrouter/scheduler.go:154.120,156.3 1 1
github.com/JungHoonGhae/tossinvest-cli/internal/strategyrouter/scheduler.go:157.2,158.120 2 1
github.com/JungHoonGhae/tossinvest-cli/internal/strategyrouter/scheduler.go:158.120,160.3 1 1
github.com/JungHoonGhae/tossinvest-cli/internal/strategyrouter/scheduler.go:161.2,163.26 3 1
github.com/JungHoonGhae/tossinvest-cli/internal/strategyrouter/scheduler.go:166.187,167.156 1 1
github.com/JungHoonGhae/tossinvest-cli/internal/strategyrouter/scheduler.go:167.156,169.3 1 0
github.com/JungHoonGhae/tossinvest-cli/internal/strategyrouter/scheduler.go:170.2,170.97 1 1
github.com/JungHoonGhae/tossinvest-cli/internal/strategyrouter/scheduler.go:170.97,172.3 1 1
github.com/JungHoonGhae/tossinvest-cli/internal/strategyrouter/scheduler.go:173.2,174.76 2 1
github.com/JungHoonGhae/tossinvest-cli/internal/strategyrouter/scheduler.go:174.76,176.3 1 0
github.com/JungHoonGhae/tossinvest-cli/internal/strategyrouter/scheduler.go:177.2,183.82 7 1
github.com/JungHoonGhae/tossinvest-cli/internal/strategyrouter/scheduler.go:191.68,192.33 1 1
github.com/JungHoonGhae/tossinvest-cli/internal/strategyrouter/scheduler.go:192.33,194.3 1 0
github.com/JungHoonGhae/tossinvest-cli/internal/strategyrouter/scheduler.go:195.2,195.62 1 1
github.com/JungHoonGhae/tossinvest-cli/internal/strategyrouter/scheduler.go:198.59,202.2 3 1
github.com/JungHoonGhae/tossinvest-cli/internal/strategyrouter/scheduler.go:204.132,208.32 4 1
github.com/JungHoonGhae/tossinvest-cli/internal/strategyrouter/scheduler.go:208.32,210.3 1 1
github.com/JungHoonGhae/tossinvest-cli/internal/strategyrouter/scheduler.go:211.2,211.15 1 1
github.com/JungHoonGhae/tossinvest-cli/internal/strategyrouter/scheduler.go:222.81,223.92 1 1
github.com/JungHoonGhae/tossinvest-cli/internal/strategyrouter/scheduler.go:223.92,225.3 1 1
github.com/JungHoonGhae/tossinvest-cli/internal/strategyrouter/scheduler.go:226.2,226.90 1 1
github.com/JungHoonGhae/tossinvest-cli/internal/strategyrouter/scheduler.go:226.90,228.3 1 0
github.com/JungHoonGhae/tossinvest-cli/internal/strategyrouter/scheduler.go:229.2,229.23 1 1
github.com/JungHoonGhae/tossinvest-cli/internal/strategyrouter/strategyflow_testseam.go:10.165,12.16 2 0
github.com/JungHoonGhae/tossinvest-cli/internal/strategyrouter/strategyflow_testseam.go:12.16,14.3 1 0
github.com/JungHoonGhae/tossinvest-cli/internal/strategyrouter/strategyflow_testseam.go:15.2,21.16 2 0
github.com/JungHoonGhae/tossinvest-cli/internal/strategyrouter/strategyflow_testseam.go:21.16,23.3 1 0
github.com/JungHoonGhae/tossinvest-cli/internal/strategyrouter/strategyflow_testseam.go:24.2,26.134 1 0
github.com/JungHoonGhae/tossinvest-cli/internal/strategyrouter/types.go:13.38,15.2 1 1
github.com/JungHoonGhae/tossinvest-cli/internal/strategyrouter/types.go:25.41,27.2 1 1
github.com/JungHoonGhae/tossinvest-cli/internal/strategyrouter/types.go:36.49,38.2 1 1
github.com/JungHoonGhae/tossinvest-cli/internal/strategyrouter/types.go:61.48,62.17 1 1
github.com/JungHoonGhae/tossinvest-cli/internal/strategyrouter/types.go:62.17,64.3 1 1
github.com/JungHoonGhae/tossinvest-cli/internal/strategyrouter/types.go:65.2,65.22 1 1
github.com/JungHoonGhae/tossinvest-cli/internal/strategyrouter/types.go:65.22,67.3 1 0
github.com/JungHoonGhae/tossinvest-cli/internal/strategyrouter/types.go:68.2,68.12 1 1
github.com/JungHoonGhae/tossinvest-cli/internal/app/engine/adoption.go:108.25,110.16 2 0
github.com/JungHoonGhae/tossinvest-cli/internal/app/engine/adoption.go:110.16,112.3 1 0
github.com/JungHoonGhae/tossinvest-cli/internal/app/engine/adoption.go:113.2,119.44 3 0
github.com/JungHoonGhae/tossinvest-cli/internal/app/engine/adoption.go:119.44,121.19 2 0
github.com/JungHoonGhae/tossinvest-cli/internal/app/engine/adoption.go:121.19,123.4 1 0
github.com/JungHoonGhae/tossinvest-cli/internal/app/engine/adoption.go:124.3,125.71 2 0
github.com/JungHoonGhae/tossinvest-cli/internal/app/engine/adoption.go:125.71,126.12 1 0
github.com/JungHoonGhae/tossinvest-cli/internal/app/engine/adoption.go:129.3,130.17 2 0
github.com/JungHoonGhae/tossinvest-cli/internal/app/engine/adoption.go:130.17,134.12 1 0
github.com/JungHoonGhae/tossinvest-cli/internal/app/engine/adoption.go:136.3,136.70 1 0
github.com/JungHoonGhae/tossinvest-cli/internal/app/engine/adoption.go:136.70,137.12 1 0
github.com/JungHoonGhae/tossinvest-cli/internal/app/engine/adoption.go:140.3,140.23 1 0
github.com/JungHoonGhae/tossinvest-cli/internal/app/engine/adoption.go:140.23,143.19 1 0
github.com/JungHoonGhae/tossinvest-cli/internal/app/engine/adoption.go:143.19,145.5 1 0
github.com/JungHoonGhae/tossinvest-cli/internal/app/engine/adoption.go:145.10,147.5 1 0
github.com/JungHoonGhae/tossinvest-cli/internal/app/engine/adoption.go:148.4,148.12 1 0
github.com/JungHoonGhae/tossinvest-cli/internal/app/engine/adoption.go:152.3,152.32 1 0
github.com/JungHoonGhae/tossinvest-cli/internal/app/engine/adoption.go:152.32,153.12 1 0
github.com/JungHoonGhae/tossinvest-cli/internal/app/engine/adoption.go:155.3,155.13 1 0
github.com/JungHoonGhae/tossinvest-cli/internal/app/engine/adoption.go:155.13,156.12 1 0
github.com/JungHoonGhae/tossinvest-cli/internal/app/engine/adoption.go:163.3,163.39 1 0
github.com/JungHoonGhae/tossinvest-cli/internal/app/engine/adoption.go:163.39,165.12 2 0
github.com/JungHoonGhae/tossinvest-cli/internal/app/engine/adoption.go:171.3,171.68 1 0
github.com/JungHoonGhae/tossinvest-cli/internal/app/engine/adoption.go:171.68,173.12 2 0
github.com/JungHoonGhae/tossinvest-cli/internal/app/engine/adoption.go:175.3,175.76 1 0
github.com/JungHoonGhae/tossinvest-cli/internal/app/engine/adoption.go:178.2,179.31 2 0
github.com/JungHoonGhae/tossinvest-cli/internal/app/engine/adoption.go:179.31,180.52 1 0
github.com/JungHoonGhae/tossinvest-cli/internal/app/engine/adoption.go:180.52,185.4 1 0
github.com/JungHoonGhae/tossinvest-cli/internal/app/engine/adoption.go:188.2,188.30 1 0
github.com/JungHoonGhae/tossinvest-cli/internal/app/engine/adoption.go:188.30,192.3 2 0
github.com/JungHoonGhae/tossinvest-cli/internal/app/engine/adoption.go:196.63,197.27 1 0
github.com/JungHoonGhae/tossinvest-cli/internal/app/engine/adoption.go:197.27,199.3 1 0
github.com/JungHoonGhae/tossinvest-cli/internal/app/engine/adoption.go:200.2,200.89 1 0
github.com/JungHoonGhae/tossinvest-cli/internal/app/engine/adoption.go:211.49,213.26 2 0
github.com/JungHoonGhae/tossinvest-cli/internal/app/engine/adoption.go:213.26,215.3 1 0
github.com/JungHoonGhae/tossinvest-cli/internal/app/engine/adoption.go:217.2,218.16 2 0
github.com/JungHoonGhae/tossinvest-cli/internal/app/engine/adoption.go:218.16,220.23 2 0
github.com/JungHoonGhae/tossinvest-cli/internal/app/engine/adoption.go:220.23,222.4 1 0
github.com/JungHoonGhae/tossinvest-cli/internal/app/engine/adoption.go:223.3,223.17 1 0
github.com/JungHoonGhae/tossinvest-cli/internal/app/engine/adoption.go:226.2,227.16 2 0
github.com/JungHoonGhae/tossinvest-cli/internal/app/engine/adoption.go:227.16,229.3 1 0
github.com/JungHoonGhae/tossinvest-cli/internal/app/engine/adoption.go:230.2,230.31 1 0
github.com/JungHoonGhae/tossinvest-cli/internal/app/engine/adoption.go:230.31,233.10 3 0
github.com/JungHoonGhae/tossinvest-cli/internal/app/engine/adoption.go:233.10,237.12 2 0
github.com/JungHoonGhae/tossinvest-cli/internal/app/engine/adoption.go:239.3,239.50 1 0
github.com/JungHoonGhae/tossinvest-cli/internal/app/engine/adoption.go:239.50,247.4 3 0
github.com/JungHoonGhae/tossinvest-cli/internal/app/engine/adoption.go:248.3,248.35 1 0
github.com/JungHoonGhae/tossinvest-cli/internal/app/engine/adoption.go:248.35,251.12 3 0
github.com/JungHoonGhae/tossinvest-cli/internal/app/engine/adoption.go:253.3,254.19 2 0
github.com/JungHoonGhae/tossinvest-cli/internal/app/engine/adoption.go:256.2,256.16 1 0
github.com/JungHoonGhae/tossinvest-cli/internal/app/engine/adoption.go:260.56,262.28 2 0
github.com/JungHoonGhae/tossinvest-cli/internal/app/engine/adoption.go:262.28,263.31 1 0
github.com/JungHoonGhae/tossinvest-cli/internal/app/engine/adoption.go:263.31,265.4 1 0
github.com/JungHoonGhae/tossinvest-cli/internal/app/engine/adoption.go:267.2,267.10 1 0
github.com/JungHoonGhae/tossinvest-cli/internal/app/engine/adoption.go:272.39,275.31 3 0
github.com/JungHoonGhae/tossinvest-cli/internal/app/engine/adoption.go:275.31,278.35 3 0
github.com/JungHoonGhae/tossinvest-cli/internal/app/engine/adoption.go:278.35,279.12 1 0
github.com/JungHoonGhae/tossinvest-cli/internal/app/engine/adoption.go:281.3,282.21 2 0
github.com/JungHoonGhae/tossinvest-cli/internal/app/engine/adoption.go:282.21,286.4 3 0
github.com/JungHoonGhae/tossinvest-cli/internal/app/engine/adoption.go:287.3,287.31 1 0
github.com/JungHoonGhae/tossinvest-cli/internal/app/engine/adoption.go:289.2,301.42 4 0
github.com/JungHoonGhae/tossinvest-cli/internal/app/engine/adoption.go:301.42,305.3 3 0
github.com/JungHoonGhae/tossinvest-cli/internal/app/engine/adoption.go:306.2,307.27 2 0
github.com/JungHoonGhae/tossinvest-cli/internal/app/engine/adoption.go:307.27,309.3 1 0
github.com/JungHoonGhae/tossinvest-cli/internal/app/engine/adoption.go:309.8,311.3 1 0
github.com/JungHoonGhae/tossinvest-cli/internal/app/engine/adoption.go:312.2,312.16 1 0
github.com/JungHoonGhae/tossinvest-cli/internal/app/engine/adoption.go:312.16,315.3 1 0
github.com/JungHoonGhae/tossinvest-cli/internal/app/engine/adoption.go:317.2,318.27 2 0
github.com/JungHoonGhae/tossinvest-cli/internal/app/engine/adoption.go:318.27,319.18 1 0
github.com/JungHoonGhae/tossinvest-cli/internal/app/engine/adoption.go:319.18,322.12 1 0
github.com/JungHoonGhae/tossinvest-cli/internal/app/engine/adoption.go:324.3,326.24 3 0
github.com/JungHoonGhae/tossinvest-cli/internal/app/engine/adoption.go:326.24,329.12 1 0
github.com/JungHoonGhae/tossinvest-cli/internal/app/engine/adoption.go:331.3,332.40 2 0
github.com/JungHoonGhae/tossinvest-cli/internal/app/engine/adoption.go:332.40,334.4 1 0
github.com/JungHoonGhae/tossinvest-cli/internal/app/engine/adoption.go:335.3,336.81 2 0
github.com/JungHoonGhae/tossinvest-cli/internal/app/engine/adoption.go:336.81,337.12 1 0
github.com/JungHoonGhae/tossinvest-cli/internal/app/engine/adoption.go:339.3,339.60 1 0
github.com/JungHoonGhae/tossinvest-cli/internal/app/engine/adoption.go:341.2,341.25 1 0
github.com/JungHoonGhae/tossinvest-cli/internal/app/engine/adoption.go:344.53,347.2 1 0
github.com/JungHoonGhae/tossinvest-cli/internal/app/engine/adoption.go:349.53,350.52 1 0
github.com/JungHoonGhae/tossinvest-cli/internal/app/engine/adoption.go:351.12,352.21 1 0
github.com/JungHoonGhae/tossinvest-cli/internal/app/engine/adoption.go:353.12,354.21 1 0
github.com/JungHoonGhae/tossinvest-cli/internal/app/engine/adoption.go:355.10,356.19 1 0
github.com/JungHoonGhae/tossinvest-cli/internal/app/engine/adoption.go:368.92,370.16 2 0
github.com/JungHoonGhae/tossinvest-cli/internal/app/engine/adoption.go:370.16,373.3 2 0
github.com/JungHoonGhae/tossinvest-cli/internal/app/engine/adoption.go:375.2,389.16 2 0
github.com/JungHoonGhae/tossinvest-cli/internal/app/engine/adoption.go:389.16,392.3 2 0
github.com/JungHoonGhae/tossinvest-cli/internal/app/engine/adoption.go:394.2,394.83 1 0
github.com/JungHoonGhae/tossinvest-cli/internal/app/engine/adoption.go:394.83,401.3 1 0
github.com/JungHoonGhae/tossinvest-cli/internal/app/engine/adoption.go:403.2,429.13 3 0
github.com/JungHoonGhae/tossinvest-cli/internal/app/engine/adoption.go:449.105,451.93 2 0
github.com/JungHoonGhae/tossinvest-cli/internal/app/engine/adoption.go:451.93,454.3 2 0
github.com/JungHoonGhae/tossinvest-cli/internal/app/engine/adoption.go:455.2,455.29 1 0
github.com/JungHoonGhae/tossinvest-cli/internal/app/engine/adoption.go:455.29,457.3 1 0
github.com/JungHoonGhae/tossinvest-cli/internal/app/engine/adoption.go:458.2,458.30 1 0
github.com/JungHoonGhae/tossinvest-cli/internal/app/engine/adoption.go:458.30,460.3 1 0
github.com/JungHoonGhae/tossinvest-cli/internal/app/engine/adoption.go:461.2,478.4 2 0
github.com/JungHoonGhae/tossinvest-cli/internal/app/engine/adoption.go:486.121,487.23 1 0
github.com/JungHoonGhae/tossinvest-cli/internal/app/engine/adoption.go:487.23,489.3 1 0
github.com/JungHoonGhae/tossinvest-cli/internal/app/engine/adoption.go:490.2,507.4 2 0
github.com/JungHoonGhae/tossinvest-cli/internal/app/engine/adoption.go:514.100,515.9 1 0
github.com/JungHoonGhae/tossinvest-cli/internal/app/engine/adoption.go:516.38,517.109 1 0
github.com/JungHoonGhae/tossinvest-cli/internal/app/engine/adoption.go:518.42,519.107 1 0
github.com/JungHoonGhae/tossinvest-cli/internal/app/engine/adoption.go:520.31,521.28 1 0
github.com/JungHoonGhae/tossinvest-cli/internal/app/engine/adoption.go:521.28,524.4 1 0
github.com/JungHoonGhae/tossinvest-cli/internal/app/engine/adoption.go:525.3,526.67 1 0
github.com/JungHoonGhae/tossinvest-cli/internal/app/engine/adoption.go:527.42,528.28 1 0
github.com/JungHoonGhae/tossinvest-cli/internal/app/engine/adoption.go:528.28,531.4 1 0
github.com/JungHoonGhae/tossinvest-cli/internal/app/engine/adoption.go:532.3,533.95 1 0
github.com/JungHoonGhae/tossinvest-cli/internal/app/engine/adoption.go:535.2,536.32 1 0
github.com/JungHoonGhae/tossinvest-cli/internal/app/engine/adoption.go:542.77,544.2 1 0
github.com/JungHoonGhae/tossinvest-cli/internal/app/engine/adoption.go:556.90,558.16 2 0
github.com/JungHoonGhae/tossinvest-cli/internal/app/engine/adoption.go:558.16,560.3 1 0
github.com/JungHoonGhae/tossinvest-cli/internal/app/engine/adoption.go:561.2,562.28 2 0
github.com/JungHoonGhae/tossinvest-cli/internal/app/engine/adoption.go:562.28,564.3 1 0
github.com/JungHoonGhae/tossinvest-cli/internal/app/engine/adoption.go:565.2,565.28 1 0
github.com/JungHoonGhae/tossinvest-cli/internal/app/engine/adoption.go:565.28,567.3 1 0
github.com/JungHoonGhae/tossinvest-cli/internal/app/engine/adoption.go:569.2,585.4 1 0
github.com/JungHoonGhae/tossinvest-cli/internal/app/engine/adoption.go:595.94,597.41 2 0
github.com/JungHoonGhae/tossinvest-cli/internal/app/engine/adoption.go:597.41,599.3 1 0
github.com/JungHoonGhae/tossinvest-cli/internal/app/engine/adoption.go:600.2,601.16 2 0
github.com/JungHoonGhae/tossinvest-cli/internal/app/engine/adoption.go:601.16,603.3 1 0
github.com/JungHoonGhae/tossinvest-cli/internal/app/engine/adoption.go:604.2,605.28 2 0
github.com/JungHoonGhae/tossinvest-cli/internal/app/engine/adoption.go:605.28,607.3 1 0
github.com/JungHoonGhae/tossinvest-cli/internal/app/engine/adoption.go:608.2,608.28 1 0
github.com/JungHoonGhae/tossinvest-cli/internal/app/engine/adoption.go:608.28,610.3 1 0
github.com/JungHoonGhae/tossinvest-cli/internal/app/engine/adoption.go:612.2,627.4 1 0
github.com/JungHoonGhae/tossinvest-cli/internal/app/engine/adoption.go:631.76,633.32 2 0
github.com/JungHoonGhae/tossinvest-cli/internal/app/engine/adoption.go:633.32,635.17 2 0
github.com/JungHoonGhae/tossinvest-cli/internal/app/engine/adoption.go:635.17,637.4 1 0
github.com/JungHoonGhae/tossinvest-cli/internal/app/engine/adoption.go:638.3,638.61 1 0
github.com/JungHoonGhae/tossinvest-cli/internal/app/engine/adoption.go:638.61,640.4 1 0
github.com/JungHoonGhae/tossinvest-cli/internal/app/engine/adoption.go:642.2,642.17 1 0
github.com/JungHoonGhae/tossinvest-cli/internal/app/engine/adoption.go:647.69,648.35 1 0
github.com/JungHoonGhae/tossinvest-cli/internal/app/engine/adoption.go:648.35,650.29 2 0
github.com/JungHoonGhae/tossinvest-cli/internal/app/engine/adoption.go:650.29,652.4 1 0
github.com/JungHoonGhae/tossinvest-cli/internal/app/engine/adoption.go:654.2,655.13 2 0
github.com/JungHoonGhae/tossinvest-cli/internal/app/engine/adoption.go:658.71,659.23 1 0
github.com/JungHoonGhae/tossinvest-cli/internal/app/engine/adoption.go:659.23,661.3 1 0
github.com/JungHoonGhae/tossinvest-cli/internal/app/engine/adoption.go:662.2,666.54 1 0
github.com/JungHoonGhae/tossinvest-cli/internal/app/engine/alert_control.go:48.53,50.2 1 1
github.com/JungHoonGhae/tossinvest-cli/internal/app/engine/alert_control.go:52.58,54.2 1 1
github.com/JungHoonGhae/tossinvest-cli/internal/app/engine/alert_control.go:56.54,58.2 1 1
github.com/JungHoonGhae/tossinvest-cli/internal/app/engine/alert_control.go:62.42,62.79 1 1
github.com/JungHoonGhae/tossinvest-cli/internal/app/engine/alert_control_transport_unix.go:62.73,71.2 1 1
github.com/JungHoonGhae/tossinvest-cli/internal/app/engine/alert_control_transport_unix.go:90.99,91.16 1 1
github.com/JungHoonGhae/tossinvest-cli/internal/app/engine/alert_control_transport_unix.go:91.16,93.3 1 0
github.com/JungHoonGhae/tossinvest-cli/internal/app/engine/alert_control_transport_unix.go:94.2,95.15 2 1
github.com/JungHoonGhae/tossinvest-cli/internal/app/engine/alert_control_transport_unix.go:95.15,97.3 1 0
github.com/JungHoonGhae/tossinvest-cli/internal/app/engine/alert_control_transport_unix.go:98.2,98.71 1 1
github.com/JungHoonGhae/tossinvest-cli/internal/app/engine/alert_control_transport_unix.go:98.71,100.3 1 0
github.com/JungHoonGhae/tossinvest-cli/internal/app/engine/alert_control_transport_unix.go:101.2,105.44 2 1
github.com/JungHoonGhae/tossinvest-cli/internal/app/engine/alert_control_transport_unix.go:105.44,107.3 1 0
github.com/JungHoonGhae/tossinvest-cli/internal/app/engine/alert_control_transport_unix.go:110.2,110.30 1 1
github.com/JungHoonGhae/tossinvest-cli/internal/app/engine/alert_control_transport_unix.go:110.30,110.59 1 0
github.com/JungHoonGhae/tossinvest-cli/internal/app/engine/alert_control_transport_unix.go:111.2,111.86 1 1
github.com/JungHoonGhae/tossinvest-cli/internal/app/engine/alert_control_transport_unix.go:111.86,114.3 2 0
github.com/JungHoonGhae/tossinvest-cli/internal/app/engine/alert_control_transport_unix.go:115.2,121.16 3 1
github.com/JungHoonGhae/tossinvest-cli/internal/app/engine/alert_control_transport_unix.go:121.16,124.3 2 0
github.com/JungHoonGhae/tossinvest-cli/internal/app/engine/alert_control_transport_unix.go:125.2,125.28 1 1
github.com/JungHoonGhae/tossinvest-cli/internal/app/engine/alert_control_transport_unix.go:125.28,129.3 3 0
github.com/JungHoonGhae/tossinvest-cli/internal/app/engine/alert_control_transport_unix.go:132.2,132.76 1 1
github.com/JungHoonGhae/tossinvest-cli/internal/app/engine/alert_control_transport_unix.go:132.76,135.3 2 0
github.com/JungHoonGhae/tossinvest-cli/internal/app/engine/alert_control_transport_unix.go:136.2,137.49 2 1
github.com/JungHoonGhae/tossinvest-cli/internal/app/engine/alert_control_transport_unix.go:137.49,140.3 2 0
github.com/JungHoonGhae/tossinvest-cli/internal/app/engine/alert_control_transport_unix.go:141.2,160.16 5 1
github.com/JungHoonGhae/tossinvest-cli/internal/app/engine/alert_control_transport_unix.go:160.16,163.3 2 0
github.com/JungHoonGhae/tossinvest-cli/internal/app/engine/alert_control_transport_unix.go:164.2,164.74 1 1
github.com/JungHoonGhae/tossinvest-cli/internal/app/engine/alert_control_transport_unix.go:164.74,167.3 2 0
github.com/JungHoonGhae/tossinvest-cli/internal/app/engine/alert_control_transport_unix.go:168.2,168.12 1 1
github.com/JungHoonGhae/tossinvest-cli/internal/app/engine/alert_control_transport_unix.go:168.12,168.49 1 1
github.com/JungHoonGhae/tossinvest-cli/internal/app/engine/alert_control_transport_unix.go:169.2,169.20 1 1
github.com/JungHoonGhae/tossinvest-cli/internal/app/engine/alert_control_transport_unix.go:176.44,177.14 1 1
github.com/JungHoonGhae/tossinvest-cli/internal/app/engine/alert_control_transport_unix.go:177.14,179.3 1 0
github.com/JungHoonGhae/tossinvest-cli/internal/app/engine/alert_control_transport_unix.go:180.2,181.19 2 1
github.com/JungHoonGhae/tossinvest-cli/internal/app/engine/alert_control_transport_unix.go:181.19,189.3 4 1
github.com/JungHoonGhae/tossinvest-cli/internal/app/engine/alert_control_transport_unix.go:190.2,190.15 1 1
github.com/JungHoonGhae/tossinvest-cli/internal/app/engine/alert_control_transport_unix.go:193.76,195.108 2 1
github.com/JungHoonGhae/tossinvest-cli/internal/app/engine/alert_control_transport_unix.go:195.108,196.33 1 1
github.com/JungHoonGhae/tossinvest-cli/internal/app/engine/alert_control_transport_unix.go:196.33,199.4 2 1
github.com/JungHoonGhae/tossinvest-cli/internal/app/engine/alert_control_transport_unix.go:200.3,201.17 2 0
github.com/JungHoonGhae/tossinvest-cli/internal/app/engine/alert_control_transport_unix.go:201.17,204.4 2 0
github.com/JungHoonGhae/tossinvest-cli/internal/app/engine/alert_control_transport_unix.go:205.3,205.18 1 0
github.com/JungHoonGhae/tossinvest-cli/internal/app/engine/alert_control_transport_unix.go:205.18,209.4 1 0
github.com/JungHoonGhae/tossinvest-cli/internal/app/engine/alert_control_transport_unix.go:210.3,210.39 1 0
github.com/JungHoonGhae/tossinvest-cli/internal/app/engine/alert_control_transport_unix.go:212.2,213.48 1 1
github.com/JungHoonGhae/tossinvest-cli/internal/app/engine/alert_control_transport_unix.go:213.48,214.35 1 1
github.com/JungHoonGhae/tossinvest-cli/internal/app/engine/alert_control_transport_unix.go:214.35,217.5 2 1
github.com/JungHoonGhae/tossinvest-cli/internal/app/engine/alert_control_transport_unix.go:218.4,219.11 2 1
github.com/JungHoonGhae/tossinvest-cli/internal/app/engine/alert_control_transport_unix.go:219.11,221.5 1 1
github.com/JungHoonGhae/tossinvest-cli/internal/app/engine/alert_control_transport_unix.go:222.4,223.18 2 1
github.com/JungHoonGhae/tossinvest-cli/internal/app/engine/alert_control_transport_unix.go:223.18,227.61 1 1
github.com/JungHoonGhae/tossinvest-cli/internal/app/engine/alert_control_transport_unix.go:227.61,230.6 2 1
github.com/JungHoonGhae/tossinvest-cli/internal/app/engine/alert_control_transport_unix.go:231.5,232.11 2 0
github.com/JungHoonGhae/tossinvest-cli/internal/app/engine/alert_control_transport_unix.go:234.4,234.42 1 0
github.com/JungHoonGhae/tossinvest-cli/internal/app/engine/alert_control_transport_unix.go:236.2,236.12 1 1
github.com/JungHoonGhae/tossinvest-cli/internal/app/engine/alert_control_transport_unix.go:239.99,242.51 3 1
github.com/JungHoonGhae/tossinvest-cli/internal/app/engine/alert_control_transport_unix.go:242.51,245.3 2 0
github.com/JungHoonGhae/tossinvest-cli/internal/app/engine/alert_control_transport_unix.go:246.2,248.16 3 1
github.com/JungHoonGhae/tossinvest-cli/internal/app/engine/alert_control_transport_unix.go:248.16,251.3 2 0
github.com/JungHoonGhae/tossinvest-cli/internal/app/engine/alert_control_transport_unix.go:252.2,252.45 1 1
github.com/JungHoonGhae/tossinvest-cli/internal/app/engine/alert_control_transport_unix.go:252.45,255.3 2 0
github.com/JungHoonGhae/tossinvest-cli/internal/app/engine/alert_control_transport_unix.go:256.2,258.45 3 1
github.com/JungHoonGhae/tossinvest-cli/internal/app/engine/alert_control_transport_unix.go:258.45,261.3 2 1
github.com/JungHoonGhae/tossinvest-cli/internal/app/engine/alert_control_transport_unix.go:262.2,263.63 2 1
github.com/JungHoonGhae/tossinvest-cli/internal/app/engine/alert_control_transport_unix.go:263.63,266.3 2 0
github.com/JungHoonGhae/tossinvest-cli/internal/app/engine/alert_control_transport_unix.go:267.2,267.18 1 1
github.com/JungHoonGhae/tossinvest-cli/internal/app/engine/alert_control_transport_unix.go:270.77,271.54 1 1
github.com/JungHoonGhae/tossinvest-cli/internal/app/engine/alert_control_transport_unix.go:271.54,274.69 2 1
github.com/JungHoonGhae/tossinvest-cli/internal/app/engine/alert_control_transport_unix.go:274.69,277.4 2 0
github.com/JungHoonGhae/tossinvest-cli/internal/app/engine/alert_control_transport_unix.go:278.3,278.13 1 1
github.com/JungHoonGhae/tossinvest-cli/internal/app/engine/alert_control_transport_unix.go:292.72,294.79 2 1
github.com/JungHoonGhae/tossinvest-cli/internal/app/engine/alert_control_transport_unix.go:294.79,296.3 1 0
github.com/JungHoonGhae/tossinvest-cli/internal/app/engine/alert_control_transport_unix.go:297.2,298.16 2 1
github.com/JungHoonGhae/tossinvest-cli/internal/app/engine/alert_control_transport_unix.go:298.16,300.3 1 0
github.com/JungHoonGhae/tossinvest-cli/internal/app/engine/alert_control_transport_unix.go:301.2,303.77 3 1
github.com/JungHoonGhae/tossinvest-cli/internal/app/engine/alert_control_transport_unix.go:303.77,306.3 2 0
github.com/JungHoonGhae/tossinvest-cli/internal/app/engine/alert_control_transport_unix.go:307.2,308.16 2 1
github.com/JungHoonGhae/tossinvest-cli/internal/app/engine/alert_control_transport_unix.go:308.16,311.3 2 0
github.com/JungHoonGhae/tossinvest-cli/internal/app/engine/alert_control_transport_unix.go:312.2,312.75 1 1
github.com/JungHoonGhae/tossinvest-cli/internal/app/engine/alert_control_transport_unix.go:312.75,314.3 1 0
github.com/JungHoonGhae/tossinvest-cli/internal/app/engine/alert_control_transport_unix.go:315.2,315.77 1 1
github.com/JungHoonGhae/tossinvest-cli/internal/app/engine/alert_control_transport_unix.go:315.77,317.3 1 0
github.com/JungHoonGhae/tossinvest-cli/internal/app/engine/alert_control_transport_unix.go:318.2,319.56 2 1
github.com/JungHoonGhae/tossinvest-cli/internal/app/engine/alert_control_transport_unix.go:319.56,321.3 1 0
github.com/JungHoonGhae/tossinvest-cli/internal/app/engine/alert_control_transport_unix.go:322.2,322.55 1 1
github.com/JungHoonGhae/tossinvest-cli/internal/app/engine/alert_control_transport_unix.go:322.55,324.3 1 0
github.com/JungHoonGhae/tossinvest-cli/internal/app/engine/alert_control_transport_unix.go:325.2,325.15 1 1
github.com/JungHoonGhae/tossinvest-cli/internal/app/engine/alert_control_transport_unix.go:325.15,326.20 1 1
github.com/JungHoonGhae/tossinvest-cli/internal/app/engine/alert_control_transport_unix.go:326.20,328.4 1 1
github.com/JungHoonGhae/tossinvest-cli/internal/app/engine/alert_control_transport_unix.go:329.3,330.59 2 0
github.com/JungHoonGhae/tossinvest-cli/internal/app/engine/alert_control_transport_unix.go:330.59,332.4 1 0
github.com/JungHoonGhae/tossinvest-cli/internal/app/engine/alert_control_transport_unix.go:334.2,335.59 2 1
github.com/JungHoonGhae/tossinvest-cli/internal/app/engine/alert_control_transport_unix.go:335.59,337.3 1 0
github.com/JungHoonGhae/tossinvest-cli/internal/app/engine/alert_control_transport_unix.go:338.2,338.68 1 1
github.com/JungHoonGhae/tossinvest-cli/internal/app/engine/alert_control_transport_unix.go:338.68,340.3 1 0
github.com/JungHoonGhae/tossinvest-cli/internal/app/engine/alert_control_transport_unix.go:341.2,342.16 2 1
github.com/JungHoonGhae/tossinvest-cli/internal/app/engine/alert_control_transport_unix.go:342.16,344.3 1 0
github.com/JungHoonGhae/tossinvest-cli/internal/app/engine/alert_control_transport_unix.go:345.2,345.41 1 1
github.com/JungHoonGhae/tossinvest-cli/internal/app/engine/alert_control_transport_unix.go:345.41,348.3 2 0
github.com/JungHoonGhae/tossinvest-cli/internal/app/engine/alert_control_transport_unix.go:349.2,349.26 1 1
github.com/JungHoonGhae/tossinvest-cli/internal/app/engine/alertdelivery.go:212.57,213.6 1 0
github.com/JungHoonGhae/tossinvest-cli/internal/app/engine/alertdelivery.go:213.6,214.38 1 0
github.com/JungHoonGhae/tossinvest-cli/internal/app/engine/alertdelivery.go:214.38,215.24 1 0
github.com/JungHoonGhae/tossinvest-cli/internal/app/engine/alertdelivery.go:215.24,217.5 1 0
github.com/JungHoonGhae/tossinvest-cli/internal/app/engine/alertdelivery.go:218.4,218.69 1 0
github.com/JungHoonGhae/tossinvest-cli/internal/app/engine/alertdelivery.go:223.3,223.58 1 0
github.com/JungHoonGhae/tossinvest-cli/internal/app/engine/alertdelivery.go:223.58,225.4 1 0
github.com/JungHoonGhae/tossinvest-cli/internal/app/engine/alertdelivery.go:235.59,243.16 3 0
github.com/JungHoonGhae/tossinvest-cli/internal/app/engine/alertdelivery.go:243.16,247.3 2 0
github.com/JungHoonGhae/tossinvest-cli/internal/app/engine/alertdelivery.go:248.2,249.30 2 0
github.com/JungHoonGhae/tossinvest-cli/internal/app/engine/alertdelivery.go:249.30,253.3 1 0
github.com/JungHoonGhae/tossinvest-cli/internal/app/engine/alertdelivery.go:254.2,254.32 1 0
github.com/JungHoonGhae/tossinvest-cli/internal/app/engine/alertdelivery.go:254.32,258.23 1 0
github.com/JungHoonGhae/tossinvest-cli/internal/app/engine/alertdelivery.go:258.23,260.4 1 0
github.com/JungHoonGhae/tossinvest-cli/internal/app/engine/alertdelivery.go:261.3,261.27 1 0
github.com/JungHoonGhae/tossinvest-cli/internal/app/engine/alertdelivery.go:263.2,263.12 1 0
github.com/JungHoonGhae/tossinvest-cli/internal/app/engine/alertdelivery.go:270.79,272.16 2 0
github.com/JungHoonGhae/tossinvest-cli/internal/app/engine/alertdelivery.go:272.16,277.3 3 0
github.com/JungHoonGhae/tossinvest-cli/internal/app/engine/alertdelivery.go:278.2,278.27 1 0
github.com/JungHoonGhae/tossinvest-cli/internal/app/engine/alertdelivery.go:279.29,282.25 1 0
github.com/JungHoonGhae/tossinvest-cli/internal/app/engine/alertdelivery.go:283.34,292.46 1 0
github.com/JungHoonGhae/tossinvest-cli/internal/app/engine/alertdelivery.go:292.46,296.4 1 0
github.com/JungHoonGhae/tossinvest-cli/internal/app/engine/alertdelivery.go:297.3,297.9 1 0
github.com/JungHoonGhae/tossinvest-cli/internal/app/engine/alertdelivery.go:298.10,303.9 3 0
github.com/JungHoonGhae/tossinvest-cli/internal/app/engine/alertdelivery.go:305.2,305.17 1 0
github.com/JungHoonGhae/tossinvest-cli/internal/app/engine/alertdelivery.go:305.17,312.3 1 0
github.com/JungHoonGhae/tossinvest-cli/internal/app/engine/alertdelivery.go:314.2,316.24 3 0
github.com/JungHoonGhae/tossinvest-cli/internal/app/engine/alertdelivery.go:316.24,326.3 2 0
github.com/JungHoonGhae/tossinvest-cli/internal/app/engine/alertdelivery.go:326.8,333.18 2 0
github.com/JungHoonGhae/tossinvest-cli/internal/app/engine/alertdelivery.go:333.18,335.4 1 0
github.com/JungHoonGhae/tossinvest-cli/internal/app/engine/alertdelivery.go:337.2,337.17 1 0
github.com/JungHoonGhae/tossinvest-cli/internal/app/engine/alertdelivery.go:337.17,340.3 2 0
github.com/JungHoonGhae/tossinvest-cli/internal/app/engine/alertdelivery.go:341.2,341.46 1 0
github.com/JungHoonGhae/tossinvest-cli/internal/app/engine/alertdelivery.go:348.98,350.16 2 0
github.com/JungHoonGhae/tossinvest-cli/internal/app/engine/alertdelivery.go:350.16,352.3 1 0
github.com/JungHoonGhae/tossinvest-cli/internal/app/engine/alertdelivery.go:353.2,358.47 3 0
github.com/JungHoonGhae/tossinvest-cli/internal/app/engine/alertdelivery.go:358.47,362.3 2 0
github.com/JungHoonGhae/tossinvest-cli/internal/app/engine/alertdelivery.go:365.2,365.116 1 0
github.com/JungHoonGhae/tossinvest-cli/internal/app/engine/alertdelivery.go:365.116,368.3 1 0
github.com/JungHoonGhae/tossinvest-cli/internal/app/engine/alertdelivery.go:369.2,369.16 1 0
github.com/JungHoonGhae/tossinvest-cli/internal/app/engine/alertdelivery.go:369.16,374.3 2 0
github.com/JungHoonGhae/tossinvest-cli/internal/app/engine/alertdelivery.go:375.2,375.21 1 0
github.com/JungHoonGhae/tossinvest-cli/internal/app/engine/alertdelivery.go:376.29,379.39 2 0
github.com/JungHoonGhae/tossinvest-cli/internal/app/engine/alertdelivery.go:379.39,381.4 1 0
github.com/JungHoonGhae/tossinvest-cli/internal/app/engine/alertdelivery.go:382.3,382.98 1 0
github.com/JungHoonGhae/tossinvest-cli/internal/app/engine/alertdelivery.go:383.61,387.52 1 0
github.com/JungHoonGhae/tossinvest-cli/internal/app/engine/alertdelivery.go:388.10,391.66 1 0
github.com/JungHoonGhae/tossinvest-cli/internal/app/engine/alertdelivery.go:397.86,400.16 3 0
github.com/JungHoonGhae/tossinvest-cli/internal/app/engine/alertdelivery.go:400.16,409.3 3 0
github.com/JungHoonGhae/tossinvest-cli/internal/app/engine/alertdelivery.go:410.2,410.46 1 0
github.com/JungHoonGhae/tossinvest-cli/internal/app/engine/alertdelivery.go:410.46,413.3 2 0
github.com/JungHoonGhae/tossinvest-cli/internal/app/engine/alertdelivery.go:414.2,414.25 1 0
github.com/JungHoonGhae/tossinvest-cli/internal/app/engine/alertdelivery.go:415.61,419.56 1 0
github.com/JungHoonGhae/tossinvest-cli/internal/app/engine/alertdelivery.go:420.10,424.64 2 0
github.com/JungHoonGhae/tossinvest-cli/internal/app/engine/alertdelivery.go:430.53,432.19 2 0
github.com/JungHoonGhae/tossinvest-cli/internal/app/engine/alertdelivery.go:432.19,434.3 1 0
github.com/JungHoonGhae/tossinvest-cli/internal/app/engine/alertdelivery.go:435.2,436.14 2 0
github.com/JungHoonGhae/tossinvest-cli/internal/app/engine/alertdelivery.go:446.107,447.19 1 0
github.com/JungHoonGhae/tossinvest-cli/internal/app/engine/alertdelivery.go:447.19,448.108 1 0
github.com/JungHoonGhae/tossinvest-cli/internal/app/engine/alertdelivery.go:448.108,450.4 1 0
github.com/JungHoonGhae/tossinvest-cli/internal/app/engine/alertdelivery.go:452.2,453.15 2 0
github.com/JungHoonGhae/tossinvest-cli/internal/app/engine/alertdelivery.go:453.15,455.3 1 0
github.com/JungHoonGhae/tossinvest-cli/internal/app/engine/alertdelivery.go:456.2,456.61 1 0
github.com/JungHoonGhae/tossinvest-cli/internal/app/engine/alertdelivery.go:456.61,458.3 1 0
github.com/JungHoonGhae/tossinvest-cli/internal/app/engine/alertdelivery.go:466.72,467.43 1 0
github.com/JungHoonGhae/tossinvest-cli/internal/app/engine/alertdelivery.go:467.43,469.3 1 0
github.com/JungHoonGhae/tossinvest-cli/internal/app/engine/alertdelivery.go:470.2,472.16 2 0
github.com/JungHoonGhae/tossinvest-cli/internal/app/engine/alertdelivery.go:472.16,473.19 1 0
github.com/JungHoonGhae/tossinvest-cli/internal/app/engine/alertdelivery.go:473.19,475.84 2 0
github.com/JungHoonGhae/tossinvest-cli/internal/app/engine/alertdelivery.go:475.84,477.5 1 0
github.com/JungHoonGhae/tossinvest-cli/internal/app/engine/alertdelivery.go:478.4,482.14 1 0
github.com/JungHoonGhae/tossinvest-cli/internal/app/engine/alertdelivery.go:484.3,484.13 1 0
github.com/JungHoonGhae/tossinvest-cli/internal/app/engine/alertdelivery.go:486.2,486.29 1 0
github.com/JungHoonGhae/tossinvest-cli/internal/app/engine/alertdelivery.go:486.29,493.3 1 0
github.com/JungHoonGhae/tossinvest-cli/internal/app/engine/alertdelivery.go:494.2,494.12 1 0
github.com/JungHoonGhae/tossinvest-cli/internal/app/engine/alertdelivery.go:499.63,500.18 1 0
github.com/JungHoonGhae/tossinvest-cli/internal/app/engine/alertdelivery.go:500.18,502.3 1 0
github.com/JungHoonGhae/tossinvest-cli/internal/app/engine/alertdelivery.go:503.2,507.12 1 0
github.com/JungHoonGhae/tossinvest-cli/internal/app/engine/alertdelivery.go:511.48,512.22 1 0
github.com/JungHoonGhae/tossinvest-cli/internal/app/engine/alertdelivery.go:512.22,514.3 1 0
github.com/JungHoonGhae/tossinvest-cli/internal/app/engine/alertdelivery.go:515.2,515.39 1 0
github.com/JungHoonGhae/tossinvest-cli/internal/app/engine/alertdelivery.go:522.76,523.22 1 0
github.com/JungHoonGhae/tossinvest-cli/internal/app/engine/alertdelivery.go:523.22,525.3 1 0
github.com/JungHoonGhae/tossinvest-cli/internal/app/engine/alertdelivery.go:526.2,527.25 2 0
github.com/JungHoonGhae/tossinvest-cli/internal/app/engine/alertdelivery.go:527.25,529.3 1 0
github.com/JungHoonGhae/tossinvest-cli/internal/app/engine/alertdelivery.go:530.2,531.13 2 0
github.com/JungHoonGhae/tossinvest-cli/internal/app/engine/alertdelivery.go:531.13,534.3 2 0
github.com/JungHoonGhae/tossinvest-cli/internal/app/engine/alertdelivery.go:535.2,536.89 2 0
github.com/JungHoonGhae/tossinvest-cli/internal/app/engine/alertdelivery.go:540.64,541.22 1 0
github.com/JungHoonGhae/tossinvest-cli/internal/app/engine/alertdelivery.go:541.22,543.3 1 0
github.com/JungHoonGhae/tossinvest-cli/internal/app/engine/alertdelivery.go:544.2,546.13 3 0
github.com/JungHoonGhae/tossinvest-cli/internal/app/engine/alertdelivery.go:546.13,549.3 2 0
github.com/JungHoonGhae/tossinvest-cli/internal/app/engine/alertdelivery.go:550.2,551.95 2 0
github.com/JungHoonGhae/tossinvest-cli/internal/app/engine/alertdelivery.go:561.114,563.20 1 0
github.com/JungHoonGhae/tossinvest-cli/internal/app/engine/alertdelivery.go:563.20,564.29 1 0
github.com/JungHoonGhae/tossinvest-cli/internal/app/engine/alertdelivery.go:564.29,566.4 1 0
github.com/JungHoonGhae/tossinvest-cli/internal/app/engine/alertdelivery.go:567.3,567.59 1 0
github.com/JungHoonGhae/tossinvest-cli/internal/app/engine/alertdelivery.go:569.2,569.38 1 0
github.com/JungHoonGhae/tossinvest-cli/internal/app/engine/alertdelivery.go:569.38,571.3 1 0
github.com/JungHoonGhae/tossinvest-cli/internal/app/engine/alertdelivery.go:572.2,572.24 1 0
github.com/JungHoonGhae/tossinvest-cli/internal/app/engine/alertdelivery.go:572.24,574.3 1 0
github.com/JungHoonGhae/tossinvest-cli/internal/app/engine/alertdelivery.go:575.2,575.70 1 0
github.com/JungHoonGhae/tossinvest-cli/internal/app/engine/alertdelivery.go:580.52,582.2 1 0
github.com/JungHoonGhae/tossinvest-cli/internal/app/engine/alertdelivery.go:585.67,586.28 1 0
github.com/JungHoonGhae/tossinvest-cli/internal/app/engine/alertdelivery.go:586.28,588.3 1 0
github.com/JungHoonGhae/tossinvest-cli/internal/app/engine/alertdelivery.go:589.2,590.28 2 0
github.com/JungHoonGhae/tossinvest-cli/internal/app/engine/alertdelivery.go:590.28,592.3 1 0
github.com/JungHoonGhae/tossinvest-cli/internal/app/engine/alertdelivery.go:593.2,593.31 1 0
github.com/JungHoonGhae/tossinvest-cli/internal/app/engine/alertdelivery.go:593.31,594.32 1 0
github.com/JungHoonGhae/tossinvest-cli/internal/app/engine/alertdelivery.go:594.32,596.4 1 0
github.com/JungHoonGhae/tossinvest-cli/internal/app/engine/alertdelivery.go:600.64,601.24 1 0
github.com/JungHoonGhae/tossinvest-cli/internal/app/engine/alertdelivery.go:601.24,603.3 1 0
github.com/JungHoonGhae/tossinvest-cli/internal/app/engine/alertdelivery.go:607.44,608.21 1 0
github.com/JungHoonGhae/tossinvest-cli/internal/app/engine/alertdelivery.go:608.21,610.3 1 0
github.com/JungHoonGhae/tossinvest-cli/internal/app/engine/alertdelivery.go:611.2,611.18 1 0
github.com/JungHoonGhae/tossinvest-cli/internal/app/engine/alertdelivery.go:622.115,626.16 4 0
github.com/JungHoonGhae/tossinvest-cli/internal/app/engine/alertdelivery.go:626.16,629.3 2 0
github.com/JungHoonGhae/tossinvest-cli/internal/app/engine/alertdelivery.go:630.2,630.18 1 0
github.com/JungHoonGhae/tossinvest-cli/internal/app/engine/alertdelivery.go:639.71,640.27 1 0
github.com/JungHoonGhae/tossinvest-cli/internal/app/engine/alertdelivery.go:640.27,642.3 1 0
github.com/JungHoonGhae/tossinvest-cli/internal/app/engine/alertdelivery.go:643.2,643.63 1 0
github.com/JungHoonGhae/tossinvest-cli/internal/app/engine/alertdelivery.go:643.63,645.3 1 0
github.com/JungHoonGhae/tossinvest-cli/internal/app/engine/alertdelivery.go:646.2,647.13 2 0
github.com/JungHoonGhae/tossinvest-cli/internal/app/engine/alertdelivery.go:650.47,652.2 1 0
github.com/JungHoonGhae/tossinvest-cli/internal/app/engine/alertdelivery.go:659.58,660.42 1 0
github.com/JungHoonGhae/tossinvest-cli/internal/app/engine/alertdelivery.go:660.42,661.26 1 0
github.com/JungHoonGhae/tossinvest-cli/internal/app/engine/alertdelivery.go:661.26,663.4 1 0
github.com/JungHoonGhae/tossinvest-cli/internal/app/engine/alertdelivery.go:667.51,668.21 1 0
github.com/JungHoonGhae/tossinvest-cli/internal/app/engine/alertdelivery.go:668.21,670.3 1 0
github.com/JungHoonGhae/tossinvest-cli/internal/app/engine/alertdelivery.go:671.2,671.19 1 0
github.com/JungHoonGhae/tossinvest-cli/internal/app/engine/alertdelivery.go:674.38,675.18 1 0
github.com/JungHoonGhae/tossinvest-cli/internal/app/engine/alertdelivery.go:675.18,677.3 1 0
github.com/JungHoonGhae/tossinvest-cli/internal/app/engine/alertdelivery.go:678.2,678.16 1 0
github.com/JungHoonGhae/tossinvest-cli/internal/app/engine/alertdelivery.go:681.44,682.22 1 0
github.com/JungHoonGhae/tossinvest-cli/internal/app/engine/alertdelivery.go:682.22,684.3 1 0
github.com/JungHoonGhae/tossinvest-cli/internal/app/engine/alertdelivery.go:685.2,685.19 1 0
github.com/JungHoonGhae/tossinvest-cli/internal/app/engine/alertdelivery.go:690.91,691.18 1 0
github.com/JungHoonGhae/tossinvest-cli/internal/app/engine/alertdelivery.go:691.18,693.3 1 0
github.com/JungHoonGhae/tossinvest-cli/internal/app/engine/alertdelivery.go:694.2,695.16 2 0
github.com/JungHoonGhae/tossinvest-cli/internal/app/engine/alertdelivery.go:695.16,698.3 2 0
github.com/JungHoonGhae/tossinvest-cli/internal/app/engine/alertdelivery.go:699.2,699.28 1 0
github.com/JungHoonGhae/tossinvest-cli/internal/app/engine/alertops.go:97.63,98.73 1 0
github.com/JungHoonGhae/tossinvest-cli/internal/app/engine/alertops.go:98.73,101.3 1 0
github.com/JungHoonGhae/tossinvest-cli/internal/app/engine/alertops.go:102.2,107.8 1 0
github.com/JungHoonGhae/tossinvest-cli/internal/app/engine/alertops.go:116.80,118.16 2 0
github.com/JungHoonGhae/tossinvest-cli/internal/app/engine/alertops.go:118.16,120.3 1 0
github.com/JungHoonGhae/tossinvest-cli/internal/app/engine/alertops.go:121.2,123.27 3 0
github.com/JungHoonGhae/tossinvest-cli/internal/app/engine/alertops.go:123.27,125.3 1 0
github.com/JungHoonGhae/tossinvest-cli/internal/app/engine/alertops.go:126.2,126.17 1 0
github.com/JungHoonGhae/tossinvest-cli/internal/app/engine/alertops.go:131.73,139.26 2 0
github.com/JungHoonGhae/tossinvest-cli/internal/app/engine/alertops.go:139.26,141.3 1 0
github.com/JungHoonGhae/tossinvest-cli/internal/app/engine/alertops.go:142.2,142.31 1 0
github.com/JungHoonGhae/tossinvest-cli/internal/app/engine/alertops.go:142.31,144.3 1 0
github.com/JungHoonGhae/tossinvest-cli/internal/app/engine/alertops.go:145.2,145.12 1 0
github.com/JungHoonGhae/tossinvest-cli/internal/app/engine/alertops.go:151.48,153.11 2 0
github.com/JungHoonGhae/tossinvest-cli/internal/app/engine/alertops.go:153.11,155.3 1 0
github.com/JungHoonGhae/tossinvest-cli/internal/app/engine/alertops.go:156.2,156.31 1 0
github.com/JungHoonGhae/tossinvest-cli/internal/app/engine/alertops.go:171.43,172.70 1 1
github.com/JungHoonGhae/tossinvest-cli/internal/app/engine/alertops.go:172.70,174.3 1 1
github.com/JungHoonGhae/tossinvest-cli/internal/app/engine/alertops.go:175.2,176.16 2 0
github.com/JungHoonGhae/tossinvest-cli/internal/app/engine/alertops.go:176.16,178.3 1 0
github.com/JungHoonGhae/tossinvest-cli/internal/app/engine/alertops.go:179.2,182.8 1 0
github.com/JungHoonGhae/tossinvest-cli/internal/app/engine/alertops.go:187.57,188.17 1 0
github.com/JungHoonGhae/tossinvest-cli/internal/app/engine/alertops.go:188.17,190.3 1 0
github.com/JungHoonGhae/tossinvest-cli/internal/app/engine/alertops.go:191.2,192.22 2 0
github.com/JungHoonGhae/tossinvest-cli/internal/app/engine/alertops.go:192.22,194.3 1 0
github.com/JungHoonGhae/tossinvest-cli/internal/app/engine/alertops.go:197.2,198.29 2 0
github.com/JungHoonGhae/tossinvest-cli/internal/app/engine/alertops.go:198.29,200.3 1 0
github.com/JungHoonGhae/tossinvest-cli/internal/app/engine/alertops.go:201.2,202.12 2 0
github.com/JungHoonGhae/tossinvest-cli/internal/app/engine/attempt_thaw_command.go:47.135,51.9 4 0
github.com/JungHoonGhae/tossinvest-cli/internal/app/engine/attempt_thaw_command.go:51.9,53.3 1 0
github.com/JungHoonGhae/tossinvest-cli/internal/app/engine/attempt_thaw_command.go:54.2,54.20 1 0
github.com/JungHoonGhae/tossinvest-cli/internal/app/engine/attempt_thaw_command.go:54.20,56.3 1 0
github.com/JungHoonGhae/tossinvest-cli/internal/app/engine/attempt_thaw_command.go:57.2,58.16 2 0
github.com/JungHoonGhae/tossinvest-cli/internal/app/engine/attempt_thaw_command.go:58.16,60.3 1 0
github.com/JungHoonGhae/tossinvest-cli/internal/app/engine/attempt_thaw_command.go:61.2,63.16 3 0
github.com/JungHoonGhae/tossinvest-cli/internal/app/engine/attempt_thaw_command.go:63.16,64.49 1 0
github.com/JungHoonGhae/tossinvest-cli/internal/app/engine/attempt_thaw_command.go:64.49,66.4 1 0
github.com/JungHoonGhae/tossinvest-cli/internal/app/engine/attempt_thaw_command.go:67.3,67.35 1 0
github.com/JungHoonGhae/tossinvest-cli/internal/app/engine/attempt_thaw_command.go:69.2,69.49 1 0
github.com/JungHoonGhae/tossinvest-cli/internal/app/engine/attempt_thaw_command.go:69.49,71.3 1 0
github.com/JungHoonGhae/tossinvest-cli/internal/app/engine/attempt_thaw_command.go:73.2,78.97 4 0
github.com/JungHoonGhae/tossinvest-cli/internal/app/engine/attempt_thaw_command.go:78.97,80.3 1 0
github.com/JungHoonGhae/tossinvest-cli/internal/app/engine/attempt_thaw_command.go:81.2,82.126 2 0
github.com/JungHoonGhae/tossinvest-cli/internal/app/engine/attempt_thaw_command.go:82.126,85.80 3 0
github.com/JungHoonGhae/tossinvest-cli/internal/app/engine/attempt_thaw_command.go:85.80,87.4 1 0
github.com/JungHoonGhae/tossinvest-cli/internal/app/engine/attempt_thaw_command.go:88.3,88.48 1 0
github.com/JungHoonGhae/tossinvest-cli/internal/app/engine/attempt_thaw_command.go:88.48,90.4 1 0
github.com/JungHoonGhae/tossinvest-cli/internal/app/engine/attempt_thaw_command.go:91.3,91.35 1 0
github.com/JungHoonGhae/tossinvest-cli/internal/app/engine/attempt_thaw_command.go:93.2,94.40 2 0
github.com/JungHoonGhae/tossinvest-cli/internal/app/engine/attempt_thaw_command.go:94.40,97.3 1 0
github.com/JungHoonGhae/tossinvest-cli/internal/app/engine/attempt_thaw_command.go:98.2,99.20 2 0
github.com/JungHoonGhae/tossinvest-cli/internal/app/engine/attempt_thaw_command.go:105.57,107.16 2 0
github.com/JungHoonGhae/tossinvest-cli/internal/app/engine/attempt_thaw_command.go:107.16,110.3 2 0
github.com/JungHoonGhae/tossinvest-cli/internal/app/engine/attempt_thaw_command.go:111.2,112.16 2 0
github.com/JungHoonGhae/tossinvest-cli/internal/app/engine/attempt_thaw_command.go:112.16,115.3 2 0
github.com/JungHoonGhae/tossinvest-cli/internal/app/engine/attempt_thaw_command.go:116.2,116.26 1 0
github.com/JungHoonGhae/tossinvest-cli/internal/app/engine/attempt_thaw_command.go:116.26,117.33 1 0
github.com/JungHoonGhae/tossinvest-cli/internal/app/engine/attempt_thaw_command.go:117.33,118.12 1 0
github.com/JungHoonGhae/tossinvest-cli/internal/app/engine/attempt_thaw_command.go:120.3,122.17 3 0
github.com/JungHoonGhae/tossinvest-cli/internal/app/engine/attempt_thaw_command.go:122.17,126.4 3 0
github.com/JungHoonGhae/tossinvest-cli/internal/app/engine/attempt_thaw_command.go:127.3,128.9 2 0
github.com/JungHoonGhae/tossinvest-cli/internal/app/engine/attempt_thaw_command.go:135.34,136.22 1 0
github.com/JungHoonGhae/tossinvest-cli/internal/app/engine/attempt_thaw_command.go:136.22,138.3 1 0
github.com/JungHoonGhae/tossinvest-cli/internal/app/engine/attempt_thaw_command.go:139.2,146.7 1 0
github.com/JungHoonGhae/tossinvest-cli/internal/app/engine/attempt_thaw_command.go:149.72,152.4 1 0
github.com/JungHoonGhae/tossinvest-cli/internal/app/engine/attempt_thaw_command.go:152.4,153.39 1 0
github.com/JungHoonGhae/tossinvest-cli/internal/app/engine/attempt_thaw_command.go:153.39,155.4 1 0
github.com/JungHoonGhae/tossinvest-cli/internal/app/engine/attempt_thaw_command.go:157.2,157.56 1 0
github.com/JungHoonGhae/tossinvest-cli/internal/app/engine/attempt_thaw_command.go:158.41,159.43 1 0
github.com/JungHoonGhae/tossinvest-cli/internal/app/engine/attempt_thaw_command.go:160.35,161.49 1 0
github.com/JungHoonGhae/tossinvest-cli/internal/app/engine/attempt_thaw_command.go:161.49,163.4 1 0
github.com/JungHoonGhae/tossinvest-cli/internal/app/engine/attempt_thaw_command.go:164.3,164.37 1 0
github.com/JungHoonGhae/tossinvest-cli/internal/app/engine/attempt_thaw_command.go:165.10,167.67 1 0
github.com/JungHoonGhae/tossinvest-cli/internal/app/engine/attempt_thaw_transport.go:27.32,28.98 1 1
github.com/JungHoonGhae/tossinvest-cli/internal/app/engine/attempt_thaw_transport.go:28.98,29.34 1 0
github.com/JungHoonGhae/tossinvest-cli/internal/app/engine/attempt_thaw_transport.go:29.34,32.4 2 0
github.com/JungHoonGhae/tossinvest-cli/internal/app/engine/attempt_thaw_transport.go:33.3,34.52 2 0
github.com/JungHoonGhae/tossinvest-cli/internal/app/engine/attempt_thaw_transport.go:34.52,37.4 2 0
github.com/JungHoonGhae/tossinvest-cli/internal/app/engine/attempt_thaw_transport.go:38.3,40.59 3 0
github.com/JungHoonGhae/tossinvest-cli/internal/app/engine/attempt_thaw_transport.go:40.59,43.4 2 0
github.com/JungHoonGhae/tossinvest-cli/internal/app/engine/attempt_thaw_transport.go:44.3,47.46 4 0
github.com/JungHoonGhae/tossinvest-cli/internal/app/engine/attempt_thaw_transport.go:47.46,50.4 2 0
github.com/JungHoonGhae/tossinvest-cli/internal/app/engine/attempt_thaw_transport.go:51.3,52.64 2 0
github.com/JungHoonGhae/tossinvest-cli/internal/app/engine/attempt_thaw_transport.go:52.64,55.4 2 0
github.com/JungHoonGhae/tossinvest-cli/internal/app/engine/attempt_thaw_transport.go:56.3,57.17 2 0
github.com/JungHoonGhae/tossinvest-cli/internal/app/engine/attempt_thaw_transport.go:57.17,60.4 2 0
github.com/JungHoonGhae/tossinvest-cli/internal/app/engine/attempt_thaw_transport.go:62.3,62.41 1 0
github.com/JungHoonGhae/tossinvest-cli/internal/app/engine/attempt_thaw_transport.go:66.65,68.9 2 0
github.com/JungHoonGhae/tossinvest-cli/internal/app/engine/attempt_thaw_transport.go:69.53,70.50 1 0
github.com/JungHoonGhae/tossinvest-cli/internal/app/engine/attempt_thaw_transport.go:71.44,72.56 1 0
github.com/JungHoonGhae/tossinvest-cli/internal/app/engine/attempt_thaw_transport.go:73.47,74.50 1 0
github.com/JungHoonGhae/tossinvest-cli/internal/app/engine/attempt_thaw_transport.go:75.55,76.68 1 0
github.com/JungHoonGhae/tossinvest-cli/internal/app/engine/attempt_thaw_transport.go:77.46,78.54 1 0
github.com/JungHoonGhae/tossinvest-cli/internal/app/engine/attempt_thaw_transport.go:80.2,80.45 1 0
github.com/JungHoonGhae/tossinvest-cli/internal/app/engine/auxiliary.go:90.76,92.30 2 0
github.com/JungHoonGhae/tossinvest-cli/internal/app/engine/auxiliary.go:92.30,101.3 1 0
github.com/JungHoonGhae/tossinvest-cli/internal/app/engine/auxiliary.go:109.2,110.17 2 0
github.com/JungHoonGhae/tossinvest-cli/internal/app/engine/auxiliary.go:110.17,112.3 1 0
github.com/JungHoonGhae/tossinvest-cli/internal/app/engine/auxiliary.go:113.2,117.23 2 0
github.com/JungHoonGhae/tossinvest-cli/internal/app/engine/auxiliary.go:117.23,119.3 1 0
github.com/JungHoonGhae/tossinvest-cli/internal/app/engine/auxiliary.go:120.2,120.22 1 0
github.com/JungHoonGhae/tossinvest-cli/internal/app/engine/auxiliary.go:130.79,131.15 1 0
github.com/JungHoonGhae/tossinvest-cli/internal/app/engine/auxiliary.go:131.15,132.35 1 0
github.com/JungHoonGhae/tossinvest-cli/internal/app/engine/auxiliary.go:132.35,134.4 1 0
github.com/JungHoonGhae/tossinvest-cli/internal/app/engine/auxiliary.go:136.2,136.21 1 0
github.com/JungHoonGhae/tossinvest-cli/internal/app/engine/auxiliary.go:145.45,147.39 2 0
github.com/JungHoonGhae/tossinvest-cli/internal/app/engine/auxiliary.go:147.39,149.3 1 0
github.com/JungHoonGhae/tossinvest-cli/internal/app/engine/auxiliary.go:150.2,150.12 1 0
github.com/JungHoonGhae/tossinvest-cli/internal/app/engine/auxiliary.go:163.78,164.52 1 0
github.com/JungHoonGhae/tossinvest-cli/internal/app/engine/auxiliary.go:164.52,167.3 1 0
github.com/JungHoonGhae/tossinvest-cli/internal/app/engine/auxiliary.go:168.2,168.16 1 0
github.com/JungHoonGhae/tossinvest-cli/internal/app/engine/auxiliary.go:168.16,170.3 1 0
github.com/JungHoonGhae/tossinvest-cli/internal/app/engine/auxiliary.go:171.2,172.23 2 0
github.com/JungHoonGhae/tossinvest-cli/internal/app/engine/auxiliary.go:172.23,174.3 1 0
github.com/JungHoonGhae/tossinvest-cli/internal/app/engine/auxiliary.go:175.2,189.46 3 0
github.com/JungHoonGhae/tossinvest-cli/internal/app/engine/auxiliary.go:189.46,191.4 1 0
github.com/JungHoonGhae/tossinvest-cli/internal/app/engine/auxiliary.go:213.83,214.17 1 0
github.com/JungHoonGhae/tossinvest-cli/internal/app/engine/auxiliary.go:214.17,216.3 1 0
github.com/JungHoonGhae/tossinvest-cli/internal/app/engine/auxiliary.go:220.2,223.16 2 0
github.com/JungHoonGhae/tossinvest-cli/internal/app/engine/auxiliary.go:223.16,225.3 1 0
github.com/JungHoonGhae/tossinvest-cli/internal/app/engine/auxiliary.go:226.2,228.57 1 0
github.com/JungHoonGhae/tossinvest-cli/internal/app/engine/boot_catchup.go:29.50,31.16 2 0
github.com/JungHoonGhae/tossinvest-cli/internal/app/engine/boot_catchup.go:31.16,34.17 1 0
github.com/JungHoonGhae/tossinvest-cli/internal/app/engine/boot_catchup.go:34.17,37.4 1 0
github.com/JungHoonGhae/tossinvest-cli/internal/app/engine/boot_catchup.go:38.3,38.22 1 0
github.com/JungHoonGhae/tossinvest-cli/internal/app/engine/boot_catchup.go:38.22,48.4 2 0
github.com/JungHoonGhae/tossinvest-cli/internal/app/engine/boot_catchup.go:49.3,49.11 1 0
github.com/JungHoonGhae/tossinvest-cli/internal/app/engine/boot_catchup.go:51.2,52.26 2 0
github.com/JungHoonGhae/tossinvest-cli/internal/app/engine/boot_catchup.go:52.26,53.42 1 0
github.com/JungHoonGhae/tossinvest-cli/internal/app/engine/boot_catchup.go:53.42,56.18 1 0
github.com/JungHoonGhae/tossinvest-cli/internal/app/engine/boot_catchup.go:56.18,59.5 1 0
github.com/JungHoonGhae/tossinvest-cli/internal/app/engine/boot_catchup.go:60.4,60.12 1 0
github.com/JungHoonGhae/tossinvest-cli/internal/app/engine/boot_catchup.go:62.3,63.17 2 0
github.com/JungHoonGhae/tossinvest-cli/internal/app/engine/boot_catchup.go:63.17,65.12 2 0
github.com/JungHoonGhae/tossinvest-cli/internal/app/engine/boot_catchup.go:67.3,67.9 1 0
github.com/JungHoonGhae/tossinvest-cli/internal/app/engine/boot_catchup.go:67.9,69.4 1 0
github.com/JungHoonGhae/tossinvest-cli/internal/app/engine/boot_catchup.go:71.2,71.17 1 0
github.com/JungHoonGhae/tossinvest-cli/internal/app/engine/boot_catchup.go:74.134,89.16 3 0
github.com/JungHoonGhae/tossinvest-cli/internal/app/engine/boot_catchup.go:89.16,91.3 1 0
github.com/JungHoonGhae/tossinvest-cli/internal/app/engine/boot_catchup.go:92.2,92.21 1 0
github.com/JungHoonGhae/tossinvest-cli/internal/app/engine/boot_catchup.go:92.21,94.3 1 0
github.com/JungHoonGhae/tossinvest-cli/internal/app/engine/boot_catchup.go:95.2,95.40 1 0
github.com/JungHoonGhae/tossinvest-cli/internal/app/engine/broker.go:23.129,25.2 1 0
github.com/JungHoonGhae/tossinvest-cli/internal/app/engine/broker.go:37.55,37.70 1 0
github.com/JungHoonGhae/tossinvest-cli/internal/app/engine/broker.go:44.131,46.2 1 0
github.com/JungHoonGhae/tossinvest-cli/internal/app/engine/broker.go:48.129,50.2 1 0
github.com/JungHoonGhae/tossinvest-cli/internal/app/engine/broker.go:57.112,59.2 1 0
github.com/JungHoonGhae/tossinvest-cli/internal/app/engine/broker.go:67.149,78.26 2 0
github.com/JungHoonGhae/tossinvest-cli/internal/app/engine/broker.go:78.26,81.3 2 0
github.com/JungHoonGhae/tossinvest-cli/internal/app/engine/broker.go:82.2,82.48 1 0
github.com/JungHoonGhae/tossinvest-cli/internal/app/engine/broker.go:85.120,87.2 1 0
github.com/JungHoonGhae/tossinvest-cli/internal/app/engine/broker.go:89.120,98.26 2 0
github.com/JungHoonGhae/tossinvest-cli/internal/app/engine/broker.go:98.26,101.3 2 0
github.com/JungHoonGhae/tossinvest-cli/internal/app/engine/broker.go:102.2,102.59 1 0
github.com/JungHoonGhae/tossinvest-cli/internal/app/engine/broker.go:105.79,110.24 2 0
github.com/JungHoonGhae/tossinvest-cli/internal/app/engine/broker.go:110.24,112.3 1 0
github.com/JungHoonGhae/tossinvest-cli/internal/app/engine/broker.go:113.2,113.13 1 0
github.com/JungHoonGhae/tossinvest-cli/internal/app/engine/broker.go:116.38,116.84 1 0
github.com/JungHoonGhae/tossinvest-cli/internal/app/engine/cli_testseams.go:19.3,23.29 2 0
github.com/JungHoonGhae/tossinvest-cli/internal/app/engine/cli_testseams.go:23.29,24.25 1 0
github.com/JungHoonGhae/tossinvest-cli/internal/app/engine/cli_testseams.go:24.25,26.4 1 0
github.com/JungHoonGhae/tossinvest-cli/internal/app/engine/cli_testseams.go:27.3,27.79 1 0
github.com/JungHoonGhae/tossinvest-cli/internal/app/engine/engine.go:359.53,361.19 2 0
github.com/JungHoonGhae/tossinvest-cli/internal/app/engine/engine.go:361.19,363.3 1 0
github.com/JungHoonGhae/tossinvest-cli/internal/app/engine/engine.go:365.2,366.16 2 0
github.com/JungHoonGhae/tossinvest-cli/internal/app/engine/engine.go:366.16,368.3 1 0
github.com/JungHoonGhae/tossinvest-cli/internal/app/engine/engine.go:370.2,371.16 2 0
github.com/JungHoonGhae/tossinvest-cli/internal/app/engine/engine.go:371.16,373.3 1 0
github.com/JungHoonGhae/tossinvest-cli/internal/app/engine/engine.go:375.2,376.16 2 0
github.com/JungHoonGhae/tossinvest-cli/internal/app/engine/engine.go:376.16,378.3 1 0
github.com/JungHoonGhae/tossinvest-cli/internal/app/engine/engine.go:379.2,380.16 2 0
github.com/JungHoonGhae/tossinvest-cli/internal/app/engine/engine.go:380.16,382.3 1 0
github.com/JungHoonGhae/tossinvest-cli/internal/app/engine/engine.go:386.2,386.65 1 0
github.com/JungHoonGhae/tossinvest-cli/internal/app/engine/engine.go:386.65,388.3 1 0
github.com/JungHoonGhae/tossinvest-cli/internal/app/engine/engine.go:390.2,405.8 3 0
github.com/JungHoonGhae/tossinvest-cli/internal/app/engine/engine.go:425.42,427.2 1 0
github.com/JungHoonGhae/tossinvest-cli/internal/app/engine/engine.go:437.70,439.16 2 0
github.com/JungHoonGhae/tossinvest-cli/internal/app/engine/engine.go:439.16,441.3 1 0
github.com/JungHoonGhae/tossinvest-cli/internal/app/engine/engine.go:442.2,446.16 4 0
github.com/JungHoonGhae/tossinvest-cli/internal/app/engine/engine.go:446.16,448.3 1 0
github.com/JungHoonGhae/tossinvest-cli/internal/app/engine/engine.go:449.2,450.16 2 0
github.com/JungHoonGhae/tossinvest-cli/internal/app/engine/engine.go:450.16,452.3 1 0
github.com/JungHoonGhae/tossinvest-cli/internal/app/engine/engine.go:454.2,464.27 4 0
github.com/JungHoonGhae/tossinvest-cli/internal/app/engine/engine.go:464.27,466.3 1 0
github.com/JungHoonGhae/tossinvest-cli/internal/app/engine/engine.go:472.2,473.39 1 0
github.com/JungHoonGhae/tossinvest-cli/internal/app/engine/engine.go:473.39,478.3 1 0
github.com/JungHoonGhae/tossinvest-cli/internal/app/engine/engine.go:486.2,487.16 2 0
github.com/JungHoonGhae/tossinvest-cli/internal/app/engine/engine.go:487.16,489.3 1 0
github.com/JungHoonGhae/tossinvest-cli/internal/app/engine/engine.go:490.2,494.16 3 0
github.com/JungHoonGhae/tossinvest-cli/internal/app/engine/engine.go:494.16,496.3 1 0
github.com/JungHoonGhae/tossinvest-cli/internal/app/engine/engine.go:503.2,503.44 1 0
github.com/JungHoonGhae/tossinvest-cli/internal/app/engine/engine.go:503.44,506.3 2 0
github.com/JungHoonGhae/tossinvest-cli/internal/app/engine/engine.go:509.2,522.16 2 0
github.com/JungHoonGhae/tossinvest-cli/internal/app/engine/engine.go:522.16,525.3 2 0
github.com/JungHoonGhae/tossinvest-cli/internal/app/engine/engine.go:536.2,537.72 2 0
github.com/JungHoonGhae/tossinvest-cli/internal/app/engine/engine.go:537.72,539.21 2 0
github.com/JungHoonGhae/tossinvest-cli/internal/app/engine/engine.go:539.21,541.4 1 0
github.com/JungHoonGhae/tossinvest-cli/internal/app/engine/engine.go:542.3,545.17 2 0
github.com/JungHoonGhae/tossinvest-cli/internal/app/engine/engine.go:545.17,549.4 2 0
github.com/JungHoonGhae/tossinvest-cli/internal/app/engine/engine.go:558.2,565.16 2 0
github.com/JungHoonGhae/tossinvest-cli/internal/app/engine/engine.go:565.16,568.3 2 0
github.com/JungHoonGhae/tossinvest-cli/internal/app/engine/engine.go:569.2,569.26 1 0
github.com/JungHoonGhae/tossinvest-cli/internal/app/engine/engine.go:569.26,571.3 1 0
github.com/JungHoonGhae/tossinvest-cli/internal/app/engine/engine.go:573.2,574.16 2 0
github.com/JungHoonGhae/tossinvest-cli/internal/app/engine/engine.go:574.16,577.3 2 0
github.com/JungHoonGhae/tossinvest-cli/internal/app/engine/engine.go:578.2,606.8 1 0
github.com/JungHoonGhae/tossinvest-cli/internal/app/engine/engine.go:611.33,612.14 1 0
github.com/JungHoonGhae/tossinvest-cli/internal/app/engine/engine.go:612.14,614.3 1 0
github.com/JungHoonGhae/tossinvest-cli/internal/app/engine/engine.go:615.2,617.14 3 0
github.com/JungHoonGhae/tossinvest-cli/internal/app/engine/engine.go:617.14,619.3 1 0
github.com/JungHoonGhae/tossinvest-cli/internal/app/engine/engine.go:620.2,620.12 1 0
github.com/JungHoonGhae/tossinvest-cli/internal/app/engine/engine.go:652.102,654.26 2 0
github.com/JungHoonGhae/tossinvest-cli/internal/app/engine/engine.go:654.26,656.3 1 0
github.com/JungHoonGhae/tossinvest-cli/internal/app/engine/engine.go:657.2,662.16 2 0
github.com/JungHoonGhae/tossinvest-cli/internal/app/engine/engine.go:662.16,664.3 1 0
github.com/JungHoonGhae/tossinvest-cli/internal/app/engine/engine.go:670.2,670.52 1 0
github.com/JungHoonGhae/tossinvest-cli/internal/app/engine/engine.go:670.52,673.3 2 0
github.com/JungHoonGhae/tossinvest-cli/internal/app/engine/engine.go:685.2,686.78 2 0
github.com/JungHoonGhae/tossinvest-cli/internal/app/engine/engine.go:686.78,688.3 1 0
github.com/JungHoonGhae/tossinvest-cli/internal/app/engine/engine.go:689.2,689.73 1 0
github.com/JungHoonGhae/tossinvest-cli/internal/app/engine/engine.go:689.73,692.3 2 0
github.com/JungHoonGhae/tossinvest-cli/internal/app/engine/engine.go:693.2,693.15 1 0
github.com/JungHoonGhae/tossinvest-cli/internal/app/engine/exit_held_proposal.go:50.35,51.21 1 0
github.com/JungHoonGhae/tossinvest-cli/internal/app/engine/exit_held_proposal.go:51.21,53.3 1 0
github.com/JungHoonGhae/tossinvest-cli/internal/app/engine/exit_held_proposal.go:54.2,54.33 1 0
github.com/JungHoonGhae/tossinvest-cli/internal/app/engine/exit_held_proposal.go:61.90,62.46 1 0
github.com/JungHoonGhae/tossinvest-cli/internal/app/engine/exit_held_proposal.go:62.46,64.3 1 0
github.com/JungHoonGhae/tossinvest-cli/internal/app/engine/exit_held_proposal.go:65.2,66.32 2 0
github.com/JungHoonGhae/tossinvest-cli/internal/app/engine/exit_held_proposal.go:66.32,67.37 1 0
github.com/JungHoonGhae/tossinvest-cli/internal/app/engine/exit_held_proposal.go:67.37,69.4 1 0
github.com/JungHoonGhae/tossinvest-cli/internal/app/engine/exit_held_proposal.go:70.3,70.20 1 0
github.com/JungHoonGhae/tossinvest-cli/internal/app/engine/exit_held_proposal.go:71.80,71.80 0 0
github.com/JungHoonGhae/tossinvest-cli/internal/app/engine/exit_held_proposal.go:72.11,73.16 1 0
github.com/JungHoonGhae/tossinvest-cli/internal/app/engine/exit_held_proposal.go:75.3,76.39 2 0
github.com/JungHoonGhae/tossinvest-cli/internal/app/engine/exit_held_proposal.go:76.39,78.4 1 0
github.com/JungHoonGhae/tossinvest-cli/internal/app/engine/exit_held_proposal.go:79.3,79.27 1 0
github.com/JungHoonGhae/tossinvest-cli/internal/app/engine/exit_held_proposal.go:81.2,81.33 1 0
github.com/JungHoonGhae/tossinvest-cli/internal/app/engine/exit_held_proposal.go:81.33,82.25 1 0
github.com/JungHoonGhae/tossinvest-cli/internal/app/engine/exit_held_proposal.go:82.25,84.4 1 0
github.com/JungHoonGhae/tossinvest-cli/internal/app/engine/exit_held_proposal.go:86.2,86.13 1 0
github.com/JungHoonGhae/tossinvest-cli/internal/app/engine/exit_held_proposal.go:90.72,92.29 2 0
github.com/JungHoonGhae/tossinvest-cli/internal/app/engine/exit_held_proposal.go:92.29,93.77 1 0
github.com/JungHoonGhae/tossinvest-cli/internal/app/engine/exit_held_proposal.go:93.77,95.4 1 0
github.com/JungHoonGhae/tossinvest-cli/internal/app/engine/exit_held_proposal.go:97.2,97.12 1 0
github.com/JungHoonGhae/tossinvest-cli/internal/app/engine/exit_held_proposal.go:100.51,101.25 1 0
github.com/JungHoonGhae/tossinvest-cli/internal/app/engine/exit_held_proposal.go:101.25,102.13 1 0
github.com/JungHoonGhae/tossinvest-cli/internal/app/engine/exit_held_proposal.go:102.13,104.4 1 0
github.com/JungHoonGhae/tossinvest-cli/internal/app/engine/exit_held_proposal.go:106.2,106.14 1 0
github.com/JungHoonGhae/tossinvest-cli/internal/app/engine/exit_held_proposal.go:111.55,112.36 1 0
github.com/JungHoonGhae/tossinvest-cli/internal/app/engine/exit_held_proposal.go:112.36,114.3 1 0
github.com/JungHoonGhae/tossinvest-cli/internal/app/engine/exit_held_proposal.go:115.2,115.46 1 0
github.com/JungHoonGhae/tossinvest-cli/internal/app/engine/exit_held_proposal.go:126.78,127.24 1 0
github.com/JungHoonGhae/tossinvest-cli/internal/app/engine/exit_held_proposal.go:127.24,129.3 1 0
github.com/JungHoonGhae/tossinvest-cli/internal/app/engine/exit_held_proposal.go:130.2,130.54 1 0
github.com/JungHoonGhae/tossinvest-cli/internal/app/engine/exit_held_proposal.go:130.54,134.3 2 0
github.com/JungHoonGhae/tossinvest-cli/internal/app/engine/exit_held_proposal.go:135.2,136.16 2 0
github.com/JungHoonGhae/tossinvest-cli/internal/app/engine/exit_held_proposal.go:136.16,139.3 2 0
github.com/JungHoonGhae/tossinvest-cli/internal/app/engine/exit_held_proposal.go:140.2,140.51 1 0
github.com/JungHoonGhae/tossinvest-cli/internal/app/engine/exit_held_proposal.go:140.51,142.17 2 0
github.com/JungHoonGhae/tossinvest-cli/internal/app/engine/exit_held_proposal.go:142.17,144.4 1 0
github.com/JungHoonGhae/tossinvest-cli/internal/app/engine/exit_held_proposal.go:145.3,145.18 1 0
github.com/JungHoonGhae/tossinvest-cli/internal/app/engine/exit_held_proposal.go:148.2,148.35 1 0
github.com/JungHoonGhae/tossinvest-cli/internal/app/engine/exit_held_proposal.go:148.35,150.3 1 0
github.com/JungHoonGhae/tossinvest-cli/internal/app/engine/exit_held_proposal.go:153.2,154.39 2 0
github.com/JungHoonGhae/tossinvest-cli/internal/app/engine/exit_held_proposal.go:154.39,155.106 1 0
github.com/JungHoonGhae/tossinvest-cli/internal/app/engine/exit_held_proposal.go:155.106,156.12 1 0
github.com/JungHoonGhae/tossinvest-cli/internal/app/engine/exit_held_proposal.go:158.3,159.109 2 0
github.com/JungHoonGhae/tossinvest-cli/internal/app/engine/exit_held_proposal.go:161.2,162.16 2 0
github.com/JungHoonGhae/tossinvest-cli/internal/app/engine/exit_held_proposal.go:162.16,165.3 2 0
github.com/JungHoonGhae/tossinvest-cli/internal/app/engine/exit_held_proposal.go:166.2,166.29 1 0
github.com/JungHoonGhae/tossinvest-cli/internal/app/engine/exit_held_proposal.go:166.29,167.87 1 0
github.com/JungHoonGhae/tossinvest-cli/internal/app/engine/exit_held_proposal.go:167.87,168.12 1 0
github.com/JungHoonGhae/tossinvest-cli/internal/app/engine/exit_held_proposal.go:170.3,170.109 1 0
github.com/JungHoonGhae/tossinvest-cli/internal/app/engine/exit_held_proposal.go:172.2,172.14 1 0
github.com/JungHoonGhae/tossinvest-cli/internal/app/engine/exit_held_proposal.go:177.127,179.16 2 0
github.com/JungHoonGhae/tossinvest-cli/internal/app/engine/exit_held_proposal.go:179.16,182.3 2 0
github.com/JungHoonGhae/tossinvest-cli/internal/app/engine/exit_held_proposal.go:183.2,183.12 1 0
github.com/JungHoonGhae/tossinvest-cli/internal/app/engine/exit_held_proposal.go:183.12,185.3 1 0
github.com/JungHoonGhae/tossinvest-cli/internal/app/engine/exit_held_proposal.go:186.2,187.16 2 0
github.com/JungHoonGhae/tossinvest-cli/internal/app/engine/exit_held_proposal.go:187.16,190.3 2 0
github.com/JungHoonGhae/tossinvest-cli/internal/app/engine/exit_held_proposal.go:191.2,192.29 2 0
github.com/JungHoonGhae/tossinvest-cli/internal/app/engine/exit_held_proposal.go:192.29,194.3 1 0
github.com/JungHoonGhae/tossinvest-cli/internal/app/engine/exit_held_proposal.go:195.2,195.65 1 0
github.com/JungHoonGhae/tossinvest-cli/internal/app/engine/exit_held_proposal.go:198.81,200.27 2 0
github.com/JungHoonGhae/tossinvest-cli/internal/app/engine/exit_held_proposal.go:200.27,202.3 1 0
github.com/JungHoonGhae/tossinvest-cli/internal/app/engine/exit_held_proposal.go:203.2,214.4 1 0
github.com/JungHoonGhae/tossinvest-cli/internal/app/engine/exit_held_proposal.go:217.99,219.27 2 0
github.com/JungHoonGhae/tossinvest-cli/internal/app/engine/exit_held_proposal.go:219.27,221.3 1 0
github.com/JungHoonGhae/tossinvest-cli/internal/app/engine/exit_held_proposal.go:222.2,237.4 1 0
github.com/JungHoonGhae/tossinvest-cli/internal/app/engine/exit_held_proposal.go:241.73,243.27 2 0
github.com/JungHoonGhae/tossinvest-cli/internal/app/engine/exit_held_proposal.go:243.27,245.3 1 0
github.com/JungHoonGhae/tossinvest-cli/internal/app/engine/exit_held_proposal.go:246.2,260.4 1 0
github.com/JungHoonGhae/tossinvest-cli/internal/app/engine/exit_held_proposal.go:266.90,267.26 1 0
github.com/JungHoonGhae/tossinvest-cli/internal/app/engine/exit_held_proposal.go:267.26,269.3 1 0
github.com/JungHoonGhae/tossinvest-cli/internal/app/engine/exit_held_proposal.go:270.2,271.14 2 0
github.com/JungHoonGhae/tossinvest-cli/internal/app/engine/exit_held_proposal.go:271.14,274.3 2 0
github.com/JungHoonGhae/tossinvest-cli/internal/app/engine/exit_held_proposal.go:275.2,275.20 1 0
github.com/JungHoonGhae/tossinvest-cli/internal/app/engine/exit_held_proposal.go:275.20,277.3 1 0
github.com/JungHoonGhae/tossinvest-cli/internal/app/engine/exit_held_proposal.go:278.2,279.69 2 0
github.com/JungHoonGhae/tossinvest-cli/internal/app/engine/exit_held_proposal.go:279.69,281.3 1 0
github.com/JungHoonGhae/tossinvest-cli/internal/app/engine/exit_held_proposal.go:282.2,296.4 2 0
github.com/JungHoonGhae/tossinvest-cli/internal/app/engine/exit_held_proposal.go:300.58,302.2 1 0
github.com/JungHoonGhae/tossinvest-cli/internal/app/engine/exit_held_proposal.go:312.56,314.2 1 0
github.com/JungHoonGhae/tossinvest-cli/internal/app/engine/exit_held_proposal.go:318.97,319.28 1 0
github.com/JungHoonGhae/tossinvest-cli/internal/app/engine/exit_held_proposal.go:319.28,322.3 2 0
github.com/JungHoonGhae/tossinvest-cli/internal/app/engine/exit_held_proposal.go:323.2,323.66 1 0
github.com/JungHoonGhae/tossinvest-cli/internal/app/engine/exit_held_proposal.go:323.66,326.3 2 0
github.com/JungHoonGhae/tossinvest-cli/internal/app/engine/exit_held_proposal.go:327.2,327.30 1 0
github.com/JungHoonGhae/tossinvest-cli/internal/app/engine/exit_held_proposal.go:327.30,329.3 1 0
github.com/JungHoonGhae/tossinvest-cli/internal/app/engine/exit_held_proposal.go:330.2,331.13 2 0
github.com/JungHoonGhae/tossinvest-cli/internal/app/engine/exit_held_proposal.go:336.79,338.2 1 0
github.com/JungHoonGhae/tossinvest-cli/internal/app/engine/exit_quarantine_announce.go:49.85,51.2 1 0
github.com/JungHoonGhae/tossinvest-cli/internal/app/engine/exit_quarantine_announce.go:60.36,61.34 1 0
github.com/JungHoonGhae/tossinvest-cli/internal/app/engine/exit_quarantine_announce.go:61.34,65.3 1 0
github.com/JungHoonGhae/tossinvest-cli/internal/app/engine/exit_quarantine_announce.go:66.2,67.32 2 0
github.com/JungHoonGhae/tossinvest-cli/internal/app/engine/exit_quarantine_announce.go:67.32,69.3 1 0
github.com/JungHoonGhae/tossinvest-cli/internal/app/engine/exit_quarantine_announce.go:70.2,89.4 2 0
github.com/JungHoonGhae/tossinvest-cli/internal/app/engine/exit_quarantine_announce.go:106.94,108.27 2 0
github.com/JungHoonGhae/tossinvest-cli/internal/app/engine/exit_quarantine_announce.go:108.27,110.3 1 0
github.com/JungHoonGhae/tossinvest-cli/internal/app/engine/exit_quarantine_announce.go:111.2,111.33 1 0
github.com/JungHoonGhae/tossinvest-cli/internal/app/engine/exit_quarantine_command.go:79.91,81.9 2 0
github.com/JungHoonGhae/tossinvest-cli/internal/app/engine/exit_quarantine_command.go:81.9,83.3 1 0
github.com/JungHoonGhae/tossinvest-cli/internal/app/engine/exit_quarantine_command.go:84.2,84.18 1 0
github.com/JungHoonGhae/tossinvest-cli/internal/app/engine/exit_quarantine_command.go:88.103,92.16 4 0
github.com/JungHoonGhae/tossinvest-cli/internal/app/engine/exit_quarantine_command.go:92.16,94.3 1 0
github.com/JungHoonGhae/tossinvest-cli/internal/app/engine/exit_quarantine_command.go:95.2,95.48 1 0
github.com/JungHoonGhae/tossinvest-cli/internal/app/engine/exit_quarantine_command.go:105.62,108.39 3 0
github.com/JungHoonGhae/tossinvest-cli/internal/app/engine/exit_quarantine_command.go:108.39,110.3 1 0
github.com/JungHoonGhae/tossinvest-cli/internal/app/engine/exit_quarantine_command.go:111.2,112.16 2 0
github.com/JungHoonGhae/tossinvest-cli/internal/app/engine/exit_quarantine_command.go:112.16,114.3 1 0
github.com/JungHoonGhae/tossinvest-cli/internal/app/engine/exit_quarantine_command.go:115.2,116.16 2 0
github.com/JungHoonGhae/tossinvest-cli/internal/app/engine/exit_quarantine_command.go:116.16,118.3 1 0
github.com/JungHoonGhae/tossinvest-cli/internal/app/engine/exit_quarantine_command.go:119.2,120.16 2 0
github.com/JungHoonGhae/tossinvest-cli/internal/app/engine/exit_quarantine_command.go:120.16,122.3 1 0
github.com/JungHoonGhae/tossinvest-cli/internal/app/engine/exit_quarantine_command.go:123.2,126.8 1 0
github.com/JungHoonGhae/tossinvest-cli/internal/app/engine/exit_quarantine_command.go:131.68,135.16 4 0
github.com/JungHoonGhae/tossinvest-cli/internal/app/engine/exit_quarantine_command.go:135.16,137.3 1 0
github.com/JungHoonGhae/tossinvest-cli/internal/app/engine/exit_quarantine_command.go:138.2,138.22 1 0
github.com/JungHoonGhae/tossinvest-cli/internal/app/engine/exit_quarantine_command.go:138.22,143.3 1 0
github.com/JungHoonGhae/tossinvest-cli/internal/app/engine/exit_quarantine_command.go:144.2,145.16 2 0
github.com/JungHoonGhae/tossinvest-cli/internal/app/engine/exit_quarantine_command.go:145.16,147.3 1 0
github.com/JungHoonGhae/tossinvest-cli/internal/app/engine/exit_quarantine_command.go:151.2,159.16 3 0
github.com/JungHoonGhae/tossinvest-cli/internal/app/engine/exit_quarantine_command.go:159.16,161.3 1 0
github.com/JungHoonGhae/tossinvest-cli/internal/app/engine/exit_quarantine_command.go:163.2,167.16 4 0
github.com/JungHoonGhae/tossinvest-cli/internal/app/engine/exit_quarantine_command.go:167.16,168.58 1 0
github.com/JungHoonGhae/tossinvest-cli/internal/app/engine/exit_quarantine_command.go:168.58,174.4 1 0
github.com/JungHoonGhae/tossinvest-cli/internal/app/engine/exit_quarantine_command.go:175.3,175.38 1 0
github.com/JungHoonGhae/tossinvest-cli/internal/app/engine/exit_quarantine_command.go:177.2,179.8 1 0
github.com/JungHoonGhae/tossinvest-cli/internal/app/engine/exit_quarantine_command.go:184.89,186.16 2 0
github.com/JungHoonGhae/tossinvest-cli/internal/app/engine/exit_quarantine_command.go:186.16,188.3 1 0
github.com/JungHoonGhae/tossinvest-cli/internal/app/engine/exit_quarantine_command.go:189.2,189.27 1 0
github.com/JungHoonGhae/tossinvest-cli/internal/app/engine/exit_quarantine_command.go:189.27,190.94 1 0
github.com/JungHoonGhae/tossinvest-cli/internal/app/engine/exit_quarantine_command.go:190.94,191.12 1 0
github.com/JungHoonGhae/tossinvest-cli/internal/app/engine/exit_quarantine_command.go:193.3,193.33 1 0
github.com/JungHoonGhae/tossinvest-cli/internal/app/engine/exit_quarantine_command.go:193.33,196.4 1 0
github.com/JungHoonGhae/tossinvest-cli/internal/app/engine/exit_quarantine_command.go:197.3,197.18 1 0
github.com/JungHoonGhae/tossinvest-cli/internal/app/engine/exit_quarantine_command.go:199.2,200.68 1 0
github.com/JungHoonGhae/tossinvest-cli/internal/app/engine/exit_quarantine_command.go:204.42,205.45 1 0
github.com/JungHoonGhae/tossinvest-cli/internal/app/engine/exit_quarantine_command.go:205.45,207.3 1 0
github.com/JungHoonGhae/tossinvest-cli/internal/app/engine/exit_quarantine_command.go:208.2,210.43 3 0
github.com/JungHoonGhae/tossinvest-cli/internal/app/engine/exit_quarantine_command.go:210.43,211.34 1 0
github.com/JungHoonGhae/tossinvest-cli/internal/app/engine/exit_quarantine_command.go:211.34,213.4 1 0
github.com/JungHoonGhae/tossinvest-cli/internal/app/engine/exit_quarantine_command.go:215.2,216.62 2 0
github.com/JungHoonGhae/tossinvest-cli/internal/app/engine/exit_quarantine_command.go:216.62,218.3 1 0
github.com/JungHoonGhae/tossinvest-cli/internal/app/engine/exit_quarantine_command.go:219.2,220.42 2 0
github.com/JungHoonGhae/tossinvest-cli/internal/app/engine/exit_quarantine_command.go:220.42,222.3 1 0
github.com/JungHoonGhae/tossinvest-cli/internal/app/engine/exit_quarantine_command.go:223.2,229.55 2 0
github.com/JungHoonGhae/tossinvest-cli/internal/app/engine/exit_quarantine_command.go:232.120,234.34 2 0
github.com/JungHoonGhae/tossinvest-cli/internal/app/engine/exit_quarantine_command.go:234.34,236.3 1 0
github.com/JungHoonGhae/tossinvest-cli/internal/app/engine/exit_quarantine_command.go:237.2,239.40 3 0
github.com/JungHoonGhae/tossinvest-cli/internal/app/engine/exit_quarantine_command.go:239.40,240.86 1 0
github.com/JungHoonGhae/tossinvest-cli/internal/app/engine/exit_quarantine_command.go:240.86,242.4 1 0
github.com/JungHoonGhae/tossinvest-cli/internal/app/engine/exit_quarantine_command.go:244.2,244.15 1 0
github.com/JungHoonGhae/tossinvest-cli/internal/app/engine/exit_quarantine_command.go:244.15,246.3 1 0
github.com/JungHoonGhae/tossinvest-cli/internal/app/engine/exit_quarantine_command.go:247.2,249.97 2 0
github.com/JungHoonGhae/tossinvest-cli/internal/app/engine/exit_quarantine_command.go:249.97,252.3 2 0
github.com/JungHoonGhae/tossinvest-cli/internal/app/engine/exit_quarantine_command.go:253.2,254.32 2 0
github.com/JungHoonGhae/tossinvest-cli/internal/app/engine/exit_quarantine_command.go:254.32,259.3 2 0
github.com/JungHoonGhae/tossinvest-cli/internal/app/engine/exit_quarantine_command.go:260.2,260.33 1 0
github.com/JungHoonGhae/tossinvest-cli/internal/app/engine/exit_quarantine_command.go:260.33,262.3 1 0
github.com/JungHoonGhae/tossinvest-cli/internal/app/engine/exit_quarantine_command.go:263.2,263.34 1 0
github.com/JungHoonGhae/tossinvest-cli/internal/app/engine/exit_quarantine_command.go:263.34,266.3 2 0
github.com/JungHoonGhae/tossinvest-cli/internal/app/engine/exit_quarantine_command.go:267.2,267.26 1 0
github.com/JungHoonGhae/tossinvest-cli/internal/app/engine/exit_quarantine_transport.go:36.49,37.100 1 1
github.com/JungHoonGhae/tossinvest-cli/internal/app/engine/exit_quarantine_transport.go:37.100,38.33 1 1
github.com/JungHoonGhae/tossinvest-cli/internal/app/engine/exit_quarantine_transport.go:38.33,41.4 2 1
github.com/JungHoonGhae/tossinvest-cli/internal/app/engine/exit_quarantine_transport.go:42.3,43.17 2 1
github.com/JungHoonGhae/tossinvest-cli/internal/app/engine/exit_quarantine_transport.go:43.17,46.4 2 0
github.com/JungHoonGhae/tossinvest-cli/internal/app/engine/exit_quarantine_transport.go:47.3,47.18 1 1
github.com/JungHoonGhae/tossinvest-cli/internal/app/engine/exit_quarantine_transport.go:47.18,51.4 1 0
github.com/JungHoonGhae/tossinvest-cli/internal/app/engine/exit_quarantine_transport.go:52.3,52.39 1 1
github.com/JungHoonGhae/tossinvest-cli/internal/app/engine/exit_quarantine_transport.go:54.2,57.61 2 1
github.com/JungHoonGhae/tossinvest-cli/internal/app/engine/exit_quarantine_transport.go:61.47,62.54 1 1
github.com/JungHoonGhae/tossinvest-cli/internal/app/engine/exit_quarantine_transport.go:62.54,63.34 1 1
github.com/JungHoonGhae/tossinvest-cli/internal/app/engine/exit_quarantine_transport.go:63.34,66.4 2 1
github.com/JungHoonGhae/tossinvest-cli/internal/app/engine/exit_quarantine_transport.go:67.3,68.52 2 1
github.com/JungHoonGhae/tossinvest-cli/internal/app/engine/exit_quarantine_transport.go:68.52,71.4 2 0
github.com/JungHoonGhae/tossinvest-cli/internal/app/engine/exit_quarantine_transport.go:72.3,74.17 3 1
github.com/JungHoonGhae/tossinvest-cli/internal/app/engine/exit_quarantine_transport.go:74.17,77.4 2 0
github.com/JungHoonGhae/tossinvest-cli/internal/app/engine/exit_quarantine_transport.go:78.3,78.48 1 1
github.com/JungHoonGhae/tossinvest-cli/internal/app/engine/exit_quarantine_transport.go:78.48,81.4 2 0
github.com/JungHoonGhae/tossinvest-cli/internal/app/engine/exit_quarantine_transport.go:82.3,85.46 4 1
github.com/JungHoonGhae/tossinvest-cli/internal/app/engine/exit_quarantine_transport.go:85.46,88.4 2 0
github.com/JungHoonGhae/tossinvest-cli/internal/app/engine/exit_quarantine_transport.go:89.3,90.64 2 1
github.com/JungHoonGhae/tossinvest-cli/internal/app/engine/exit_quarantine_transport.go:90.64,93.4 2 0
github.com/JungHoonGhae/tossinvest-cli/internal/app/engine/exit_quarantine_transport.go:94.3,95.17 2 1
github.com/JungHoonGhae/tossinvest-cli/internal/app/engine/exit_quarantine_transport.go:95.17,98.4 2 1
github.com/JungHoonGhae/tossinvest-cli/internal/app/engine/exit_quarantine_transport.go:99.3,99.41 1 1
github.com/JungHoonGhae/tossinvest-cli/internal/app/engine/exit_quarantine_transport.go:103.68,105.9 2 1
github.com/JungHoonGhae/tossinvest-cli/internal/app/engine/exit_quarantine_transport.go:106.56,107.50 1 0
github.com/JungHoonGhae/tossinvest-cli/internal/app/engine/exit_quarantine_transport.go:108.56,109.56 1 0
github.com/JungHoonGhae/tossinvest-cli/internal/app/engine/exit_quarantine_transport.go:110.57,111.56 1 0
github.com/JungHoonGhae/tossinvest-cli/internal/app/engine/exit_quarantine_transport.go:112.60,113.61 1 0
github.com/JungHoonGhae/tossinvest-cli/internal/app/engine/exit_quarantine_transport.go:114.59,115.55 1 0
github.com/JungHoonGhae/tossinvest-cli/internal/app/engine/exit_quarantine_transport.go:116.59,117.60 1 0
github.com/JungHoonGhae/tossinvest-cli/internal/app/engine/exit_quarantine_transport.go:118.62,119.64 1 1
github.com/JungHoonGhae/tossinvest-cli/internal/app/engine/exit_quarantine_transport.go:120.49,121.54 1 0
github.com/JungHoonGhae/tossinvest-cli/internal/app/engine/exit_quarantine_transport.go:123.2,123.45 1 1
github.com/JungHoonGhae/tossinvest-cli/internal/app/engine/exit_record_only.go:15.95,16.19 1 0
github.com/JungHoonGhae/tossinvest-cli/internal/app/engine/exit_record_only.go:16.19,18.3 1 0
github.com/JungHoonGhae/tossinvest-cli/internal/app/engine/exit_record_only.go:19.2,21.14 3 0
github.com/JungHoonGhae/tossinvest-cli/internal/app/engine/exit_record_only.go:26.85,27.19 1 0
github.com/JungHoonGhae/tossinvest-cli/internal/app/engine/exit_record_only.go:27.19,29.3 1 0
github.com/JungHoonGhae/tossinvest-cli/internal/app/engine/exit_record_only.go:30.2,32.14 3 0
github.com/JungHoonGhae/tossinvest-cli/internal/app/engine/exit_stop_sold_nothing.go:53.92,54.9 1 0
github.com/JungHoonGhae/tossinvest-cli/internal/app/engine/exit_stop_sold_nothing.go:55.63,56.22 1 0
github.com/JungHoonGhae/tossinvest-cli/internal/app/engine/exit_stop_sold_nothing.go:57.18,58.26 1 0
github.com/JungHoonGhae/tossinvest-cli/internal/app/engine/exit_stop_sold_nothing.go:59.50,60.23 1 0
github.com/JungHoonGhae/tossinvest-cli/internal/app/engine/exit_stop_sold_nothing.go:61.10,62.25 1 0
github.com/JungHoonGhae/tossinvest-cli/internal/app/engine/exit_stop_sold_nothing.go:71.39,72.16 1 0
github.com/JungHoonGhae/tossinvest-cli/internal/app/engine/exit_stop_sold_nothing.go:72.16,74.3 1 0
github.com/JungHoonGhae/tossinvest-cli/internal/app/engine/exit_stop_sold_nothing.go:75.2,75.25 1 0
github.com/JungHoonGhae/tossinvest-cli/internal/app/engine/exit_stop_sold_nothing.go:76.37,79.28 3 0
github.com/JungHoonGhae/tossinvest-cli/internal/app/engine/exit_stop_sold_nothing.go:79.28,80.16 1 0
github.com/JungHoonGhae/tossinvest-cli/internal/app/engine/exit_stop_sold_nothing.go:80.16,81.13 1 0
github.com/JungHoonGhae/tossinvest-cli/internal/app/engine/exit_stop_sold_nothing.go:83.4,83.28 1 0
github.com/JungHoonGhae/tossinvest-cli/internal/app/engine/exit_stop_sold_nothing.go:83.28,85.5 1 0
github.com/JungHoonGhae/tossinvest-cli/internal/app/engine/exit_stop_sold_nothing.go:86.4,86.15 1 0
github.com/JungHoonGhae/tossinvest-cli/internal/app/engine/exit_stop_sold_nothing.go:88.3,88.14 1 0
github.com/JungHoonGhae/tossinvest-cli/internal/app/engine/exit_stop_sold_nothing.go:89.35,90.40 1 0
github.com/JungHoonGhae/tossinvest-cli/internal/app/engine/exit_stop_sold_nothing.go:90.40,92.4 1 0
github.com/JungHoonGhae/tossinvest-cli/internal/app/engine/exit_stop_sold_nothing.go:93.3,93.15 1 0
github.com/JungHoonGhae/tossinvest-cli/internal/app/engine/exit_stop_sold_nothing.go:95.2,95.32 1 0
github.com/JungHoonGhae/tossinvest-cli/internal/app/engine/exit_stop_sold_nothing.go:99.57,101.2 1 0
github.com/JungHoonGhae/tossinvest-cli/internal/app/engine/exit_stop_sold_nothing.go:107.85,109.25 2 0
github.com/JungHoonGhae/tossinvest-cli/internal/app/engine/exit_stop_sold_nothing.go:109.25,111.3 1 0
github.com/JungHoonGhae/tossinvest-cli/internal/app/engine/exit_stop_sold_nothing.go:112.2,112.18 1 0
github.com/JungHoonGhae/tossinvest-cli/internal/app/engine/exit_stop_sold_nothing.go:112.18,114.43 2 0
github.com/JungHoonGhae/tossinvest-cli/internal/app/engine/exit_stop_sold_nothing.go:114.43,116.4 1 0
github.com/JungHoonGhae/tossinvest-cli/internal/app/engine/exit_stop_sold_nothing.go:118.2,118.66 1 0
github.com/JungHoonGhae/tossinvest-cli/internal/app/engine/exit_stop_sold_nothing.go:123.93,126.42 3 0
github.com/JungHoonGhae/tossinvest-cli/internal/app/engine/exit_stop_sold_nothing.go:126.42,128.3 1 0
github.com/JungHoonGhae/tossinvest-cli/internal/app/engine/exit_stop_sold_nothing.go:129.2,137.18 2 0
github.com/JungHoonGhae/tossinvest-cli/internal/app/engine/exit_stop_sold_nothing.go:137.18,139.3 1 0
github.com/JungHoonGhae/tossinvest-cli/internal/app/engine/exit_stop_sold_nothing.go:142.2,143.18 2 0
github.com/JungHoonGhae/tossinvest-cli/internal/app/engine/exit_stop_sold_nothing.go:143.18,145.3 1 0
github.com/JungHoonGhae/tossinvest-cli/internal/app/engine/exit_stop_sold_nothing.go:146.2,154.3 1 0
github.com/JungHoonGhae/tossinvest-cli/internal/app/engine/exit_stop_sold_nothing.go:158.40,159.17 1 0
github.com/JungHoonGhae/tossinvest-cli/internal/app/engine/exit_stop_sold_nothing.go:160.24,161.25 1 0
github.com/JungHoonGhae/tossinvest-cli/internal/app/engine/exit_stop_sold_nothing.go:162.21,163.22 1 0
github.com/JungHoonGhae/tossinvest-cli/internal/app/engine/exit_stop_sold_nothing.go:164.20,165.20 1 0
github.com/JungHoonGhae/tossinvest-cli/internal/app/engine/exit_stop_sold_nothing.go:167.2,167.21 1 0
github.com/JungHoonGhae/tossinvest-cli/internal/app/engine/exit_stop_sold_nothing.go:171.40,172.17 1 0
github.com/JungHoonGhae/tossinvest-cli/internal/app/engine/exit_stop_sold_nothing.go:173.24,174.73 1 0
github.com/JungHoonGhae/tossinvest-cli/internal/app/engine/exit_stop_sold_nothing.go:175.21,176.90 1 0
github.com/JungHoonGhae/tossinvest-cli/internal/app/engine/exit_stop_sold_nothing.go:178.2,178.23 1 0
github.com/JungHoonGhae/tossinvest-cli/internal/app/engine/exit_stop_sold_nothing.go:179.35,180.108 1 0
github.com/JungHoonGhae/tossinvest-cli/internal/app/engine/exit_stop_sold_nothing.go:181.37,182.79 1 0
github.com/JungHoonGhae/tossinvest-cli/internal/app/engine/exit_stop_sold_nothing.go:183.37,184.48 1 0
github.com/JungHoonGhae/tossinvest-cli/internal/app/engine/exit_stop_sold_nothing.go:185.40,186.41 1 0
github.com/JungHoonGhae/tossinvest-cli/internal/app/engine/exit_stop_sold_nothing.go:188.2,188.35 1 0
github.com/JungHoonGhae/tossinvest-cli/internal/app/engine/exit_stop_sold_nothing.go:193.118,194.26 1 0
github.com/JungHoonGhae/tossinvest-cli/internal/app/engine/exit_stop_sold_nothing.go:194.26,196.3 1 0
github.com/JungHoonGhae/tossinvest-cli/internal/app/engine/exit_stop_sold_nothing.go:197.2,197.76 1 0
github.com/JungHoonGhae/tossinvest-cli/internal/app/engine/exit_stop_sold_nothing.go:197.76,199.3 1 0
github.com/JungHoonGhae/tossinvest-cli/internal/app/engine/exit_stop_sold_nothing.go:206.107,207.32 1 0
github.com/JungHoonGhae/tossinvest-cli/internal/app/engine/exit_stop_sold_nothing.go:207.32,209.3 1 0
github.com/JungHoonGhae/tossinvest-cli/internal/app/engine/exit_stop_sold_nothing.go:210.2,211.120 1 0
github.com/JungHoonGhae/tossinvest-cli/internal/app/engine/exit_unobserved.go:93.75,94.66 1 0
github.com/JungHoonGhae/tossinvest-cli/internal/app/engine/exit_unobserved.go:94.66,101.3 1 0
github.com/JungHoonGhae/tossinvest-cli/internal/app/engine/exit_unobserved.go:102.2,102.26 1 0
github.com/JungHoonGhae/tossinvest-cli/internal/app/engine/exit_unobserved.go:105.71,108.2 2 0
github.com/JungHoonGhae/tossinvest-cli/internal/app/engine/exit_unobserved.go:111.71,114.25 3 0
github.com/JungHoonGhae/tossinvest-cli/internal/app/engine/exit_unobserved.go:114.25,116.3 1 0
github.com/JungHoonGhae/tossinvest-cli/internal/app/engine/exit_unobserved.go:117.2,117.38 1 0
github.com/JungHoonGhae/tossinvest-cli/internal/app/engine/exit_unobserved.go:117.38,119.3 1 0
github.com/JungHoonGhae/tossinvest-cli/internal/app/engine/exit_unobserved.go:123.72,125.2 1 0
github.com/JungHoonGhae/tossinvest-cli/internal/app/engine/exit_unobserved.go:128.88,130.2 1 0
github.com/JungHoonGhae/tossinvest-cli/internal/app/engine/exit_unobserved.go:134.64,136.2 1 0
github.com/JungHoonGhae/tossinvest-cli/internal/app/engine/exit_unobserved.go:139.80,144.42 4 0
github.com/JungHoonGhae/tossinvest-cli/internal/app/engine/exit_unobserved.go:144.42,146.3 1 0
github.com/JungHoonGhae/tossinvest-cli/internal/app/engine/exit_unobserved.go:147.2,147.42 1 0
github.com/JungHoonGhae/tossinvest-cli/internal/app/engine/exit_unobserved.go:147.42,151.3 2 0
github.com/JungHoonGhae/tossinvest-cli/internal/app/engine/exit_unobserved.go:153.2,153.31 1 0
github.com/JungHoonGhae/tossinvest-cli/internal/app/engine/exit_unobserved.go:153.31,154.35 1 0
github.com/JungHoonGhae/tossinvest-cli/internal/app/engine/exit_unobserved.go:154.35,156.4 1 0
github.com/JungHoonGhae/tossinvest-cli/internal/app/engine/exit_unobserved.go:159.2,160.29 2 0
github.com/JungHoonGhae/tossinvest-cli/internal/app/engine/exit_unobserved.go:160.29,162.3 1 0
github.com/JungHoonGhae/tossinvest-cli/internal/app/engine/exit_unobserved.go:163.2,164.25 2 0
github.com/JungHoonGhae/tossinvest-cli/internal/app/engine/exit_unobserved.go:164.25,167.17 3 0
github.com/JungHoonGhae/tossinvest-cli/internal/app/engine/exit_unobserved.go:167.17,170.4 2 0
github.com/JungHoonGhae/tossinvest-cli/internal/app/engine/exit_unobserved.go:171.3,173.41 2 0
github.com/JungHoonGhae/tossinvest-cli/internal/app/engine/exit_unobserved.go:173.41,174.25 1 0
github.com/JungHoonGhae/tossinvest-cli/internal/app/engine/exit_unobserved.go:174.25,180.5 3 0
github.com/JungHoonGhae/tossinvest-cli/internal/app/engine/exit_unobserved.go:181.4,182.12 2 0
github.com/JungHoonGhae/tossinvest-cli/internal/app/engine/exit_unobserved.go:185.3,187.18 3 0
github.com/JungHoonGhae/tossinvest-cli/internal/app/engine/exit_unobserved.go:187.18,189.4 1 0
github.com/JungHoonGhae/tossinvest-cli/internal/app/engine/exit_unobserved.go:190.3,190.24 1 0
github.com/JungHoonGhae/tossinvest-cli/internal/app/engine/exit_unobserved.go:190.24,194.4 2 0
github.com/JungHoonGhae/tossinvest-cli/internal/app/engine/exit_unobserved.go:195.3,199.32 3 0
github.com/JungHoonGhae/tossinvest-cli/internal/app/engine/exit_unobserved.go:199.32,200.12 1 0
github.com/JungHoonGhae/tossinvest-cli/internal/app/engine/exit_unobserved.go:202.3,202.50 1 0
github.com/JungHoonGhae/tossinvest-cli/internal/app/engine/exit_unobserved.go:208.25,210.17 2 0
github.com/JungHoonGhae/tossinvest-cli/internal/app/engine/exit_unobserved.go:210.17,212.22 2 0
github.com/JungHoonGhae/tossinvest-cli/internal/app/engine/exit_unobserved.go:212.22,214.4 1 0
github.com/JungHoonGhae/tossinvest-cli/internal/app/engine/exit_unobserved.go:215.3,215.94 1 0
github.com/JungHoonGhae/tossinvest-cli/internal/app/engine/exit_unobserved.go:215.94,217.20 1 0
github.com/JungHoonGhae/tossinvest-cli/internal/app/engine/exit_unobserved.go:217.20,219.5 1 0
github.com/JungHoonGhae/tossinvest-cli/internal/app/engine/exit_unobserved.go:220.4,221.10 2 0
github.com/JungHoonGhae/tossinvest-cli/internal/app/engine/exit_unobserved.go:223.3,223.40 1 0
github.com/JungHoonGhae/tossinvest-cli/internal/app/engine/exit_unobserved.go:226.2,226.43 1 0
github.com/JungHoonGhae/tossinvest-cli/internal/app/engine/exit_unobserved.go:226.43,228.3 1 0
github.com/JungHoonGhae/tossinvest-cli/internal/app/engine/exit_unobserved.go:229.2,231.70 2 0
github.com/JungHoonGhae/tossinvest-cli/internal/app/engine/exit_unobserved.go:231.70,232.18 1 0
github.com/JungHoonGhae/tossinvest-cli/internal/app/engine/exit_unobserved.go:232.18,234.4 1 0
github.com/JungHoonGhae/tossinvest-cli/internal/app/engine/exit_unobserved.go:235.3,236.9 2 0
github.com/JungHoonGhae/tossinvest-cli/internal/app/engine/exit_unobserved.go:239.2,240.13 2 0
github.com/JungHoonGhae/tossinvest-cli/internal/app/engine/exit_unobserved.go:240.13,242.3 1 0
github.com/JungHoonGhae/tossinvest-cli/internal/app/engine/exit_unobserved.go:246.107,263.2 2 0
github.com/JungHoonGhae/tossinvest-cli/internal/app/engine/exit_unobserved.go:270.41,275.2 4 0
github.com/JungHoonGhae/tossinvest-cli/internal/app/engine/exit_unobserved.go:279.81,281.21 2 0
github.com/JungHoonGhae/tossinvest-cli/internal/app/engine/exit_unobserved.go:281.21,283.3 1 0
github.com/JungHoonGhae/tossinvest-cli/internal/app/engine/exit_unobserved.go:284.2,284.59 1 0
github.com/JungHoonGhae/tossinvest-cli/internal/app/engine/exit_unobserved.go:284.59,288.3 3 0
github.com/JungHoonGhae/tossinvest-cli/internal/app/engine/exit_unobserved.go:289.2,289.12 1 0
github.com/JungHoonGhae/tossinvest-cli/internal/app/engine/exit_unobserved.go:293.62,294.36 1 0
github.com/JungHoonGhae/tossinvest-cli/internal/app/engine/exit_unobserved.go:294.36,296.3 1 0
github.com/JungHoonGhae/tossinvest-cli/internal/app/engine/exit_unobserved.go:297.2,298.21 2 0
github.com/JungHoonGhae/tossinvest-cli/internal/app/engine/exit_unobserved.go:298.21,300.3 1 0
github.com/JungHoonGhae/tossinvest-cli/internal/app/engine/exit_unobserved.go:301.2,302.41 2 0
github.com/JungHoonGhae/tossinvest-cli/internal/app/engine/exit_unobserved.go:302.41,303.60 1 0
github.com/JungHoonGhae/tossinvest-cli/internal/app/engine/exit_unobserved.go:303.60,305.4 1 0
github.com/JungHoonGhae/tossinvest-cli/internal/app/engine/exit_unobserved.go:307.2,307.29 1 0
github.com/JungHoonGhae/tossinvest-cli/internal/app/engine/exit_unobserved.go:310.62,311.33 1 0
github.com/JungHoonGhae/tossinvest-cli/internal/app/engine/exit_unobserved.go:311.33,313.3 1 0
github.com/JungHoonGhae/tossinvest-cli/internal/app/engine/exit_unobserved.go:314.2,314.10 1 0
github.com/JungHoonGhae/tossinvest-cli/internal/app/engine/exit_unobserved.go:314.10,317.3 2 0
github.com/JungHoonGhae/tossinvest-cli/internal/app/engine/exit_unobserved.go:318.2,318.70 1 0
github.com/JungHoonGhae/tossinvest-cli/internal/app/engine/exit_unobserved.go:322.73,324.14 2 0
github.com/JungHoonGhae/tossinvest-cli/internal/app/engine/exit_unobserved.go:324.14,326.3 1 0
github.com/JungHoonGhae/tossinvest-cli/internal/app/engine/exit_unobserved.go:327.2,327.32 1 0
github.com/JungHoonGhae/tossinvest-cli/internal/app/engine/exitloop.go:291.71,292.9 1 0
github.com/JungHoonGhae/tossinvest-cli/internal/app/engine/exitloop.go:293.27,294.106 1 0
github.com/JungHoonGhae/tossinvest-cli/internal/app/engine/exitloop.go:295.26,297.54 1 0
github.com/JungHoonGhae/tossinvest-cli/internal/app/engine/exitloop.go:298.27,300.91 1 0
github.com/JungHoonGhae/tossinvest-cli/internal/app/engine/exitloop.go:301.26,303.45 1 0
github.com/JungHoonGhae/tossinvest-cli/internal/app/engine/exitloop.go:304.26,305.90 1 0
github.com/JungHoonGhae/tossinvest-cli/internal/app/engine/exitloop.go:306.48,307.103 1 0
github.com/JungHoonGhae/tossinvest-cli/internal/app/engine/exitloop.go:308.32,310.91 1 0
github.com/JungHoonGhae/tossinvest-cli/internal/app/engine/exitloop.go:313.2,314.25 2 0
github.com/JungHoonGhae/tossinvest-cli/internal/app/engine/exitloop.go:314.25,316.3 1 0
github.com/JungHoonGhae/tossinvest-cli/internal/app/engine/exitloop.go:317.2,317.43 1 0
github.com/JungHoonGhae/tossinvest-cli/internal/app/engine/exitloop.go:317.43,319.3 1 0
github.com/JungHoonGhae/tossinvest-cli/internal/app/engine/exitloop.go:320.2,321.24 2 0
github.com/JungHoonGhae/tossinvest-cli/internal/app/engine/exitloop.go:321.24,323.3 1 0
github.com/JungHoonGhae/tossinvest-cli/internal/app/engine/exitloop.go:324.2,324.42 1 0
github.com/JungHoonGhae/tossinvest-cli/internal/app/engine/exitloop.go:324.42,326.3 1 0
github.com/JungHoonGhae/tossinvest-cli/internal/app/engine/exitloop.go:327.2,327.58 1 0
github.com/JungHoonGhae/tossinvest-cli/internal/app/engine/exitloop.go:327.58,328.52 1 0
github.com/JungHoonGhae/tossinvest-cli/internal/app/engine/exitloop.go:328.52,330.4 1 0
github.com/JungHoonGhae/tossinvest-cli/internal/app/engine/exitloop.go:331.3,331.25 1 0
github.com/JungHoonGhae/tossinvest-cli/internal/app/engine/exitloop.go:334.2,335.16 2 0
github.com/JungHoonGhae/tossinvest-cli/internal/app/engine/exitloop.go:335.16,337.3 1 0
github.com/JungHoonGhae/tossinvest-cli/internal/app/engine/exitloop.go:338.2,338.23 1 0
github.com/JungHoonGhae/tossinvest-cli/internal/app/engine/exitloop.go:338.23,340.3 1 0
github.com/JungHoonGhae/tossinvest-cli/internal/app/engine/exitloop.go:341.2,351.8 1 0
github.com/JungHoonGhae/tossinvest-cli/internal/app/engine/exitloop.go:355.49,356.25 1 0
github.com/JungHoonGhae/tossinvest-cli/internal/app/engine/exitloop.go:356.25,358.3 1 0
github.com/JungHoonGhae/tossinvest-cli/internal/app/engine/exitloop.go:359.2,359.39 1 0
github.com/JungHoonGhae/tossinvest-cli/internal/app/engine/exitloop.go:362.52,363.28 1 0
github.com/JungHoonGhae/tossinvest-cli/internal/app/engine/exitloop.go:363.28,365.3 1 0
github.com/JungHoonGhae/tossinvest-cli/internal/app/engine/exitloop.go:366.2,366.37 1 0
github.com/JungHoonGhae/tossinvest-cli/internal/app/engine/exitloop.go:369.51,370.27 1 0
github.com/JungHoonGhae/tossinvest-cli/internal/app/engine/exitloop.go:370.27,372.3 1 0
github.com/JungHoonGhae/tossinvest-cli/internal/app/engine/exitloop.go:373.2,373.41 1 0
github.com/JungHoonGhae/tossinvest-cli/internal/app/engine/exitloop.go:382.55,383.6 1 0
github.com/JungHoonGhae/tossinvest-cli/internal/app/engine/exitloop.go:383.6,384.35 1 0
github.com/JungHoonGhae/tossinvest-cli/internal/app/engine/exitloop.go:384.35,386.4 1 0
github.com/JungHoonGhae/tossinvest-cli/internal/app/engine/exitloop.go:387.3,388.56 2 0
github.com/JungHoonGhae/tossinvest-cli/internal/app/engine/exitloop.go:388.56,390.4 1 0
github.com/JungHoonGhae/tossinvest-cli/internal/app/engine/exitloop.go:410.53,411.22 1 0
github.com/JungHoonGhae/tossinvest-cli/internal/app/engine/exitloop.go:411.22,413.3 1 0
github.com/JungHoonGhae/tossinvest-cli/internal/app/engine/exitloop.go:414.2,415.88 1 0
github.com/JungHoonGhae/tossinvest-cli/internal/app/engine/exitloop.go:444.67,448.59 3 0
github.com/JungHoonGhae/tossinvest-cli/internal/app/engine/exitloop.go:448.59,455.3 3 0
github.com/JungHoonGhae/tossinvest-cli/internal/app/engine/exitloop.go:457.2,458.16 2 0
github.com/JungHoonGhae/tossinvest-cli/internal/app/engine/exitloop.go:458.16,461.3 2 0
github.com/JungHoonGhae/tossinvest-cli/internal/app/engine/exitloop.go:462.2,462.22 1 0
github.com/JungHoonGhae/tossinvest-cli/internal/app/engine/exitloop.go:462.22,473.3 4 0
github.com/JungHoonGhae/tossinvest-cli/internal/app/engine/exitloop.go:474.2,475.16 2 0
github.com/JungHoonGhae/tossinvest-cli/internal/app/engine/exitloop.go:475.16,479.3 3 0
github.com/JungHoonGhae/tossinvest-cli/internal/app/engine/exitloop.go:480.2,484.31 4 0
github.com/JungHoonGhae/tossinvest-cli/internal/app/engine/exitloop.go:484.31,486.10 2 0
github.com/JungHoonGhae/tossinvest-cli/internal/app/engine/exitloop.go:486.10,492.12 2 0
github.com/JungHoonGhae/tossinvest-cli/internal/app/engine/exitloop.go:494.3,494.28 1 0
github.com/JungHoonGhae/tossinvest-cli/internal/app/engine/exitloop.go:494.28,498.12 2 0
github.com/JungHoonGhae/tossinvest-cli/internal/app/engine/exitloop.go:500.3,502.93 3 0
github.com/JungHoonGhae/tossinvest-cli/internal/app/engine/exitloop.go:502.93,504.4 1 0
github.com/JungHoonGhae/tossinvest-cli/internal/app/engine/exitloop.go:507.2,508.14 2 0
github.com/JungHoonGhae/tossinvest-cli/internal/app/engine/exitloop.go:532.93,534.16 2 0
github.com/JungHoonGhae/tossinvest-cli/internal/app/engine/exitloop.go:534.16,536.3 1 0
github.com/JungHoonGhae/tossinvest-cli/internal/app/engine/exitloop.go:537.2,538.16 2 0
github.com/JungHoonGhae/tossinvest-cli/internal/app/engine/exitloop.go:538.16,540.3 1 0
github.com/JungHoonGhae/tossinvest-cli/internal/app/engine/exitloop.go:541.2,542.38 2 0
github.com/JungHoonGhae/tossinvest-cli/internal/app/engine/exitloop.go:542.38,544.3 1 0
github.com/JungHoonGhae/tossinvest-cli/internal/app/engine/exitloop.go:546.2,547.30 2 0
github.com/JungHoonGhae/tossinvest-cli/internal/app/engine/exitloop.go:547.30,548.70 1 0
github.com/JungHoonGhae/tossinvest-cli/internal/app/engine/exitloop.go:548.70,549.12 1 0
github.com/JungHoonGhae/tossinvest-cli/internal/app/engine/exitloop.go:551.3,551.24 1 0
github.com/JungHoonGhae/tossinvest-cli/internal/app/engine/exitloop.go:551.24,558.12 3 0
github.com/JungHoonGhae/tossinvest-cli/internal/app/engine/exitloop.go:561.3,566.10 6 0
github.com/JungHoonGhae/tossinvest-cli/internal/app/engine/exitloop.go:566.10,568.18 2 0
github.com/JungHoonGhae/tossinvest-cli/internal/app/engine/exitloop.go:568.18,569.25 1 0
github.com/JungHoonGhae/tossinvest-cli/internal/app/engine/exitloop.go:569.25,571.6 1 0
github.com/JungHoonGhae/tossinvest-cli/internal/app/engine/exitloop.go:572.5,572.13 1 0
github.com/JungHoonGhae/tossinvest-cli/internal/app/engine/exitloop.go:574.4,574.31 1 0
github.com/JungHoonGhae/tossinvest-cli/internal/app/engine/exitloop.go:574.31,580.13 2 0
github.com/JungHoonGhae/tossinvest-cli/internal/app/engine/exitloop.go:582.4,583.18 2 0
github.com/JungHoonGhae/tossinvest-cli/internal/app/engine/exitloop.go:585.3,585.31 1 0
github.com/JungHoonGhae/tossinvest-cli/internal/app/engine/exitloop.go:585.31,588.19 2 0
github.com/JungHoonGhae/tossinvest-cli/internal/app/engine/exitloop.go:588.19,589.25 1 0
github.com/JungHoonGhae/tossinvest-cli/internal/app/engine/exitloop.go:589.25,591.6 1 0
github.com/JungHoonGhae/tossinvest-cli/internal/app/engine/exitloop.go:592.5,592.13 1 0
github.com/JungHoonGhae/tossinvest-cli/internal/app/engine/exitloop.go:594.4,597.12 3 0
github.com/JungHoonGhae/tossinvest-cli/internal/app/engine/exitloop.go:599.3,599.108 1 0
github.com/JungHoonGhae/tossinvest-cli/internal/app/engine/exitloop.go:599.108,600.24 1 0
github.com/JungHoonGhae/tossinvest-cli/internal/app/engine/exitloop.go:600.24,602.5 1 0
github.com/JungHoonGhae/tossinvest-cli/internal/app/engine/exitloop.go:603.4,603.12 1 0
github.com/JungHoonGhae/tossinvest-cli/internal/app/engine/exitloop.go:604.9,604.45 1 0
github.com/JungHoonGhae/tossinvest-cli/internal/app/engine/exitloop.go:604.45,607.12 2 0
github.com/JungHoonGhae/tossinvest-cli/internal/app/engine/exitloop.go:608.9,608.20 1 0
github.com/JungHoonGhae/tossinvest-cli/internal/app/engine/exitloop.go:608.20,630.4 3 0
github.com/JungHoonGhae/tossinvest-cli/internal/app/engine/exitloop.go:631.3,632.25 2 0
github.com/JungHoonGhae/tossinvest-cli/internal/app/engine/exitloop.go:632.25,635.19 2 0
github.com/JungHoonGhae/tossinvest-cli/internal/app/engine/exitloop.go:635.19,636.25 1 0
github.com/JungHoonGhae/tossinvest-cli/internal/app/engine/exitloop.go:636.25,638.6 1 0
github.com/JungHoonGhae/tossinvest-cli/internal/app/engine/exitloop.go:639.5,639.13 1 0
github.com/JungHoonGhae/tossinvest-cli/internal/app/engine/exitloop.go:641.4,644.12 3 0
github.com/JungHoonGhae/tossinvest-cli/internal/app/engine/exitloop.go:646.3,649.5 1 0
github.com/JungHoonGhae/tossinvest-cli/internal/app/engine/exitloop.go:654.2,654.37 1 0
github.com/JungHoonGhae/tossinvest-cli/internal/app/engine/exitloop.go:657.102,660.44 2 0
github.com/JungHoonGhae/tossinvest-cli/internal/app/engine/exitloop.go:660.44,661.45 1 0
github.com/JungHoonGhae/tossinvest-cli/internal/app/engine/exitloop.go:661.45,663.4 1 0
github.com/JungHoonGhae/tossinvest-cli/internal/app/engine/exitloop.go:664.3,664.23 1 0
github.com/JungHoonGhae/tossinvest-cli/internal/app/engine/exitloop.go:666.2,666.50 1 0
github.com/JungHoonGhae/tossinvest-cli/internal/app/engine/exitloop.go:666.50,668.3 1 0
github.com/JungHoonGhae/tossinvest-cli/internal/app/engine/exitloop.go:669.2,669.49 1 0
github.com/JungHoonGhae/tossinvest-cli/internal/app/engine/exitloop.go:696.102,697.17 1 0
github.com/JungHoonGhae/tossinvest-cli/internal/app/engine/exitloop.go:697.17,699.3 1 0
github.com/JungHoonGhae/tossinvest-cli/internal/app/engine/exitloop.go:700.2,701.16 2 0
github.com/JungHoonGhae/tossinvest-cli/internal/app/engine/exitloop.go:701.16,704.3 1 0
github.com/JungHoonGhae/tossinvest-cli/internal/app/engine/exitloop.go:705.2,706.16 2 0
github.com/JungHoonGhae/tossinvest-cli/internal/app/engine/exitloop.go:706.16,709.3 1 0
github.com/JungHoonGhae/tossinvest-cli/internal/app/engine/exitloop.go:710.2,711.9 2 0
github.com/JungHoonGhae/tossinvest-cli/internal/app/engine/exitloop.go:711.9,715.3 1 0
github.com/JungHoonGhae/tossinvest-cli/internal/app/engine/exitloop.go:717.2,718.31 2 0
github.com/JungHoonGhae/tossinvest-cli/internal/app/engine/exitloop.go:718.31,720.3 1 0
github.com/JungHoonGhae/tossinvest-cli/internal/app/engine/exitloop.go:721.2,728.9 2 0
github.com/JungHoonGhae/tossinvest-cli/internal/app/engine/exitloop.go:729.50,731.34 1 0
github.com/JungHoonGhae/tossinvest-cli/internal/app/engine/exitloop.go:732.18,733.96 1 0
github.com/JungHoonGhae/tossinvest-cli/internal/app/engine/exitloop.go:735.2,741.19 2 0
github.com/JungHoonGhae/tossinvest-cli/internal/app/engine/exitloop.go:753.109,755.9 2 0
github.com/JungHoonGhae/tossinvest-cli/internal/app/engine/exitloop.go:756.50,758.34 1 0
github.com/JungHoonGhae/tossinvest-cli/internal/app/engine/exitloop.go:759.18,761.75 1 0
github.com/JungHoonGhae/tossinvest-cli/internal/app/engine/exitloop.go:763.2,770.19 2 0
github.com/JungHoonGhae/tossinvest-cli/internal/app/engine/exitloop.go:786.135,790.86 4 0
github.com/JungHoonGhae/tossinvest-cli/internal/app/engine/exitloop.go:790.86,793.18 3 0
github.com/JungHoonGhae/tossinvest-cli/internal/app/engine/exitloop.go:793.18,795.4 1 0
github.com/JungHoonGhae/tossinvest-cli/internal/app/engine/exitloop.go:799.3,802.34 4 0
github.com/JungHoonGhae/tossinvest-cli/internal/app/engine/exitloop.go:802.34,804.4 1 0
github.com/JungHoonGhae/tossinvest-cli/internal/app/engine/exitloop.go:805.3,806.28 2 0
github.com/JungHoonGhae/tossinvest-cli/internal/app/engine/exitloop.go:806.28,808.106 2 0
github.com/JungHoonGhae/tossinvest-cli/internal/app/engine/exitloop.go:808.106,809.13 1 0
github.com/JungHoonGhae/tossinvest-cli/internal/app/engine/exitloop.go:811.4,812.28 2 0
github.com/JungHoonGhae/tossinvest-cli/internal/app/engine/exitloop.go:812.28,815.5 2 0
github.com/JungHoonGhae/tossinvest-cli/internal/app/engine/exitloop.go:815.10,816.70 1 0
github.com/JungHoonGhae/tossinvest-cli/internal/app/engine/exitloop.go:816.70,817.13 1 0
github.com/JungHoonGhae/tossinvest-cli/internal/app/engine/exitloop.go:819.4,820.46 1 0
github.com/JungHoonGhae/tossinvest-cli/internal/app/engine/exitloop.go:822.3,822.21 1 0
github.com/JungHoonGhae/tossinvest-cli/internal/app/engine/exitloop.go:822.21,824.4 1 0
github.com/JungHoonGhae/tossinvest-cli/internal/app/engine/exitloop.go:825.3,826.13 2 0
github.com/JungHoonGhae/tossinvest-cli/internal/app/engine/exitloop.go:828.2,828.16 1 0
github.com/JungHoonGhae/tossinvest-cli/internal/app/engine/exitloop.go:828.16,830.3 1 0
github.com/JungHoonGhae/tossinvest-cli/internal/app/engine/exitloop.go:831.2,831.19 1 0
github.com/JungHoonGhae/tossinvest-cli/internal/app/engine/exitloop.go:831.19,837.17 2 0
github.com/JungHoonGhae/tossinvest-cli/internal/app/engine/exitloop.go:837.17,839.4 1 0
github.com/JungHoonGhae/tossinvest-cli/internal/app/engine/exitloop.go:840.3,840.7 1 0
github.com/JungHoonGhae/tossinvest-cli/internal/app/engine/exitloop.go:840.7,842.84 2 0
github.com/JungHoonGhae/tossinvest-cli/internal/app/engine/exitloop.go:842.84,843.10 1 0
github.com/JungHoonGhae/tossinvest-cli/internal/app/engine/exitloop.go:846.3,848.34 3 0
github.com/JungHoonGhae/tossinvest-cli/internal/app/engine/exitloop.go:848.34,849.26 1 0
github.com/JungHoonGhae/tossinvest-cli/internal/app/engine/exitloop.go:849.26,850.13 1 0
github.com/JungHoonGhae/tossinvest-cli/internal/app/engine/exitloop.go:852.4,853.23 2 0
github.com/JungHoonGhae/tossinvest-cli/internal/app/engine/exitloop.go:856.2,856.17 1 0
github.com/JungHoonGhae/tossinvest-cli/internal/app/engine/exitloop.go:860.75,862.20 2 0
github.com/JungHoonGhae/tossinvest-cli/internal/app/engine/exitloop.go:862.20,864.3 1 0
github.com/JungHoonGhae/tossinvest-cli/internal/app/engine/exitloop.go:865.2,865.46 1 0
github.com/JungHoonGhae/tossinvest-cli/internal/app/engine/exitloop.go:865.46,867.3 1 0
github.com/JungHoonGhae/tossinvest-cli/internal/app/engine/exitloop.go:868.2,868.20 1 0
github.com/JungHoonGhae/tossinvest-cli/internal/app/engine/exitloop.go:868.20,870.3 1 0
github.com/JungHoonGhae/tossinvest-cli/internal/app/engine/exitloop.go:871.2,886.74 3 0
github.com/JungHoonGhae/tossinvest-cli/internal/app/engine/exitloop.go:886.74,888.3 1 0
github.com/JungHoonGhae/tossinvest-cli/internal/app/engine/exitloop.go:889.2,891.16 2 0
github.com/JungHoonGhae/tossinvest-cli/internal/app/engine/exitloop.go:891.16,892.57 1 0
github.com/JungHoonGhae/tossinvest-cli/internal/app/engine/exitloop.go:892.57,896.4 2 0
github.com/JungHoonGhae/tossinvest-cli/internal/app/engine/exitloop.go:898.3,899.101 1 0
github.com/JungHoonGhae/tossinvest-cli/internal/app/engine/exitloop.go:901.2,901.27 1 0
github.com/JungHoonGhae/tossinvest-cli/internal/app/engine/exitloop.go:906.56,907.27 1 0
github.com/JungHoonGhae/tossinvest-cli/internal/app/engine/exitloop.go:907.27,909.3 1 0
github.com/JungHoonGhae/tossinvest-cli/internal/app/engine/exitloop.go:914.2,914.32 1 0
github.com/JungHoonGhae/tossinvest-cli/internal/app/engine/exitloop.go:914.32,916.3 1 0
github.com/JungHoonGhae/tossinvest-cli/internal/app/engine/exitloop.go:917.2,917.26 1 0
github.com/JungHoonGhae/tossinvest-cli/internal/app/engine/exitloop.go:917.26,920.3 2 0
github.com/JungHoonGhae/tossinvest-cli/internal/app/engine/exitloop.go:921.2,921.15 1 0
github.com/JungHoonGhae/tossinvest-cli/internal/app/engine/exitloop.go:921.15,932.73 1 0
github.com/JungHoonGhae/tossinvest-cli/internal/app/engine/exitloop.go:932.73,934.4 1 0
github.com/JungHoonGhae/tossinvest-cli/internal/app/engine/exitloop.go:936.2,937.16 2 0
github.com/JungHoonGhae/tossinvest-cli/internal/app/engine/exitloop.go:937.16,940.3 2 0
github.com/JungHoonGhae/tossinvest-cli/internal/app/engine/exitloop.go:942.2,942.28 1 0
github.com/JungHoonGhae/tossinvest-cli/internal/app/engine/exitloop.go:943.32,944.69 1 0
github.com/JungHoonGhae/tossinvest-cli/internal/app/engine/exitloop.go:945.10,946.70 1 0
github.com/JungHoonGhae/tossinvest-cli/internal/app/engine/exitloop.go:957.61,959.16 2 0
github.com/JungHoonGhae/tossinvest-cli/internal/app/engine/exitloop.go:959.16,961.3 1 0
github.com/JungHoonGhae/tossinvest-cli/internal/app/engine/exitloop.go:962.2,963.48 2 0
github.com/JungHoonGhae/tossinvest-cli/internal/app/engine/exitloop.go:963.48,965.3 1 0
github.com/JungHoonGhae/tossinvest-cli/internal/app/engine/exitloop.go:966.2,966.78 1 0
github.com/JungHoonGhae/tossinvest-cli/internal/app/engine/exitloop.go:970.74,972.73 2 0
github.com/JungHoonGhae/tossinvest-cli/internal/app/engine/exitloop.go:972.73,973.17 1 0
github.com/JungHoonGhae/tossinvest-cli/internal/app/engine/exitloop.go:973.17,978.4 1 0
github.com/JungHoonGhae/tossinvest-cli/internal/app/engine/exitloop.go:979.3,980.13 2 0
github.com/JungHoonGhae/tossinvest-cli/internal/app/engine/exitloop.go:982.2,983.16 2 0
github.com/JungHoonGhae/tossinvest-cli/internal/app/engine/exitloop.go:983.16,986.3 2 0
github.com/JungHoonGhae/tossinvest-cli/internal/app/engine/exitloop.go:987.2,1003.16 3 0
github.com/JungHoonGhae/tossinvest-cli/internal/app/engine/exitloop.go:1003.16,1006.3 2 0
github.com/JungHoonGhae/tossinvest-cli/internal/app/engine/exitloop.go:1007.2,1011.27 3 0
github.com/JungHoonGhae/tossinvest-cli/internal/app/engine/exitloop.go:1011.27,1013.3 1 0
github.com/JungHoonGhae/tossinvest-cli/internal/app/engine/exitloop.go:1014.2,1014.43 1 0
github.com/JungHoonGhae/tossinvest-cli/internal/app/engine/exitloop.go:1014.43,1016.3 1 0
github.com/JungHoonGhae/tossinvest-cli/internal/app/engine/exitloop.go:1018.2,1020.29 1 0
github.com/JungHoonGhae/tossinvest-cli/internal/app/engine/exitloop.go:1024.74,1026.16 2 0
github.com/JungHoonGhae/tossinvest-cli/internal/app/engine/exitloop.go:1026.16,1029.3 2 0
github.com/JungHoonGhae/tossinvest-cli/internal/app/engine/exitloop.go:1030.2,1030.64 1 0
github.com/JungHoonGhae/tossinvest-cli/internal/app/engine/exitloop.go:1030.64,1033.3 2 0
github.com/JungHoonGhae/tossinvest-cli/internal/app/engine/exitloop.go:1034.2,1035.16 2 0
github.com/JungHoonGhae/tossinvest-cli/internal/app/engine/exitloop.go:1035.16,1038.3 2 0
github.com/JungHoonGhae/tossinvest-cli/internal/app/engine/exitloop.go:1039.2,1040.32 2 0
github.com/JungHoonGhae/tossinvest-cli/internal/app/engine/exitloop.go:1040.32,1041.73 1 0
github.com/JungHoonGhae/tossinvest-cli/internal/app/engine/exitloop.go:1041.73,1043.4 1 0
github.com/JungHoonGhae/tossinvest-cli/internal/app/engine/exitloop.go:1045.2,1069.16 3 0
github.com/JungHoonGhae/tossinvest-cli/internal/app/engine/exitloop.go:1069.16,1072.3 2 0
github.com/JungHoonGhae/tossinvest-cli/internal/app/engine/exitloop.go:1073.2,1082.27 3 0
github.com/JungHoonGhae/tossinvest-cli/internal/app/engine/exitloop.go:1082.27,1084.3 1 0
github.com/JungHoonGhae/tossinvest-cli/internal/app/engine/exitloop.go:1085.2,1085.43 1 0
github.com/JungHoonGhae/tossinvest-cli/internal/app/engine/exitloop.go:1085.43,1087.3 1 0
github.com/JungHoonGhae/tossinvest-cli/internal/app/engine/exitloop.go:1088.2,1089.29 1 0
github.com/JungHoonGhae/tossinvest-cli/internal/app/engine/exitloop.go:1095.100,1096.112 1 0
github.com/JungHoonGhae/tossinvest-cli/internal/app/engine/exitloop.go:1096.112,1098.3 1 0
github.com/JungHoonGhae/tossinvest-cli/internal/app/engine/exitloop.go:1099.2,1099.103 1 0
github.com/JungHoonGhae/tossinvest-cli/internal/app/engine/exitloop.go:1104.9,1105.27 1 0
github.com/JungHoonGhae/tossinvest-cli/internal/app/engine/exitloop.go:1105.27,1107.3 1 0
github.com/JungHoonGhae/tossinvest-cli/internal/app/engine/exitloop.go:1108.2,1114.107 2 0
github.com/JungHoonGhae/tossinvest-cli/internal/app/engine/exitloop.go:1114.107,1116.3 1 0
github.com/JungHoonGhae/tossinvest-cli/internal/app/engine/exitloop.go:1117.2,1117.16 1 0
github.com/JungHoonGhae/tossinvest-cli/internal/app/engine/exitloop.go:1117.16,1119.3 1 0
github.com/JungHoonGhae/tossinvest-cli/internal/app/engine/exitloop.go:1120.2,1120.12 1 0
github.com/JungHoonGhae/tossinvest-cli/internal/app/engine/exitloop.go:1123.62,1128.39 2 0
github.com/JungHoonGhae/tossinvest-cli/internal/app/engine/exitloop.go:1128.39,1130.3 1 0
github.com/JungHoonGhae/tossinvest-cli/internal/app/engine/exitloop.go:1131.2,1131.90 1 0
github.com/JungHoonGhae/tossinvest-cli/internal/app/engine/exitloop.go:1135.65,1137.16 2 0
github.com/JungHoonGhae/tossinvest-cli/internal/app/engine/exitloop.go:1137.16,1139.3 1 0
github.com/JungHoonGhae/tossinvest-cli/internal/app/engine/exitloop.go:1140.2,1143.8 1 0
github.com/JungHoonGhae/tossinvest-cli/internal/app/engine/exitloop.go:1147.45,1149.16 2 0
github.com/JungHoonGhae/tossinvest-cli/internal/app/engine/exitloop.go:1149.16,1151.3 1 0
github.com/JungHoonGhae/tossinvest-cli/internal/app/engine/exitloop.go:1152.2,1153.75 2 0
github.com/JungHoonGhae/tossinvest-cli/internal/app/engine/exitloop.go:1153.75,1156.21 3 0
github.com/JungHoonGhae/tossinvest-cli/internal/app/engine/exitloop.go:1156.21,1158.4 1 0
github.com/JungHoonGhae/tossinvest-cli/internal/app/engine/exitloop.go:1160.2,1165.4 2 0
github.com/JungHoonGhae/tossinvest-cli/internal/app/engine/exitloop.go:1165.4,1168.3 2 0
github.com/JungHoonGhae/tossinvest-cli/internal/app/engine/exitloop.go:1169.2,1169.52 1 0
github.com/JungHoonGhae/tossinvest-cli/internal/app/engine/exitloop.go:1172.62,1176.2 1 0
github.com/JungHoonGhae/tossinvest-cli/internal/app/engine/exitloop.go:1181.100,1183.14 2 0
github.com/JungHoonGhae/tossinvest-cli/internal/app/engine/exitloop.go:1183.14,1185.3 1 0
github.com/JungHoonGhae/tossinvest-cli/internal/app/engine/exitloop.go:1186.2,1186.31 1 0
github.com/JungHoonGhae/tossinvest-cli/internal/app/engine/exitloop.go:1186.31,1191.3 1 0
github.com/JungHoonGhae/tossinvest-cli/internal/app/engine/exitloop.go:1192.2,1193.16 2 0
github.com/JungHoonGhae/tossinvest-cli/internal/app/engine/exitloop.go:1193.16,1195.3 1 0
github.com/JungHoonGhae/tossinvest-cli/internal/app/engine/exitloop.go:1196.2,1197.16 2 0
github.com/JungHoonGhae/tossinvest-cli/internal/app/engine/exitloop.go:1197.16,1199.3 1 0
github.com/JungHoonGhae/tossinvest-cli/internal/app/engine/exitloop.go:1200.2,1200.13 1 0
github.com/JungHoonGhae/tossinvest-cli/internal/app/engine/exitloop.go:1200.13,1205.3 1 0
github.com/JungHoonGhae/tossinvest-cli/internal/app/engine/exitloop.go:1206.2,1206.12 1 0
github.com/JungHoonGhae/tossinvest-cli/internal/app/engine/exitloop.go:1209.78,1211.36 2 0
github.com/JungHoonGhae/tossinvest-cli/internal/app/engine/exitloop.go:1211.36,1212.40 1 0
github.com/JungHoonGhae/tossinvest-cli/internal/app/engine/exitloop.go:1212.40,1216.4 1 0
github.com/JungHoonGhae/tossinvest-cli/internal/app/engine/exitloop.go:1217.3,1217.23 1 0
github.com/JungHoonGhae/tossinvest-cli/internal/app/engine/exitloop.go:1219.2,1220.16 2 0
github.com/JungHoonGhae/tossinvest-cli/internal/app/engine/exitloop.go:1220.16,1222.3 1 0
github.com/JungHoonGhae/tossinvest-cli/internal/app/engine/exitloop.go:1223.2,1223.20 1 0
github.com/JungHoonGhae/tossinvest-cli/internal/app/engine/exitloop.go:1234.56,1235.27 1 0
github.com/JungHoonGhae/tossinvest-cli/internal/app/engine/exitloop.go:1235.27,1237.3 1 0
github.com/JungHoonGhae/tossinvest-cli/internal/app/engine/exitloop.go:1238.2,1254.39 6 0
github.com/JungHoonGhae/tossinvest-cli/internal/app/engine/exitloop.go:1254.39,1255.31 1 0
github.com/JungHoonGhae/tossinvest-cli/internal/app/engine/exitloop.go:1255.31,1257.4 1 0
github.com/JungHoonGhae/tossinvest-cli/internal/app/engine/exitloop.go:1257.9,1259.4 1 0
github.com/JungHoonGhae/tossinvest-cli/internal/app/engine/exitloop.go:1278.2,1278.72 1 0
github.com/JungHoonGhae/tossinvest-cli/internal/app/engine/exitloop.go:1278.72,1279.43 1 0
github.com/JungHoonGhae/tossinvest-cli/internal/app/engine/exitloop.go:1279.43,1301.4 2 0
github.com/JungHoonGhae/tossinvest-cli/internal/app/engine/exitloop.go:1301.9,1303.18 2 0
github.com/JungHoonGhae/tossinvest-cli/internal/app/engine/exitloop.go:1303.18,1305.5 1 0
github.com/JungHoonGhae/tossinvest-cli/internal/app/engine/exitloop.go:1306.4,1306.24 1 0
github.com/JungHoonGhae/tossinvest-cli/internal/app/engine/exitloop.go:1306.24,1313.5 4 0
github.com/JungHoonGhae/tossinvest-cli/internal/app/engine/exitloop.go:1313.10,1316.5 2 0
github.com/JungHoonGhae/tossinvest-cli/internal/app/engine/exitloop.go:1320.2,1321.15 2 0
github.com/JungHoonGhae/tossinvest-cli/internal/app/engine/exitloop.go:1321.15,1323.21 2 0
github.com/JungHoonGhae/tossinvest-cli/internal/app/engine/exitloop.go:1323.21,1325.4 1 0
github.com/JungHoonGhae/tossinvest-cli/internal/app/engine/exitloop.go:1326.3,1331.4 1 0
github.com/JungHoonGhae/tossinvest-cli/internal/app/engine/exitloop.go:1334.2,1335.16 2 0
github.com/JungHoonGhae/tossinvest-cli/internal/app/engine/exitloop.go:1335.16,1336.49 1 0
github.com/JungHoonGhae/tossinvest-cli/internal/app/engine/exitloop.go:1336.49,1341.4 1 0
github.com/JungHoonGhae/tossinvest-cli/internal/app/engine/exitloop.go:1342.3,1342.57 1 0
github.com/JungHoonGhae/tossinvest-cli/internal/app/engine/exitloop.go:1342.57,1352.4 1 0
github.com/JungHoonGhae/tossinvest-cli/internal/app/engine/exitloop.go:1353.3,1353.90 1 0
github.com/JungHoonGhae/tossinvest-cli/internal/app/engine/exitloop.go:1355.2,1355.82 1 0
github.com/JungHoonGhae/tossinvest-cli/internal/app/engine/exitloop.go:1355.82,1357.3 1 0
github.com/JungHoonGhae/tossinvest-cli/internal/app/engine/exitloop.go:1358.2,1361.24 3 0
github.com/JungHoonGhae/tossinvest-cli/internal/app/engine/exitloop.go:1364.45,1366.92 2 0
github.com/JungHoonGhae/tossinvest-cli/internal/app/engine/exitloop.go:1366.92,1368.3 1 0
github.com/JungHoonGhae/tossinvest-cli/internal/app/engine/exitloop.go:1369.2,1369.57 1 0
github.com/JungHoonGhae/tossinvest-cli/internal/app/engine/exitloop.go:1373.45,1376.2 1 0
github.com/JungHoonGhae/tossinvest-cli/internal/app/engine/exitloop.go:1382.47,1384.2 1 0
github.com/JungHoonGhae/tossinvest-cli/internal/app/engine/exitloop.go:1394.40,1395.16 1 0
github.com/JungHoonGhae/tossinvest-cli/internal/app/engine/exitloop.go:1395.16,1397.3 1 0
github.com/JungHoonGhae/tossinvest-cli/internal/app/engine/exitloop.go:1398.2,1398.25 1 0
github.com/JungHoonGhae/tossinvest-cli/internal/app/engine/exitloop.go:1403.88,1406.16 2 0
github.com/JungHoonGhae/tossinvest-cli/internal/app/engine/exitloop.go:1406.16,1408.3 1 0
github.com/JungHoonGhae/tossinvest-cli/internal/app/engine/exitloop.go:1409.2,1409.36 1 0
github.com/JungHoonGhae/tossinvest-cli/internal/app/engine/exitloop.go:1409.36,1415.3 1 0
github.com/JungHoonGhae/tossinvest-cli/internal/app/engine/exitloop.go:1417.2,1429.16 2 0
github.com/JungHoonGhae/tossinvest-cli/internal/app/engine/exitloop.go:1429.16,1432.3 2 0
github.com/JungHoonGhae/tossinvest-cli/internal/app/engine/exitloop.go:1438.2,1438.86 1 0
github.com/JungHoonGhae/tossinvest-cli/internal/app/engine/exitloop.go:1438.86,1440.3 1 0
github.com/JungHoonGhae/tossinvest-cli/internal/app/engine/exitloop.go:1442.2,1443.16 2 0
github.com/JungHoonGhae/tossinvest-cli/internal/app/engine/exitloop.go:1443.16,1446.3 2 0
github.com/JungHoonGhae/tossinvest-cli/internal/app/engine/exitloop.go:1447.2,1453.9 2 0
github.com/JungHoonGhae/tossinvest-cli/internal/app/engine/exitloop.go:1454.43,1461.13 2 0
github.com/JungHoonGhae/tossinvest-cli/internal/app/engine/exitloop.go:1462.88,1466.13 1 0
github.com/JungHoonGhae/tossinvest-cli/internal/app/engine/exitloop.go:1467.49,1469.64 2 0
github.com/JungHoonGhae/tossinvest-cli/internal/app/engine/exitloop.go:1470.115,1474.17 1 0
github.com/JungHoonGhae/tossinvest-cli/internal/app/engine/exitloop.go:1474.17,1476.4 1 0
github.com/JungHoonGhae/tossinvest-cli/internal/app/engine/exitloop.go:1477.3,1478.23 1 0
github.com/JungHoonGhae/tossinvest-cli/internal/app/engine/exitloop.go:1479.10,1481.33 2 0
github.com/JungHoonGhae/tossinvest-cli/internal/app/engine/exitloop.go:1481.33,1483.4 1 0
github.com/JungHoonGhae/tossinvest-cli/internal/app/engine/exitloop.go:1484.3,1485.62 2 0
github.com/JungHoonGhae/tossinvest-cli/internal/app/engine/exitloop.go:1494.119,1495.110 1 0
github.com/JungHoonGhae/tossinvest-cli/internal/app/engine/exitloop.go:1495.110,1497.3 1 0
github.com/JungHoonGhae/tossinvest-cli/internal/app/engine/exitloop.go:1498.2,1498.12 1 0
github.com/JungHoonGhae/tossinvest-cli/internal/app/engine/exitloop.go:1520.110,1523.16 2 0
github.com/JungHoonGhae/tossinvest-cli/internal/app/engine/exitloop.go:1523.16,1525.3 1 0
github.com/JungHoonGhae/tossinvest-cli/internal/app/engine/exitloop.go:1526.2,1527.16 2 0
github.com/JungHoonGhae/tossinvest-cli/internal/app/engine/exitloop.go:1527.16,1529.3 1 0
github.com/JungHoonGhae/tossinvest-cli/internal/app/engine/exitloop.go:1530.2,1530.24 1 0
github.com/JungHoonGhae/tossinvest-cli/internal/app/engine/exitloop.go:1530.24,1534.3 1 0
github.com/JungHoonGhae/tossinvest-cli/internal/app/engine/exitloop.go:1535.2,1536.29 2 0
github.com/JungHoonGhae/tossinvest-cli/internal/app/engine/exitloop.go:1536.29,1538.11 2 0
github.com/JungHoonGhae/tossinvest-cli/internal/app/engine/exitloop.go:1538.11,1542.18 2 0
github.com/JungHoonGhae/tossinvest-cli/internal/app/engine/exitloop.go:1542.18,1545.13 3 0
github.com/JungHoonGhae/tossinvest-cli/internal/app/engine/exitloop.go:1547.4,1547.15 1 0
github.com/JungHoonGhae/tossinvest-cli/internal/app/engine/exitloop.go:1547.15,1549.13 2 0
github.com/JungHoonGhae/tossinvest-cli/internal/app/engine/exitloop.go:1551.4,1551.20 1 0
github.com/JungHoonGhae/tossinvest-cli/internal/app/engine/exitloop.go:1551.20,1552.13 1 0
github.com/JungHoonGhae/tossinvest-cli/internal/app/engine/exitloop.go:1555.3,1567.17 2 0
github.com/JungHoonGhae/tossinvest-cli/internal/app/engine/exitloop.go:1567.17,1569.12 2 0
github.com/JungHoonGhae/tossinvest-cli/internal/app/engine/exitloop.go:1571.3,1573.33 3 0
github.com/JungHoonGhae/tossinvest-cli/internal/app/engine/exitloop.go:1573.33,1575.12 2 0
github.com/JungHoonGhae/tossinvest-cli/internal/app/engine/exitloop.go:1577.3,1588.56 2 0
github.com/JungHoonGhae/tossinvest-cli/internal/app/engine/exitloop.go:1588.56,1590.12 2 0
github.com/JungHoonGhae/tossinvest-cli/internal/app/engine/exitloop.go:1592.3,1592.11 1 0
github.com/JungHoonGhae/tossinvest-cli/internal/app/engine/exitloop.go:1592.11,1595.4 1 0
github.com/JungHoonGhae/tossinvest-cli/internal/app/engine/exitloop.go:1597.2,1597.18 1 0
github.com/JungHoonGhae/tossinvest-cli/internal/app/engine/exitloop.go:1597.18,1599.3 1 0
github.com/JungHoonGhae/tossinvest-cli/internal/app/engine/exitloop.go:1600.2,1600.38 1 0
github.com/JungHoonGhae/tossinvest-cli/internal/app/engine/exitloop.go:1600.38,1601.55 1 0
github.com/JungHoonGhae/tossinvest-cli/internal/app/engine/exitloop.go:1601.55,1604.4 1 0
github.com/JungHoonGhae/tossinvest-cli/internal/app/engine/exitloop.go:1605.3,1606.17 2 0
github.com/JungHoonGhae/tossinvest-cli/internal/app/engine/exitloop.go:1606.17,1608.4 1 0
github.com/JungHoonGhae/tossinvest-cli/internal/app/engine/exitloop.go:1609.3,1609.16 1 0
github.com/JungHoonGhae/tossinvest-cli/internal/app/engine/exitloop.go:1609.16,1611.4 1 0
github.com/JungHoonGhae/tossinvest-cli/internal/app/engine/exitloop.go:1613.2,1613.17 1 0
github.com/JungHoonGhae/tossinvest-cli/internal/app/engine/exitloop.go:1627.123,1628.25 1 0
github.com/JungHoonGhae/tossinvest-cli/internal/app/engine/exitloop.go:1628.25,1630.3 1 0
github.com/JungHoonGhae/tossinvest-cli/internal/app/engine/exitloop.go:1631.2,1632.16 2 0
github.com/JungHoonGhae/tossinvest-cli/internal/app/engine/exitloop.go:1632.16,1640.3 2 0
github.com/JungHoonGhae/tossinvest-cli/internal/app/engine/exitloop.go:1641.2,1641.14 1 0
github.com/JungHoonGhae/tossinvest-cli/internal/app/engine/exitloop.go:1641.14,1643.3 1 0
github.com/JungHoonGhae/tossinvest-cli/internal/app/engine/exitloop.go:1644.2,1645.16 2 0
github.com/JungHoonGhae/tossinvest-cli/internal/app/engine/exitloop.go:1645.16,1647.3 1 0
github.com/JungHoonGhae/tossinvest-cli/internal/app/engine/exitloop.go:1648.2,1648.14 1 0
github.com/JungHoonGhae/tossinvest-cli/internal/app/engine/exitloop.go:1648.14,1650.3 1 0
github.com/JungHoonGhae/tossinvest-cli/internal/app/engine/exitloop.go:1651.2,1652.16 2 0
github.com/JungHoonGhae/tossinvest-cli/internal/app/engine/exitloop.go:1652.16,1654.3 1 0
github.com/JungHoonGhae/tossinvest-cli/internal/app/engine/exitloop.go:1655.2,1655.36 1 0
github.com/JungHoonGhae/tossinvest-cli/internal/app/engine/exitloop.go:1655.36,1661.3 2 0
github.com/JungHoonGhae/tossinvest-cli/internal/app/engine/exitloop.go:1662.2,1678.34 2 0
github.com/JungHoonGhae/tossinvest-cli/internal/app/engine/exitloop.go:1697.106,1699.17 2 0
github.com/JungHoonGhae/tossinvest-cli/internal/app/engine/exitloop.go:1699.17,1701.3 1 0
github.com/JungHoonGhae/tossinvest-cli/internal/app/engine/exitloop.go:1702.2,1702.17 1 0
github.com/JungHoonGhae/tossinvest-cli/internal/app/engine/exitloop.go:1702.17,1705.3 1 0
github.com/JungHoonGhae/tossinvest-cli/internal/app/engine/exitloop.go:1706.2,1707.16 2 0
github.com/JungHoonGhae/tossinvest-cli/internal/app/engine/exitloop.go:1707.16,1709.3 1 0
github.com/JungHoonGhae/tossinvest-cli/internal/app/engine/exitloop.go:1710.2,1711.16 2 0
github.com/JungHoonGhae/tossinvest-cli/internal/app/engine/exitloop.go:1711.16,1713.3 1 0
github.com/JungHoonGhae/tossinvest-cli/internal/app/engine/exitloop.go:1714.2,1722.8 1 0
github.com/JungHoonGhae/tossinvest-cli/internal/app/engine/exitloop.go:1727.80,1728.23 1 0
github.com/JungHoonGhae/tossinvest-cli/internal/app/engine/exitloop.go:1728.23,1730.3 1 0
github.com/JungHoonGhae/tossinvest-cli/internal/app/engine/exitloop.go:1731.2,1743.4 2 0
github.com/JungHoonGhae/tossinvest-cli/internal/app/engine/exitloop.go:1748.82,1749.30 1 0
github.com/JungHoonGhae/tossinvest-cli/internal/app/engine/exitloop.go:1749.30,1751.3 1 0
github.com/JungHoonGhae/tossinvest-cli/internal/app/engine/exitloop.go:1752.2,1755.32 4 0
github.com/JungHoonGhae/tossinvest-cli/internal/app/engine/exitloop.go:1755.32,1757.3 1 0
github.com/JungHoonGhae/tossinvest-cli/internal/app/engine/exitloop.go:1758.2,1769.4 1 0
github.com/JungHoonGhae/tossinvest-cli/internal/app/engine/exitloop.go:1772.56,1772.89 1 0
github.com/JungHoonGhae/tossinvest-cli/internal/app/engine/exitloop.go:1778.52,1778.89 1 0
github.com/JungHoonGhae/tossinvest-cli/internal/app/engine/exitloop.go:1781.47,1797.2 1 0
github.com/JungHoonGhae/tossinvest-cli/internal/app/engine/exitloop.go:1801.78,1804.14 3 0
github.com/JungHoonGhae/tossinvest-cli/internal/app/engine/exitloop.go:1804.14,1807.3 2 0
github.com/JungHoonGhae/tossinvest-cli/internal/app/engine/exitloop.go:1808.2,1808.70 1 0
github.com/JungHoonGhae/tossinvest-cli/internal/app/engine/exitloop.go:1808.70,1810.3 1 0
github.com/JungHoonGhae/tossinvest-cli/internal/app/engine/exitloop.go:1811.2,1824.4 2 0
github.com/JungHoonGhae/tossinvest-cli/internal/app/engine/exitloop.go:1827.54,1830.2 2 0
github.com/JungHoonGhae/tossinvest-cli/internal/app/engine/exitloop.go:1832.64,1833.26 1 0
github.com/JungHoonGhae/tossinvest-cli/internal/app/engine/exitloop.go:1833.26,1835.3 1 0
github.com/JungHoonGhae/tossinvest-cli/internal/app/engine/exitloop.go:1836.2,1836.53 1 0
github.com/JungHoonGhae/tossinvest-cli/internal/app/engine/exitloop.go:1836.53,1838.3 1 0
github.com/JungHoonGhae/tossinvest-cli/internal/app/engine/exitloop.go:1841.69,1842.23 1 0
github.com/JungHoonGhae/tossinvest-cli/internal/app/engine/exitloop.go:1842.23,1844.3 1 0
github.com/JungHoonGhae/tossinvest-cli/internal/app/engine/exitloop.go:1845.2,1845.10 1 0
github.com/JungHoonGhae/tossinvest-cli/internal/app/engine/exitloop.go:1845.10,1848.3 2 0
github.com/JungHoonGhae/tossinvest-cli/internal/app/engine/exitloop.go:1849.2,1849.30 1 0
github.com/JungHoonGhae/tossinvest-cli/internal/app/engine/exitloop.go:1852.74,1853.23 1 0
github.com/JungHoonGhae/tossinvest-cli/internal/app/engine/exitloop.go:1853.23,1855.3 1 0
github.com/JungHoonGhae/tossinvest-cli/internal/app/engine/exitloop.go:1856.2,1856.88 1 0
github.com/JungHoonGhae/tossinvest-cli/internal/app/engine/exitloop.go:1861.43,1864.27 3 0
github.com/JungHoonGhae/tossinvest-cli/internal/app/engine/exitloop.go:1864.27,1866.35 2 0
github.com/JungHoonGhae/tossinvest-cli/internal/app/engine/exitloop.go:1866.35,1867.12 1 0
github.com/JungHoonGhae/tossinvest-cli/internal/app/engine/exitloop.go:1869.3,1870.28 2 0
github.com/JungHoonGhae/tossinvest-cli/internal/app/engine/exitloop.go:1872.2,1873.12 2 0
github.com/JungHoonGhae/tossinvest-cli/internal/app/engine/exitloop.go:1885.64,1887.2 1 0
github.com/JungHoonGhae/tossinvest-cli/internal/app/engine/exitloop.go:1889.36,1891.13 2 0
github.com/JungHoonGhae/tossinvest-cli/internal/app/engine/exitloop.go:1891.13,1893.3 1 0
github.com/JungHoonGhae/tossinvest-cli/internal/app/engine/exitloop.go:1894.2,1895.32 2 0
github.com/JungHoonGhae/tossinvest-cli/internal/app/engine/exitloop.go:1899.34,1899.80 1 0
github.com/JungHoonGhae/tossinvest-cli/internal/app/engine/exitloop.go:1905.48,1907.16 2 0
github.com/JungHoonGhae/tossinvest-cli/internal/app/engine/exitloop.go:1907.16,1909.3 1 0
github.com/JungHoonGhae/tossinvest-cli/internal/app/engine/exitloop.go:1910.2,1910.15 1 0
github.com/JungHoonGhae/tossinvest-cli/internal/app/engine/exitloop.go:1913.40,1914.56 1 0
github.com/JungHoonGhae/tossinvest-cli/internal/app/engine/exitloop.go:1914.56,1916.3 1 0
github.com/JungHoonGhae/tossinvest-cli/internal/app/engine/exitloop.go:1917.2,1917.14 1 0
github.com/JungHoonGhae/tossinvest-cli/internal/app/engine/exitloop.go:1920.28,1922.43 2 0
github.com/JungHoonGhae/tossinvest-cli/internal/app/engine/exitloop.go:1922.43,1925.76 1 0
github.com/JungHoonGhae/tossinvest-cli/internal/app/engine/exitloop.go:1927.2,1927.43 1 0
github.com/JungHoonGhae/tossinvest-cli/internal/app/engine/exitwiring.go:46.95,56.2 1 1
github.com/JungHoonGhae/tossinvest-cli/internal/app/engine/exitwiring.go:72.75,81.2 1 1
github.com/JungHoonGhae/tossinvest-cli/internal/app/engine/exitwiring.go:99.47,100.23 1 0
github.com/JungHoonGhae/tossinvest-cli/internal/app/engine/exitwiring.go:100.23,102.3 1 0
github.com/JungHoonGhae/tossinvest-cli/internal/app/engine/exitwiring.go:103.2,120.4 1 0
github.com/JungHoonGhae/tossinvest-cli/internal/app/engine/exitwiring.go:133.43,134.23 1 0
github.com/JungHoonGhae/tossinvest-cli/internal/app/engine/exitwiring.go:134.23,136.3 1 0
github.com/JungHoonGhae/tossinvest-cli/internal/app/engine/exitwiring.go:137.2,138.19 2 0
github.com/JungHoonGhae/tossinvest-cli/internal/app/engine/exitwiring.go:138.19,140.3 1 0
github.com/JungHoonGhae/tossinvest-cli/internal/app/engine/exitwiring.go:141.2,159.4 1 0
github.com/JungHoonGhae/tossinvest-cli/internal/app/engine/exitwiring.go:193.40,194.55 1 0
github.com/JungHoonGhae/tossinvest-cli/internal/app/engine/exitwiring.go:194.55,196.3 1 0
github.com/JungHoonGhae/tossinvest-cli/internal/app/engine/exitwiring.go:197.2,197.77 1 0
github.com/JungHoonGhae/tossinvest-cli/internal/app/engine/exitwiring.go:197.77,201.3 1 0
github.com/JungHoonGhae/tossinvest-cli/internal/app/engine/exitwiring.go:203.2,207.87 2 0
github.com/JungHoonGhae/tossinvest-cli/internal/app/engine/exitwiring.go:207.87,209.17 2 0
github.com/JungHoonGhae/tossinvest-cli/internal/app/engine/exitwiring.go:209.17,211.4 1 0
github.com/JungHoonGhae/tossinvest-cli/internal/app/engine/exitwiring.go:212.3,212.31 1 0
github.com/JungHoonGhae/tossinvest-cli/internal/app/engine/exitwiring.go:212.31,213.82 1 0
github.com/JungHoonGhae/tossinvest-cli/internal/app/engine/exitwiring.go:213.82,214.13 1 0
github.com/JungHoonGhae/tossinvest-cli/internal/app/engine/exitwiring.go:216.4,218.5 1 0
github.com/JungHoonGhae/tossinvest-cli/internal/app/engine/exitwiring.go:220.3,220.22 1 0
github.com/JungHoonGhae/tossinvest-cli/internal/app/engine/exitwiring.go:220.22,224.4 1 0
github.com/JungHoonGhae/tossinvest-cli/internal/app/engine/exitwiring.go:225.3,225.13 1 0
github.com/JungHoonGhae/tossinvest-cli/internal/app/engine/exitwiring.go:226.17,229.3 1 0
github.com/JungHoonGhae/tossinvest-cli/internal/app/engine/exitwiring.go:231.2,231.87 1 0
github.com/JungHoonGhae/tossinvest-cli/internal/app/engine/exitwiring.go:231.87,233.17 2 0
github.com/JungHoonGhae/tossinvest-cli/internal/app/engine/exitwiring.go:233.17,235.4 1 0
github.com/JungHoonGhae/tossinvest-cli/internal/app/engine/exitwiring.go:236.3,237.13 2 0
github.com/JungHoonGhae/tossinvest-cli/internal/app/engine/exitwiring.go:238.17,241.3 1 0
github.com/JungHoonGhae/tossinvest-cli/internal/app/engine/exitwiring.go:243.2,244.16 2 0
github.com/JungHoonGhae/tossinvest-cli/internal/app/engine/exitwiring.go:244.16,246.3 1 0
github.com/JungHoonGhae/tossinvest-cli/internal/app/engine/exitwiring.go:247.2,254.16 2 0
github.com/JungHoonGhae/tossinvest-cli/internal/app/engine/exitwiring.go:254.16,256.3 1 0
github.com/JungHoonGhae/tossinvest-cli/internal/app/engine/exitwiring.go:257.2,257.25 1 0
github.com/JungHoonGhae/tossinvest-cli/internal/app/engine/exitwiring.go:265.101,267.16 2 0
github.com/JungHoonGhae/tossinvest-cli/internal/app/engine/exitwiring.go:267.16,269.3 1 0
github.com/JungHoonGhae/tossinvest-cli/internal/app/engine/exitwiring.go:270.2,271.29 2 0
github.com/JungHoonGhae/tossinvest-cli/internal/app/engine/exitwiring.go:271.29,272.64 1 0
github.com/JungHoonGhae/tossinvest-cli/internal/app/engine/exitwiring.go:272.64,273.12 1 0
github.com/JungHoonGhae/tossinvest-cli/internal/app/engine/exitwiring.go:275.3,276.17 2 0
github.com/JungHoonGhae/tossinvest-cli/internal/app/engine/exitwiring.go:276.17,278.4 1 0
github.com/JungHoonGhae/tossinvest-cli/internal/app/engine/exitwiring.go:280.2,280.19 1 0
github.com/JungHoonGhae/tossinvest-cli/internal/app/engine/exitwiring.go:283.38,284.32 1 0
github.com/JungHoonGhae/tossinvest-cli/internal/app/engine/exitwiring.go:284.32,286.3 1 0
github.com/JungHoonGhae/tossinvest-cli/internal/app/engine/exitwiring.go:287.2,287.29 1 0
github.com/JungHoonGhae/tossinvest-cli/internal/app/engine/exitwiring.go:319.81,320.14 1 0
github.com/JungHoonGhae/tossinvest-cli/internal/app/engine/exitwiring.go:320.14,322.3 1 0
github.com/JungHoonGhae/tossinvest-cli/internal/app/engine/exitwiring.go:323.2,323.28 1 0
github.com/JungHoonGhae/tossinvest-cli/internal/app/engine/exitwiring.go:323.28,325.3 1 0
github.com/JungHoonGhae/tossinvest-cli/internal/app/engine/exitwiring.go:326.2,327.9 2 0
github.com/JungHoonGhae/tossinvest-cli/internal/app/engine/exitwiring.go:327.9,330.3 1 0
github.com/JungHoonGhae/tossinvest-cli/internal/app/engine/exitwiring.go:333.2,343.23 10 0
github.com/JungHoonGhae/tossinvest-cli/internal/app/engine/exitwiring.go:343.23,345.3 1 0
github.com/JungHoonGhae/tossinvest-cli/internal/app/engine/exitwiring.go:348.2,348.23 1 0
github.com/JungHoonGhae/tossinvest-cli/internal/app/engine/exitwiring.go:348.23,353.3 3 0
github.com/JungHoonGhae/tossinvest-cli/internal/app/engine/exitwiring.go:355.2,358.23 3 0
github.com/JungHoonGhae/tossinvest-cli/internal/app/engine/exitwiring.go:358.23,360.3 1 0
github.com/JungHoonGhae/tossinvest-cli/internal/app/engine/exitwiring.go:361.2,361.30 1 0
github.com/JungHoonGhae/tossinvest-cli/internal/app/engine/exitwiring.go:391.32,392.19 1 0
github.com/JungHoonGhae/tossinvest-cli/internal/app/engine/exitwiring.go:392.19,394.3 1 0
github.com/JungHoonGhae/tossinvest-cli/internal/app/engine/exitwiring.go:395.2,395.16 1 0
github.com/JungHoonGhae/tossinvest-cli/internal/app/engine/exitwiring.go:395.16,397.3 1 0
github.com/JungHoonGhae/tossinvest-cli/internal/app/engine/exitwiring.go:398.2,398.6 1 0
github.com/JungHoonGhae/tossinvest-cli/internal/app/engine/exitwiring.go:398.6,399.35 1 0
github.com/JungHoonGhae/tossinvest-cli/internal/app/engine/exitwiring.go:399.35,401.4 1 0
github.com/JungHoonGhae/tossinvest-cli/internal/app/engine/exitwiring.go:402.3,403.50 2 0
github.com/JungHoonGhae/tossinvest-cli/internal/app/engine/exitwiring.go:403.50,405.4 1 0
github.com/JungHoonGhae/tossinvest-cli/internal/app/engine/exitwiring.go:412.81,413.34 1 0
github.com/JungHoonGhae/tossinvest-cli/internal/app/engine/exitwiring.go:413.34,415.3 1 0
github.com/JungHoonGhae/tossinvest-cli/internal/app/engine/exitwiring.go:416.2,417.9 2 0
github.com/JungHoonGhae/tossinvest-cli/internal/app/engine/exitwiring.go:418.18,422.19 1 0
github.com/JungHoonGhae/tossinvest-cli/internal/app/engine/exitwiring.go:422.19,426.4 1 0
github.com/JungHoonGhae/tossinvest-cli/internal/app/engine/exitwiring.go:427.34,431.76 1 0
github.com/JungHoonGhae/tossinvest-cli/internal/app/engine/gateway.go:153.100,155.16 2 1
github.com/JungHoonGhae/tossinvest-cli/internal/app/engine/gateway.go:155.16,157.3 1 0
github.com/JungHoonGhae/tossinvest-cli/internal/app/engine/gateway.go:158.2,158.22 1 1
github.com/JungHoonGhae/tossinvest-cli/internal/app/engine/gateway.go:158.22,160.3 1 1
github.com/JungHoonGhae/tossinvest-cli/internal/app/engine/gateway.go:164.2,167.12 2 1
github.com/JungHoonGhae/tossinvest-cli/internal/app/engine/gateway.go:187.47,198.17 1 1
github.com/JungHoonGhae/tossinvest-cli/internal/app/engine/gateway.go:198.17,200.3 1 0
github.com/JungHoonGhae/tossinvest-cli/internal/app/engine/gateway.go:201.2,201.12 1 1
github.com/JungHoonGhae/tossinvest-cli/internal/app/engine/gateway.go:220.53,221.14 1 1
github.com/JungHoonGhae/tossinvest-cli/internal/app/engine/gateway.go:221.14,223.3 1 0
github.com/JungHoonGhae/tossinvest-cli/internal/app/engine/gateway.go:224.2,224.26 1 1
github.com/JungHoonGhae/tossinvest-cli/internal/app/engine/gateway.go:224.26,226.3 1 0
github.com/JungHoonGhae/tossinvest-cli/internal/app/engine/gateway.go:227.2,227.27 1 1
github.com/JungHoonGhae/tossinvest-cli/internal/app/engine/gateway.go:227.27,229.3 1 0
github.com/JungHoonGhae/tossinvest-cli/internal/app/engine/gateway.go:230.2,230.12 1 1
github.com/JungHoonGhae/tossinvest-cli/internal/app/engine/gateway.go:234.80,239.57 1 1
github.com/JungHoonGhae/tossinvest-cli/internal/app/engine/gateway.go:239.57,241.3 1 0
github.com/JungHoonGhae/tossinvest-cli/internal/app/engine/gateway.go:243.2,261.45 5 1
github.com/JungHoonGhae/tossinvest-cli/internal/app/engine/gateway.go:261.45,263.3 1 0
github.com/JungHoonGhae/tossinvest-cli/internal/app/engine/gateway.go:269.2,269.71 1 1
github.com/JungHoonGhae/tossinvest-cli/internal/app/engine/gateway.go:269.71,271.3 1 0
github.com/JungHoonGhae/tossinvest-cli/internal/app/engine/gateway.go:273.2,273.102 1 1
github.com/JungHoonGhae/tossinvest-cli/internal/app/engine/gateway.go:273.102,275.3 1 0
github.com/JungHoonGhae/tossinvest-cli/internal/app/engine/gateway.go:276.2,276.41 1 1
github.com/JungHoonGhae/tossinvest-cli/internal/app/engine/gateway.go:276.41,278.3 1 0
github.com/JungHoonGhae/tossinvest-cli/internal/app/engine/gateway.go:280.2,297.16 6 1
github.com/JungHoonGhae/tossinvest-cli/internal/app/engine/gateway.go:297.16,299.3 1 0
github.com/JungHoonGhae/tossinvest-cli/internal/app/engine/gateway.go:300.2,321.16 2 1
github.com/JungHoonGhae/tossinvest-cli/internal/app/engine/gateway.go:321.16,323.3 1 0
github.com/JungHoonGhae/tossinvest-cli/internal/app/engine/gateway.go:327.2,358.8 7 1
github.com/JungHoonGhae/tossinvest-cli/internal/app/engine/guardian_wiring.go:34.75,35.39 1 1
github.com/JungHoonGhae/tossinvest-cli/internal/app/engine/guardian_wiring.go:35.39,40.3 1 1
github.com/JungHoonGhae/tossinvest-cli/internal/app/engine/guardian_wiring.go:41.2,60.15 10 1
github.com/JungHoonGhae/tossinvest-cli/internal/app/engine/guardian_wiring.go:69.33,71.42 2 0
github.com/JungHoonGhae/tossinvest-cli/internal/app/engine/guardian_wiring.go:71.42,73.3 1 0
github.com/JungHoonGhae/tossinvest-cli/internal/app/engine/guardian_wiring.go:74.2,83.16 2 0
github.com/JungHoonGhae/tossinvest-cli/internal/app/engine/guardian_wiring.go:83.16,85.3 1 0
github.com/JungHoonGhae/tossinvest-cli/internal/app/engine/guardian_wiring.go:86.2,86.22 1 0
github.com/JungHoonGhae/tossinvest-cli/internal/app/engine/guardian_wiring.go:95.28,97.2 1 0
github.com/JungHoonGhae/tossinvest-cli/internal/app/engine/instrumentnames.go:51.54,54.32 3 0
github.com/JungHoonGhae/tossinvest-cli/internal/app/engine/instrumentnames.go:54.32,56.3 1 0
github.com/JungHoonGhae/tossinvest-cli/internal/app/engine/instrumentnames.go:57.2,59.20 3 0
github.com/JungHoonGhae/tossinvest-cli/internal/app/engine/instrumentnames.go:59.20,61.3 1 0
github.com/JungHoonGhae/tossinvest-cli/internal/app/engine/instrumentnames.go:62.2,62.24 1 0
github.com/JungHoonGhae/tossinvest-cli/internal/app/engine/instrumentnames.go:66.54,67.14 1 0
github.com/JungHoonGhae/tossinvest-cli/internal/app/engine/instrumentnames.go:67.14,69.3 1 0
github.com/JungHoonGhae/tossinvest-cli/internal/app/engine/instrumentnames.go:70.2,72.60 3 0
github.com/JungHoonGhae/tossinvest-cli/internal/app/engine/instrumentnames.go:81.55,84.32 3 0
github.com/JungHoonGhae/tossinvest-cli/internal/app/engine/instrumentnames.go:84.32,86.3 1 0
github.com/JungHoonGhae/tossinvest-cli/internal/app/engine/instrumentnames.go:87.2,87.32 1 0
github.com/JungHoonGhae/tossinvest-cli/internal/app/engine/interlock.go:219.35,230.2 1 0
github.com/JungHoonGhae/tossinvest-cli/internal/app/engine/interlock.go:273.50,273.86 1 0
github.com/JungHoonGhae/tossinvest-cli/internal/app/engine/interlock.go:277.60,278.33 1 0
github.com/JungHoonGhae/tossinvest-cli/internal/app/engine/interlock.go:278.33,280.3 1 0
github.com/JungHoonGhae/tossinvest-cli/internal/app/engine/interlock.go:281.2,281.26 1 0
github.com/JungHoonGhae/tossinvest-cli/internal/app/engine/interlock.go:285.77,286.59 1 0
github.com/JungHoonGhae/tossinvest-cli/internal/app/engine/interlock.go:286.59,288.3 1 0
github.com/JungHoonGhae/tossinvest-cli/internal/app/engine/interlock.go:289.2,289.56 1 0
github.com/JungHoonGhae/tossinvest-cli/internal/app/engine/interlock.go:299.59,308.2 1 1
github.com/JungHoonGhae/tossinvest-cli/internal/app/engine/interlock.go:313.46,314.11 1 1
github.com/JungHoonGhae/tossinvest-cli/internal/app/engine/interlock.go:314.11,316.3 1 1
github.com/JungHoonGhae/tossinvest-cli/internal/app/engine/interlock.go:317.2,317.23 1 0
github.com/JungHoonGhae/tossinvest-cli/internal/app/engine/interlock.go:324.20,331.2 1 0
github.com/JungHoonGhae/tossinvest-cli/internal/app/engine/interlock.go:339.81,340.33 1 0
github.com/JungHoonGhae/tossinvest-cli/internal/app/engine/interlock.go:340.33,342.3 1 0
github.com/JungHoonGhae/tossinvest-cli/internal/app/engine/interlock.go:343.2,350.12 2 0
github.com/JungHoonGhae/tossinvest-cli/internal/app/engine/interlock.go:378.29,379.19 1 0
github.com/JungHoonGhae/tossinvest-cli/internal/app/engine/interlock.go:379.19,384.3 2 0
github.com/JungHoonGhae/tossinvest-cli/internal/app/engine/interlock.go:386.2,386.51 1 0
github.com/JungHoonGhae/tossinvest-cli/internal/app/engine/interlock.go:386.51,390.3 3 0
github.com/JungHoonGhae/tossinvest-cli/internal/app/engine/interlock.go:392.2,402.17 3 0
github.com/JungHoonGhae/tossinvest-cli/internal/app/engine/interlock.go:402.17,404.3 1 0
github.com/JungHoonGhae/tossinvest-cli/internal/app/engine/interlock.go:405.2,406.20 2 0
github.com/JungHoonGhae/tossinvest-cli/internal/app/engine/interlock.go:415.56,429.2 2 0
github.com/JungHoonGhae/tossinvest-cli/internal/app/engine/interlock.go:438.82,461.61 3 0
github.com/JungHoonGhae/tossinvest-cli/internal/app/engine/interlock.go:461.61,465.3 1 0
github.com/JungHoonGhae/tossinvest-cli/internal/app/engine/interlock.go:466.2,466.20 1 0
github.com/JungHoonGhae/tossinvest-cli/internal/app/engine/interlock.go:466.20,469.3 2 0
github.com/JungHoonGhae/tossinvest-cli/internal/app/engine/interlock.go:470.2,470.49 1 0
github.com/JungHoonGhae/tossinvest-cli/internal/app/engine/interlock.go:478.66,480.27 1 0
github.com/JungHoonGhae/tossinvest-cli/internal/app/engine/interlock.go:480.27,482.3 1 0
github.com/JungHoonGhae/tossinvest-cli/internal/app/engine/interlock.go:488.2,488.49 1 0
github.com/JungHoonGhae/tossinvest-cli/internal/app/engine/interlock.go:488.49,490.3 1 0
github.com/JungHoonGhae/tossinvest-cli/internal/app/engine/interlock.go:495.2,495.58 1 0
github.com/JungHoonGhae/tossinvest-cli/internal/app/engine/interlock.go:495.58,497.3 1 0
github.com/JungHoonGhae/tossinvest-cli/internal/app/engine/interlock.go:500.2,501.16 2 0
github.com/JungHoonGhae/tossinvest-cli/internal/app/engine/interlock.go:501.16,505.3 1 0
github.com/JungHoonGhae/tossinvest-cli/internal/app/engine/interlock.go:506.2,513.22 3 0
github.com/JungHoonGhae/tossinvest-cli/internal/app/engine/interlock.go:513.22,515.3 1 0
github.com/JungHoonGhae/tossinvest-cli/internal/app/engine/interlock.go:518.2,518.79 1 0
github.com/JungHoonGhae/tossinvest-cli/internal/app/engine/interlock.go:518.79,520.3 1 0
github.com/JungHoonGhae/tossinvest-cli/internal/app/engine/interlock.go:524.2,524.75 1 0
github.com/JungHoonGhae/tossinvest-cli/internal/app/engine/interlock.go:524.75,526.3 1 0
github.com/JungHoonGhae/tossinvest-cli/internal/app/engine/interlock.go:529.2,529.52 1 0
github.com/JungHoonGhae/tossinvest-cli/internal/app/engine/interlock.go:529.52,531.3 1 0
github.com/JungHoonGhae/tossinvest-cli/internal/app/engine/interlock.go:532.2,532.66 1 0
github.com/JungHoonGhae/tossinvest-cli/internal/app/engine/interlock.go:532.66,534.3 1 0
github.com/JungHoonGhae/tossinvest-cli/internal/app/engine/interlock.go:551.2,551.12 1 0
github.com/JungHoonGhae/tossinvest-cli/internal/app/engine/interlock.go:571.54,573.19 2 0
github.com/JungHoonGhae/tossinvest-cli/internal/app/engine/interlock.go:573.19,575.3 1 0
github.com/JungHoonGhae/tossinvest-cli/internal/app/engine/interlock.go:576.2,576.18 1 0
github.com/JungHoonGhae/tossinvest-cli/internal/app/engine/interlock.go:576.18,578.3 1 0
github.com/JungHoonGhae/tossinvest-cli/internal/app/engine/interlock.go:579.2,579.20 1 0
github.com/JungHoonGhae/tossinvest-cli/internal/app/engine/interlock.go:579.20,581.3 1 0
github.com/JungHoonGhae/tossinvest-cli/internal/app/engine/interlock.go:582.2,582.35 1 0
github.com/JungHoonGhae/tossinvest-cli/internal/app/engine/interlock.go:582.35,584.3 1 0
github.com/JungHoonGhae/tossinvest-cli/internal/app/engine/interlock.go:585.2,585.23 1 0
github.com/JungHoonGhae/tossinvest-cli/internal/app/engine/interlock.go:585.23,587.3 1 0
github.com/JungHoonGhae/tossinvest-cli/internal/app/engine/interlock.go:588.2,588.64 1 0
github.com/JungHoonGhae/tossinvest-cli/internal/app/engine/interlock.go:593.81,595.9 2 0
github.com/JungHoonGhae/tossinvest-cli/internal/app/engine/interlock.go:595.9,598.3 1 0
github.com/JungHoonGhae/tossinvest-cli/internal/app/engine/interlock.go:599.2,600.37 2 0
github.com/JungHoonGhae/tossinvest-cli/internal/app/engine/interlock.go:600.37,603.3 1 0
github.com/JungHoonGhae/tossinvest-cli/internal/app/engine/interlock.go:604.2,604.12 1 0
github.com/JungHoonGhae/tossinvest-cli/internal/app/engine/interlock.go:614.50,615.20 1 0
github.com/JungHoonGhae/tossinvest-cli/internal/app/engine/interlock.go:615.20,617.3 1 0
github.com/JungHoonGhae/tossinvest-cli/internal/app/engine/interlock.go:618.2,620.20 3 0
github.com/JungHoonGhae/tossinvest-cli/internal/app/engine/interlock.go:620.20,622.3 1 0
github.com/JungHoonGhae/tossinvest-cli/internal/app/engine/interlock.go:623.2,623.19 1 0
github.com/JungHoonGhae/tossinvest-cli/internal/app/engine/interlock.go:623.19,625.3 1 0
github.com/JungHoonGhae/tossinvest-cli/internal/app/engine/interlock.go:626.2,626.22 1 0
github.com/JungHoonGhae/tossinvest-cli/internal/app/engine/interlock.go:626.22,628.3 1 0
github.com/JungHoonGhae/tossinvest-cli/internal/app/engine/interlock.go:629.2,629.12 1 0
github.com/JungHoonGhae/tossinvest-cli/internal/app/engine/interlock.go:633.63,634.22 1 0
github.com/JungHoonGhae/tossinvest-cli/internal/app/engine/interlock.go:634.22,636.3 1 0
github.com/JungHoonGhae/tossinvest-cli/internal/app/engine/interlock.go:637.2,638.45 2 0
github.com/JungHoonGhae/tossinvest-cli/internal/app/engine/interlock.go:638.45,641.3 1 0
github.com/JungHoonGhae/tossinvest-cli/internal/app/engine/interlock.go:642.2,642.12 1 0
github.com/JungHoonGhae/tossinvest-cli/internal/app/engine/interlock.go:650.43,651.39 1 0
github.com/JungHoonGhae/tossinvest-cli/internal/app/engine/interlock.go:651.39,651.86 1 0
github.com/JungHoonGhae/tossinvest-cli/internal/app/engine/interlock.go:652.2,657.82 1 0
github.com/JungHoonGhae/tossinvest-cli/internal/app/engine/interlock.go:661.43,666.2 1 0
github.com/JungHoonGhae/tossinvest-cli/internal/app/engine/interlock.go:669.85,670.18 1 0
github.com/JungHoonGhae/tossinvest-cli/internal/app/engine/interlock.go:670.18,672.3 1 0
github.com/JungHoonGhae/tossinvest-cli/internal/app/engine/interlock.go:673.2,674.16 2 0
github.com/JungHoonGhae/tossinvest-cli/internal/app/engine/interlock.go:674.16,676.3 1 0
github.com/JungHoonGhae/tossinvest-cli/internal/app/engine/interlock.go:677.2,677.24 1 0
github.com/JungHoonGhae/tossinvest-cli/internal/app/engine/interlock.go:677.24,679.3 1 0
github.com/JungHoonGhae/tossinvest-cli/internal/app/engine/interlock.go:683.2,685.22 3 0
github.com/JungHoonGhae/tossinvest-cli/internal/app/engine/interlock.go:685.22,687.3 1 0
github.com/JungHoonGhae/tossinvest-cli/internal/app/engine/interlock.go:688.2,689.28 2 0
github.com/JungHoonGhae/tossinvest-cli/internal/app/engine/interlock.go:689.28,691.3 1 0
github.com/JungHoonGhae/tossinvest-cli/internal/app/engine/interlock.go:692.2,693.32 2 0
github.com/JungHoonGhae/tossinvest-cli/internal/app/engine/interlock.go:693.32,698.3 1 0
github.com/JungHoonGhae/tossinvest-cli/internal/app/engine/interlock.go:699.2,699.24 1 0
github.com/JungHoonGhae/tossinvest-cli/internal/app/engine/interlock.go:714.96,716.29 2 0
github.com/JungHoonGhae/tossinvest-cli/internal/app/engine/interlock.go:716.29,718.3 1 0
github.com/JungHoonGhae/tossinvest-cli/internal/app/engine/interlock.go:725.2,726.33 2 0
github.com/JungHoonGhae/tossinvest-cli/internal/app/engine/interlock.go:726.33,729.3 1 0
github.com/JungHoonGhae/tossinvest-cli/internal/app/engine/interlock.go:729.8,729.73 1 0
github.com/JungHoonGhae/tossinvest-cli/internal/app/engine/interlock.go:729.73,732.3 1 0
github.com/JungHoonGhae/tossinvest-cli/internal/app/engine/interlock.go:733.2,770.28 2 0
github.com/JungHoonGhae/tossinvest-cli/internal/app/engine/interlock.go:770.28,771.85 1 0
github.com/JungHoonGhae/tossinvest-cli/internal/app/engine/interlock.go:771.85,773.4 1 0
github.com/JungHoonGhae/tossinvest-cli/internal/app/engine/interlock.go:775.2,775.12 1 0
github.com/JungHoonGhae/tossinvest-cli/internal/app/engine/interlock.go:778.36,778.82 1 0
github.com/JungHoonGhae/tossinvest-cli/internal/app/engine/interlock.go:786.53,788.16 2 0
github.com/JungHoonGhae/tossinvest-cli/internal/app/engine/interlock.go:788.16,790.17 2 0
github.com/JungHoonGhae/tossinvest-cli/internal/app/engine/interlock.go:790.17,792.4 1 0
github.com/JungHoonGhae/tossinvest-cli/internal/app/engine/interlock.go:793.3,793.44 1 0
github.com/JungHoonGhae/tossinvest-cli/internal/app/engine/interlock.go:795.2,796.16 2 0
github.com/JungHoonGhae/tossinvest-cli/internal/app/engine/interlock.go:796.16,798.3 1 0
github.com/JungHoonGhae/tossinvest-cli/internal/app/engine/interlock.go:799.2,799.17 1 0
github.com/JungHoonGhae/tossinvest-cli/internal/app/engine/mode_control.go:65.52,67.2 1 0
github.com/JungHoonGhae/tossinvest-cli/internal/app/engine/mode_control.go:69.57,71.2 1 0
github.com/JungHoonGhae/tossinvest-cli/internal/app/engine/mode_control.go:73.53,75.2 1 0
github.com/JungHoonGhae/tossinvest-cli/internal/app/engine/mode_control.go:78.41,78.77 1 0
github.com/JungHoonGhae/tossinvest-cli/internal/app/engine/mode_control_transport_unix.go:37.72,46.2 1 0
github.com/JungHoonGhae/tossinvest-cli/internal/app/engine/mode_control_transport_unix.go:60.96,61.16 1 0
github.com/JungHoonGhae/tossinvest-cli/internal/app/engine/mode_control_transport_unix.go:61.16,63.3 1 0
github.com/JungHoonGhae/tossinvest-cli/internal/app/engine/mode_control_transport_unix.go:64.2,65.15 2 0
github.com/JungHoonGhae/tossinvest-cli/internal/app/engine/mode_control_transport_unix.go:65.15,67.3 1 0
github.com/JungHoonGhae/tossinvest-cli/internal/app/engine/mode_control_transport_unix.go:68.2,68.71 1 0
github.com/JungHoonGhae/tossinvest-cli/internal/app/engine/mode_control_transport_unix.go:68.71,70.3 1 0
github.com/JungHoonGhae/tossinvest-cli/internal/app/engine/mode_control_transport_unix.go:71.2,73.43 2 0
github.com/JungHoonGhae/tossinvest-cli/internal/app/engine/mode_control_transport_unix.go:73.43,75.3 1 0
github.com/JungHoonGhae/tossinvest-cli/internal/app/engine/mode_control_transport_unix.go:76.2,76.30 1 0
github.com/JungHoonGhae/tossinvest-cli/internal/app/engine/mode_control_transport_unix.go:76.30,76.59 1 0
github.com/JungHoonGhae/tossinvest-cli/internal/app/engine/mode_control_transport_unix.go:77.2,77.86 1 0
github.com/JungHoonGhae/tossinvest-cli/internal/app/engine/mode_control_transport_unix.go:77.86,80.3 2 0
github.com/JungHoonGhae/tossinvest-cli/internal/app/engine/mode_control_transport_unix.go:81.2,83.16 3 0
github.com/JungHoonGhae/tossinvest-cli/internal/app/engine/mode_control_transport_unix.go:83.16,86.3 2 0
github.com/JungHoonGhae/tossinvest-cli/internal/app/engine/mode_control_transport_unix.go:87.2,87.28 1 0
github.com/JungHoonGhae/tossinvest-cli/internal/app/engine/mode_control_transport_unix.go:87.28,91.3 3 0
github.com/JungHoonGhae/tossinvest-cli/internal/app/engine/mode_control_transport_unix.go:92.2,92.76 1 0
github.com/JungHoonGhae/tossinvest-cli/internal/app/engine/mode_control_transport_unix.go:92.76,95.3 2 0
github.com/JungHoonGhae/tossinvest-cli/internal/app/engine/mode_control_transport_unix.go:96.2,97.49 2 0
github.com/JungHoonGhae/tossinvest-cli/internal/app/engine/mode_control_transport_unix.go:97.49,100.3 2 0
github.com/JungHoonGhae/tossinvest-cli/internal/app/engine/mode_control_transport_unix.go:101.2,119.16 5 0
github.com/JungHoonGhae/tossinvest-cli/internal/app/engine/mode_control_transport_unix.go:119.16,122.3 2 0
github.com/JungHoonGhae/tossinvest-cli/internal/app/engine/mode_control_transport_unix.go:123.2,123.74 1 0
github.com/JungHoonGhae/tossinvest-cli/internal/app/engine/mode_control_transport_unix.go:123.74,126.3 2 0
github.com/JungHoonGhae/tossinvest-cli/internal/app/engine/mode_control_transport_unix.go:127.2,127.12 1 0
github.com/JungHoonGhae/tossinvest-cli/internal/app/engine/mode_control_transport_unix.go:127.12,127.49 1 0
github.com/JungHoonGhae/tossinvest-cli/internal/app/engine/mode_control_transport_unix.go:128.2,128.20 1 0
github.com/JungHoonGhae/tossinvest-cli/internal/app/engine/mode_control_transport_unix.go:132.43,133.14 1 0
github.com/JungHoonGhae/tossinvest-cli/internal/app/engine/mode_control_transport_unix.go:133.14,135.3 1 0
github.com/JungHoonGhae/tossinvest-cli/internal/app/engine/mode_control_transport_unix.go:136.2,137.19 2 0
github.com/JungHoonGhae/tossinvest-cli/internal/app/engine/mode_control_transport_unix.go:137.19,142.3 4 0
github.com/JungHoonGhae/tossinvest-cli/internal/app/engine/mode_control_transport_unix.go:143.2,143.15 1 0
github.com/JungHoonGhae/tossinvest-cli/internal/app/engine/mode_control_transport_unix.go:146.74,148.110 2 0
github.com/JungHoonGhae/tossinvest-cli/internal/app/engine/mode_control_transport_unix.go:148.110,149.34 1 0
github.com/JungHoonGhae/tossinvest-cli/internal/app/engine/mode_control_transport_unix.go:149.34,152.4 2 0
github.com/JungHoonGhae/tossinvest-cli/internal/app/engine/mode_control_transport_unix.go:153.3,154.10 2 0
github.com/JungHoonGhae/tossinvest-cli/internal/app/engine/mode_control_transport_unix.go:154.10,156.4 1 0
github.com/JungHoonGhae/tossinvest-cli/internal/app/engine/mode_control_transport_unix.go:157.3,158.17 2 0
github.com/JungHoonGhae/tossinvest-cli/internal/app/engine/mode_control_transport_unix.go:158.17,159.11 1 0
github.com/JungHoonGhae/tossinvest-cli/internal/app/engine/mode_control_transport_unix.go:162.47,163.68 1 0
github.com/JungHoonGhae/tossinvest-cli/internal/app/engine/mode_control_transport_unix.go:164.51,165.80 1 0
github.com/JungHoonGhae/tossinvest-cli/internal/app/engine/mode_control_transport_unix.go:166.12,169.93 2 0
github.com/JungHoonGhae/tossinvest-cli/internal/app/engine/mode_control_transport_unix.go:171.4,171.10 1 0
github.com/JungHoonGhae/tossinvest-cli/internal/app/engine/mode_control_transport_unix.go:173.3,173.41 1 0
github.com/JungHoonGhae/tossinvest-cli/internal/app/engine/mode_control_transport_unix.go:175.2,175.12 1 0
github.com/JungHoonGhae/tossinvest-cli/internal/app/engine/mode_control_transport_unix.go:178.98,181.51 3 0
github.com/JungHoonGhae/tossinvest-cli/internal/app/engine/mode_control_transport_unix.go:181.51,184.3 2 0
github.com/JungHoonGhae/tossinvest-cli/internal/app/engine/mode_control_transport_unix.go:185.2,187.58 3 0
github.com/JungHoonGhae/tossinvest-cli/internal/app/engine/mode_control_transport_unix.go:187.58,190.3 2 0
github.com/JungHoonGhae/tossinvest-cli/internal/app/engine/mode_control_transport_unix.go:191.2,193.45 3 0
github.com/JungHoonGhae/tossinvest-cli/internal/app/engine/mode_control_transport_unix.go:193.45,196.3 2 0
github.com/JungHoonGhae/tossinvest-cli/internal/app/engine/mode_control_transport_unix.go:197.2,198.63 2 0
github.com/JungHoonGhae/tossinvest-cli/internal/app/engine/mode_control_transport_unix.go:198.63,201.3 2 0
github.com/JungHoonGhae/tossinvest-cli/internal/app/engine/mode_control_transport_unix.go:202.2,202.18 1 0
github.com/JungHoonGhae/tossinvest-cli/internal/app/engine/mode_projection_wiring.go:27.44,28.49 1 1
github.com/JungHoonGhae/tossinvest-cli/internal/app/engine/mode_projection_wiring.go:28.49,30.3 1 0
github.com/JungHoonGhae/tossinvest-cli/internal/app/engine/mode_projection_wiring.go:31.2,31.77 1 1
github.com/JungHoonGhae/tossinvest-cli/internal/app/engine/mode_projection_wiring.go:31.77,33.17 2 0
github.com/JungHoonGhae/tossinvest-cli/internal/app/engine/mode_projection_wiring.go:33.17,35.4 1 0
github.com/JungHoonGhae/tossinvest-cli/internal/app/engine/mode_projection_wiring.go:37.2,37.12 1 1
github.com/JungHoonGhae/tossinvest-cli/internal/app/engine/modeops.go:53.61,54.114 1 0
github.com/JungHoonGhae/tossinvest-cli/internal/app/engine/modeops.go:54.114,57.3 1 0
github.com/JungHoonGhae/tossinvest-cli/internal/app/engine/modeops.go:58.2,59.20 2 0
github.com/JungHoonGhae/tossinvest-cli/internal/app/engine/modeops.go:59.20,61.3 1 0
github.com/JungHoonGhae/tossinvest-cli/internal/app/engine/modeops.go:62.2,62.86 1 0
github.com/JungHoonGhae/tossinvest-cli/internal/app/engine/modeops.go:66.66,73.2 1 0
github.com/JungHoonGhae/tossinvest-cli/internal/app/engine/modeops.go:76.106,81.9 5 0
github.com/JungHoonGhae/tossinvest-cli/internal/app/engine/modeops.go:82.66,85.49 1 0
github.com/JungHoonGhae/tossinvest-cli/internal/app/engine/modeops.go:86.52,88.26 1 0
github.com/JungHoonGhae/tossinvest-cli/internal/app/engine/modeops.go:92.2,92.22 1 0
github.com/JungHoonGhae/tossinvest-cli/internal/app/engine/modeops.go:92.22,94.3 1 0
github.com/JungHoonGhae/tossinvest-cli/internal/app/engine/modeops.go:95.2,95.57 1 0
github.com/JungHoonGhae/tossinvest-cli/internal/app/engine/modeops.go:95.57,97.3 1 0
github.com/JungHoonGhae/tossinvest-cli/internal/app/engine/modeops.go:102.2,103.24 2 0
github.com/JungHoonGhae/tossinvest-cli/internal/app/engine/modeops.go:103.24,105.3 1 0
github.com/JungHoonGhae/tossinvest-cli/internal/app/engine/modeops.go:106.2,116.9 3 0
github.com/JungHoonGhae/tossinvest-cli/internal/app/engine/modeops.go:117.71,120.47 1 0
github.com/JungHoonGhae/tossinvest-cli/internal/app/engine/modeops.go:121.18,122.34 1 0
github.com/JungHoonGhae/tossinvest-cli/internal/app/engine/modeops.go:123.15,124.25 1 0
github.com/JungHoonGhae/tossinvest-cli/internal/app/engine/modeops.go:126.2,126.13 1 0
github.com/JungHoonGhae/tossinvest-cli/internal/app/engine/modeops.go:126.13,128.3 1 0
github.com/JungHoonGhae/tossinvest-cli/internal/app/engine/modeops.go:129.2,133.16 3 0
github.com/JungHoonGhae/tossinvest-cli/internal/app/engine/modeops.go:133.16,137.3 3 0
github.com/JungHoonGhae/tossinvest-cli/internal/app/engine/modeops.go:138.2,140.13 3 0
github.com/JungHoonGhae/tossinvest-cli/internal/app/engine/modeops.go:140.13,142.17 2 0
github.com/JungHoonGhae/tossinvest-cli/internal/app/engine/modeops.go:142.17,147.4 3 0
github.com/JungHoonGhae/tossinvest-cli/internal/app/engine/modeops.go:148.3,149.31 2 0
github.com/JungHoonGhae/tossinvest-cli/internal/app/engine/modeops.go:149.31,150.27 1 0
github.com/JungHoonGhae/tossinvest-cli/internal/app/engine/modeops.go:150.27,152.10 2 0
github.com/JungHoonGhae/tossinvest-cli/internal/app/engine/modeops.go:156.2,156.20 1 0
github.com/JungHoonGhae/tossinvest-cli/internal/app/engine/modeops.go:169.61,170.74 1 0
github.com/JungHoonGhae/tossinvest-cli/internal/app/engine/modeops.go:170.74,172.3 1 0
github.com/JungHoonGhae/tossinvest-cli/internal/app/engine/modeops.go:173.2,173.105 1 0
github.com/JungHoonGhae/tossinvest-cli/internal/app/engine/modeops.go:179.127,181.2 1 0
github.com/JungHoonGhae/tossinvest-cli/internal/app/engine/normal_relay_wiring.go:13.55,14.14 1 0
github.com/JungHoonGhae/tossinvest-cli/internal/app/engine/normal_relay_wiring.go:14.14,16.3 1 0
github.com/JungHoonGhae/tossinvest-cli/internal/app/engine/normal_relay_wiring.go:17.2,17.30 1 0
github.com/JungHoonGhae/tossinvest-cli/internal/app/engine/normal_relay_wiring.go:17.30,19.3 1 0
github.com/JungHoonGhae/tossinvest-cli/internal/app/engine/normal_relay_wiring.go:20.2,20.22 1 0
github.com/JungHoonGhae/tossinvest-cli/internal/app/engine/normal_relay_wiring.go:24.64,30.2 1 0
github.com/JungHoonGhae/tossinvest-cli/internal/app/engine/notifications.go:68.70,69.19 1 0
github.com/JungHoonGhae/tossinvest-cli/internal/app/engine/notifications.go:69.19,71.3 1 0
github.com/JungHoonGhae/tossinvest-cli/internal/app/engine/notifications.go:72.2,77.30 2 0
github.com/JungHoonGhae/tossinvest-cli/internal/app/engine/notifications.go:77.30,82.3 1 0
github.com/JungHoonGhae/tossinvest-cli/internal/app/engine/notifications.go:83.2,83.18 1 0
github.com/JungHoonGhae/tossinvest-cli/internal/app/engine/notifications.go:83.18,88.3 1 0
github.com/JungHoonGhae/tossinvest-cli/internal/app/engine/notifications.go:90.2,91.17 2 0
github.com/JungHoonGhae/tossinvest-cli/internal/app/engine/notifications.go:91.17,93.3 1 0
github.com/JungHoonGhae/tossinvest-cli/internal/app/engine/notifications.go:94.2,94.17 1 0
github.com/JungHoonGhae/tossinvest-cli/internal/app/engine/notifications.go:94.17,98.3 2 0
github.com/JungHoonGhae/tossinvest-cli/internal/app/engine/notifications.go:99.2,105.25 6 0
github.com/JungHoonGhae/tossinvest-cli/internal/app/engine/position_policy_command.go:93.109,94.40 1 1
github.com/JungHoonGhae/tossinvest-cli/internal/app/engine/position_policy_command.go:94.40,96.3 1 0
github.com/JungHoonGhae/tossinvest-cli/internal/app/engine/position_policy_command.go:97.2,97.16 1 1
github.com/JungHoonGhae/tossinvest-cli/internal/app/engine/position_policy_command.go:97.16,99.3 1 0
github.com/JungHoonGhae/tossinvest-cli/internal/app/engine/position_policy_command.go:100.2,108.26 2 1
github.com/JungHoonGhae/tossinvest-cli/internal/app/engine/position_policy_command.go:108.26,110.3 1 1
github.com/JungHoonGhae/tossinvest-cli/internal/app/engine/position_policy_command.go:111.2,111.21 1 1
github.com/JungHoonGhae/tossinvest-cli/internal/app/engine/position_policy_command.go:118.107,127.21 2 0
github.com/JungHoonGhae/tossinvest-cli/internal/app/engine/position_policy_command.go:127.21,129.3 1 0
github.com/JungHoonGhae/tossinvest-cli/internal/app/engine/position_policy_command.go:130.2,130.42 1 0
github.com/JungHoonGhae/tossinvest-cli/internal/app/engine/position_policy_command.go:130.42,134.3 1 0
github.com/JungHoonGhae/tossinvest-cli/internal/app/engine/position_policy_command.go:135.2,135.21 1 0
github.com/JungHoonGhae/tossinvest-cli/internal/app/engine/position_policy_command.go:138.88,139.15 1 0
github.com/JungHoonGhae/tossinvest-cli/internal/app/engine/position_policy_command.go:140.30,141.37 1 0
github.com/JungHoonGhae/tossinvest-cli/internal/app/engine/position_policy_command.go:142.29,143.36 1 0
github.com/JungHoonGhae/tossinvest-cli/internal/app/engine/position_policy_command.go:144.29,145.36 1 0
github.com/JungHoonGhae/tossinvest-cli/internal/app/engine/position_policy_command.go:146.10,147.46 1 0
github.com/JungHoonGhae/tossinvest-cli/internal/app/engine/position_policy_command.go:151.98,155.2 3 0
github.com/JungHoonGhae/tossinvest-cli/internal/app/engine/position_policy_command.go:157.129,161.16 4 0
github.com/JungHoonGhae/tossinvest-cli/internal/app/engine/position_policy_command.go:161.16,163.3 1 0
github.com/JungHoonGhae/tossinvest-cli/internal/app/engine/position_policy_command.go:164.2,165.16 2 0
github.com/JungHoonGhae/tossinvest-cli/internal/app/engine/position_policy_command.go:165.16,167.3 1 0
github.com/JungHoonGhae/tossinvest-cli/internal/app/engine/position_policy_command.go:168.2,169.16 2 0
github.com/JungHoonGhae/tossinvest-cli/internal/app/engine/position_policy_command.go:169.16,171.3 1 0
github.com/JungHoonGhae/tossinvest-cli/internal/app/engine/position_policy_command.go:172.2,173.21 2 0
github.com/JungHoonGhae/tossinvest-cli/internal/app/engine/position_policy_command.go:177.67,181.16 4 0
github.com/JungHoonGhae/tossinvest-cli/internal/app/engine/position_policy_command.go:181.16,183.3 1 0
github.com/JungHoonGhae/tossinvest-cli/internal/app/engine/position_policy_command.go:184.2,185.77 1 0
github.com/JungHoonGhae/tossinvest-cli/internal/app/engine/position_policy_command.go:185.77,190.3 1 0
github.com/JungHoonGhae/tossinvest-cli/internal/app/engine/position_policy_command.go:195.2,197.16 3 0
github.com/JungHoonGhae/tossinvest-cli/internal/app/engine/position_policy_command.go:197.16,199.3 1 0
github.com/JungHoonGhae/tossinvest-cli/internal/app/engine/position_policy_command.go:200.2,200.29 1 0
github.com/JungHoonGhae/tossinvest-cli/internal/app/engine/position_policy_command.go:200.29,202.3 1 0
github.com/JungHoonGhae/tossinvest-cli/internal/app/engine/position_policy_command.go:203.2,204.16 2 0
github.com/JungHoonGhae/tossinvest-cli/internal/app/engine/position_policy_command.go:204.16,206.3 1 0
github.com/JungHoonGhae/tossinvest-cli/internal/app/engine/position_policy_command.go:207.2,207.27 1 0
github.com/JungHoonGhae/tossinvest-cli/internal/app/engine/position_policy_command.go:207.27,210.3 1 0
github.com/JungHoonGhae/tossinvest-cli/internal/app/engine/position_policy_command.go:211.2,211.20 1 0
github.com/JungHoonGhae/tossinvest-cli/internal/app/engine/position_policy_command.go:215.50,216.45 1 0
github.com/JungHoonGhae/tossinvest-cli/internal/app/engine/position_policy_command.go:216.45,218.3 1 0
github.com/JungHoonGhae/tossinvest-cli/internal/app/engine/position_policy_command.go:219.2,221.39 3 0
github.com/JungHoonGhae/tossinvest-cli/internal/app/engine/position_policy_command.go:221.39,222.34 1 0
github.com/JungHoonGhae/tossinvest-cli/internal/app/engine/position_policy_command.go:222.34,224.4 1 0
github.com/JungHoonGhae/tossinvest-cli/internal/app/engine/position_policy_command.go:226.2,227.58 2 0
github.com/JungHoonGhae/tossinvest-cli/internal/app/engine/position_policy_command.go:227.58,229.3 1 0
github.com/JungHoonGhae/tossinvest-cli/internal/app/engine/position_policy_command.go:230.2,231.42 2 0
github.com/JungHoonGhae/tossinvest-cli/internal/app/engine/position_policy_command.go:231.42,233.3 1 0
github.com/JungHoonGhae/tossinvest-cli/internal/app/engine/position_policy_command.go:234.2,236.94 3 0
github.com/JungHoonGhae/tossinvest-cli/internal/app/engine/position_policy_command.go:236.94,238.3 1 0
github.com/JungHoonGhae/tossinvest-cli/internal/app/engine/position_policy_command.go:239.2,244.55 2 0
github.com/JungHoonGhae/tossinvest-cli/internal/app/engine/position_policy_command.go:247.65,248.24 1 0
github.com/JungHoonGhae/tossinvest-cli/internal/app/engine/position_policy_command.go:248.24,250.3 1 0
github.com/JungHoonGhae/tossinvest-cli/internal/app/engine/position_policy_command.go:251.2,252.42 2 0
github.com/JungHoonGhae/tossinvest-cli/internal/app/engine/position_policy_command.go:252.42,254.3 1 0
github.com/JungHoonGhae/tossinvest-cli/internal/app/engine/position_policy_command.go:255.2,256.12 2 0
github.com/JungHoonGhae/tossinvest-cli/internal/app/engine/position_policy_command.go:259.110,261.34 2 0
github.com/JungHoonGhae/tossinvest-cli/internal/app/engine/position_policy_command.go:261.34,263.3 1 0
github.com/JungHoonGhae/tossinvest-cli/internal/app/engine/position_policy_command.go:264.2,266.36 3 0
github.com/JungHoonGhae/tossinvest-cli/internal/app/engine/position_policy_command.go:266.36,267.82 1 0
github.com/JungHoonGhae/tossinvest-cli/internal/app/engine/position_policy_command.go:267.82,269.4 1 0
github.com/JungHoonGhae/tossinvest-cli/internal/app/engine/position_policy_command.go:271.2,271.15 1 0
github.com/JungHoonGhae/tossinvest-cli/internal/app/engine/position_policy_command.go:271.15,273.3 1 0
github.com/JungHoonGhae/tossinvest-cli/internal/app/engine/position_policy_command.go:274.2,276.97 2 0
github.com/JungHoonGhae/tossinvest-cli/internal/app/engine/position_policy_command.go:276.97,279.3 2 0
github.com/JungHoonGhae/tossinvest-cli/internal/app/engine/position_policy_command.go:280.2,281.32 2 0
github.com/JungHoonGhae/tossinvest-cli/internal/app/engine/position_policy_command.go:281.32,284.3 2 0
github.com/JungHoonGhae/tossinvest-cli/internal/app/engine/position_policy_command.go:285.2,286.65 1 0
github.com/JungHoonGhae/tossinvest-cli/internal/app/engine/position_policy_command.go:286.65,289.3 2 0
github.com/JungHoonGhae/tossinvest-cli/internal/app/engine/position_policy_command.go:290.2,290.33 1 0
github.com/JungHoonGhae/tossinvest-cli/internal/app/engine/position_policy_command.go:290.33,292.3 1 0
github.com/JungHoonGhae/tossinvest-cli/internal/app/engine/position_policy_command.go:293.2,293.34 1 0
github.com/JungHoonGhae/tossinvest-cli/internal/app/engine/position_policy_command.go:293.34,296.3 2 0
github.com/JungHoonGhae/tossinvest-cli/internal/app/engine/position_policy_command.go:297.2,297.26 1 0
github.com/JungHoonGhae/tossinvest-cli/internal/app/engine/position_policy_command.go:304.62,307.94 3 0
github.com/JungHoonGhae/tossinvest-cli/internal/app/engine/position_policy_command.go:307.94,309.3 1 0
github.com/JungHoonGhae/tossinvest-cli/internal/app/engine/position_policy_command.go:310.2,311.16 2 0
github.com/JungHoonGhae/tossinvest-cli/internal/app/engine/position_policy_command.go:311.16,313.3 1 0
github.com/JungHoonGhae/tossinvest-cli/internal/app/engine/position_policy_command.go:314.2,314.40 1 0
github.com/JungHoonGhae/tossinvest-cli/internal/app/engine/position_policy_command.go:314.40,316.3 1 0
github.com/JungHoonGhae/tossinvest-cli/internal/app/engine/position_policy_command.go:317.2,317.48 1 0
github.com/JungHoonGhae/tossinvest-cli/internal/app/engine/position_policy_command.go:317.48,319.3 1 0
github.com/JungHoonGhae/tossinvest-cli/internal/app/engine/position_policy_command.go:320.2,320.21 1 0
github.com/JungHoonGhae/tossinvest-cli/internal/app/engine/position_policy_command.go:320.21,322.3 1 0
github.com/JungHoonGhae/tossinvest-cli/internal/app/engine/position_policy_command.go:323.2,325.46 3 0
github.com/JungHoonGhae/tossinvest-cli/internal/app/engine/position_policy_command.go:325.46,329.3 3 0
github.com/JungHoonGhae/tossinvest-cli/internal/app/engine/position_policy_command.go:330.2,330.22 1 0
github.com/JungHoonGhae/tossinvest-cli/internal/app/engine/position_policy_command.go:330.22,332.3 1 0
github.com/JungHoonGhae/tossinvest-cli/internal/app/engine/position_policy_command.go:332.8,334.3 1 0
github.com/JungHoonGhae/tossinvest-cli/internal/app/engine/position_policy_command.go:335.2,335.16 1 0
github.com/JungHoonGhae/tossinvest-cli/internal/app/engine/position_policy_command.go:335.16,337.3 1 0
github.com/JungHoonGhae/tossinvest-cli/internal/app/engine/position_policy_command.go:338.2,339.31 2 0
github.com/JungHoonGhae/tossinvest-cli/internal/app/engine/position_policy_command.go:339.31,340.108 1 0
github.com/JungHoonGhae/tossinvest-cli/internal/app/engine/position_policy_command.go:340.108,342.9 2 0
github.com/JungHoonGhae/tossinvest-cli/internal/app/engine/position_policy_command.go:345.2,345.20 1 0
github.com/JungHoonGhae/tossinvest-cli/internal/app/engine/position_policy_command.go:345.20,347.3 1 0
github.com/JungHoonGhae/tossinvest-cli/internal/app/engine/position_policy_command.go:348.2,349.60 2 0
github.com/JungHoonGhae/tossinvest-cli/internal/app/engine/position_policy_command.go:349.60,351.3 1 0
github.com/JungHoonGhae/tossinvest-cli/internal/app/engine/position_policy_command.go:352.2,353.16 2 0
github.com/JungHoonGhae/tossinvest-cli/internal/app/engine/position_policy_command.go:353.16,355.3 1 0
github.com/JungHoonGhae/tossinvest-cli/internal/app/engine/position_policy_command.go:356.2,357.20 2 0
github.com/JungHoonGhae/tossinvest-cli/internal/app/engine/position_policy_command.go:357.20,359.3 1 0
github.com/JungHoonGhae/tossinvest-cli/internal/app/engine/position_policy_command.go:360.2,364.17 2 0
github.com/JungHoonGhae/tossinvest-cli/internal/app/engine/position_policy_runtime_transport_unix.go:37.82,46.2 1 1
github.com/JungHoonGhae/tossinvest-cli/internal/app/engine/position_policy_runtime_transport_unix.go:61.77,62.19 1 1
github.com/JungHoonGhae/tossinvest-cli/internal/app/engine/position_policy_runtime_transport_unix.go:62.19,64.3 1 0
github.com/JungHoonGhae/tossinvest-cli/internal/app/engine/position_policy_runtime_transport_unix.go:65.2,66.15 2 1
github.com/JungHoonGhae/tossinvest-cli/internal/app/engine/position_policy_runtime_transport_unix.go:66.15,68.3 1 0
github.com/JungHoonGhae/tossinvest-cli/internal/app/engine/position_policy_runtime_transport_unix.go:69.2,69.71 1 1
github.com/JungHoonGhae/tossinvest-cli/internal/app/engine/position_policy_runtime_transport_unix.go:69.71,71.3 1 0
github.com/JungHoonGhae/tossinvest-cli/internal/app/engine/position_policy_runtime_transport_unix.go:72.2,76.53 2 1
github.com/JungHoonGhae/tossinvest-cli/internal/app/engine/position_policy_runtime_transport_unix.go:76.53,78.3 1 0
github.com/JungHoonGhae/tossinvest-cli/internal/app/engine/position_policy_runtime_transport_unix.go:81.2,81.30 1 1
github.com/JungHoonGhae/tossinvest-cli/internal/app/engine/position_policy_runtime_transport_unix.go:81.30,81.59 1 0
github.com/JungHoonGhae/tossinvest-cli/internal/app/engine/position_policy_runtime_transport_unix.go:82.2,82.86 1 1
github.com/JungHoonGhae/tossinvest-cli/internal/app/engine/position_policy_runtime_transport_unix.go:82.86,85.3 2 0
github.com/JungHoonGhae/tossinvest-cli/internal/app/engine/position_policy_runtime_transport_unix.go:86.2,90.16 3 1
github.com/JungHoonGhae/tossinvest-cli/internal/app/engine/position_policy_runtime_transport_unix.go:90.16,93.3 2 0
github.com/JungHoonGhae/tossinvest-cli/internal/app/engine/position_policy_runtime_transport_unix.go:94.2,94.28 1 1
github.com/JungHoonGhae/tossinvest-cli/internal/app/engine/position_policy_runtime_transport_unix.go:94.28,98.3 3 0
github.com/JungHoonGhae/tossinvest-cli/internal/app/engine/position_policy_runtime_transport_unix.go:101.2,101.76 1 1
github.com/JungHoonGhae/tossinvest-cli/internal/app/engine/position_policy_runtime_transport_unix.go:101.76,104.3 2 0
github.com/JungHoonGhae/tossinvest-cli/internal/app/engine/position_policy_runtime_transport_unix.go:105.2,106.49 2 1
github.com/JungHoonGhae/tossinvest-cli/internal/app/engine/position_policy_runtime_transport_unix.go:106.49,109.3 2 0
github.com/JungHoonGhae/tossinvest-cli/internal/app/engine/position_policy_runtime_transport_unix.go:110.2,116.96 4 1
github.com/JungHoonGhae/tossinvest-cli/internal/app/engine/position_policy_runtime_transport_unix.go:116.96,117.33 1 1
github.com/JungHoonGhae/tossinvest-cli/internal/app/engine/position_policy_runtime_transport_unix.go:117.33,120.4 2 1
github.com/JungHoonGhae/tossinvest-cli/internal/app/engine/position_policy_runtime_transport_unix.go:121.3,122.17 2 1
github.com/JungHoonGhae/tossinvest-cli/internal/app/engine/position_policy_runtime_transport_unix.go:122.17,125.4 2 0
github.com/JungHoonGhae/tossinvest-cli/internal/app/engine/position_policy_runtime_transport_unix.go:126.3,126.42 1 1
github.com/JungHoonGhae/tossinvest-cli/internal/app/engine/position_policy_runtime_transport_unix.go:128.2,135.92 3 1
github.com/JungHoonGhae/tossinvest-cli/internal/app/engine/position_policy_runtime_transport_unix.go:135.92,138.3 2 0
github.com/JungHoonGhae/tossinvest-cli/internal/app/engine/position_policy_runtime_transport_unix.go:139.2,139.12 1 1
github.com/JungHoonGhae/tossinvest-cli/internal/app/engine/position_policy_runtime_transport_unix.go:139.12,139.49 1 1
github.com/JungHoonGhae/tossinvest-cli/internal/app/engine/position_policy_runtime_transport_unix.go:140.2,140.20 1 1
github.com/JungHoonGhae/tossinvest-cli/internal/app/engine/position_policy_runtime_transport_unix.go:143.98,144.54 1 1
github.com/JungHoonGhae/tossinvest-cli/internal/app/engine/position_policy_runtime_transport_unix.go:144.54,146.102 2 1
github.com/JungHoonGhae/tossinvest-cli/internal/app/engine/position_policy_runtime_transport_unix.go:146.102,149.4 2 1
github.com/JungHoonGhae/tossinvest-cli/internal/app/engine/position_policy_runtime_transport_unix.go:150.3,150.13 1 1
github.com/JungHoonGhae/tossinvest-cli/internal/app/engine/position_policy_runtime_transport_unix.go:154.53,155.14 1 1
github.com/JungHoonGhae/tossinvest-cli/internal/app/engine/position_policy_runtime_transport_unix.go:155.14,157.3 1 0
github.com/JungHoonGhae/tossinvest-cli/internal/app/engine/position_policy_runtime_transport_unix.go:158.2,159.19 2 1
github.com/JungHoonGhae/tossinvest-cli/internal/app/engine/position_policy_runtime_transport_unix.go:159.19,167.3 4 1
github.com/JungHoonGhae/tossinvest-cli/internal/app/engine/position_policy_runtime_transport_unix.go:168.2,168.15 1 1
github.com/JungHoonGhae/tossinvest-cli/internal/app/engine/position_policy_runtime_transport_unix.go:172.65,174.16 2 1
github.com/JungHoonGhae/tossinvest-cli/internal/app/engine/position_policy_runtime_transport_unix.go:174.16,176.3 1 0
github.com/JungHoonGhae/tossinvest-cli/internal/app/engine/position_policy_runtime_transport_unix.go:177.2,178.79 2 1
github.com/JungHoonGhae/tossinvest-cli/internal/app/engine/position_policy_runtime_transport_unix.go:178.79,180.3 1 0
github.com/JungHoonGhae/tossinvest-cli/internal/app/engine/position_policy_runtime_transport_unix.go:181.2,182.16 2 1
github.com/JungHoonGhae/tossinvest-cli/internal/app/engine/position_policy_runtime_transport_unix.go:182.16,184.3 1 0
github.com/JungHoonGhae/tossinvest-cli/internal/app/engine/position_policy_runtime_transport_unix.go:185.2,187.77 3 1
github.com/JungHoonGhae/tossinvest-cli/internal/app/engine/position_policy_runtime_transport_unix.go:187.77,190.3 2 0
github.com/JungHoonGhae/tossinvest-cli/internal/app/engine/position_policy_runtime_transport_unix.go:191.2,192.16 2 1
github.com/JungHoonGhae/tossinvest-cli/internal/app/engine/position_policy_runtime_transport_unix.go:192.16,195.3 2 0
github.com/JungHoonGhae/tossinvest-cli/internal/app/engine/position_policy_runtime_transport_unix.go:196.2,196.75 1 1
github.com/JungHoonGhae/tossinvest-cli/internal/app/engine/position_policy_runtime_transport_unix.go:196.75,198.3 1 0
github.com/JungHoonGhae/tossinvest-cli/internal/app/engine/position_policy_runtime_transport_unix.go:199.2,199.77 1 1
github.com/JungHoonGhae/tossinvest-cli/internal/app/engine/position_policy_runtime_transport_unix.go:199.77,201.3 1 0
github.com/JungHoonGhae/tossinvest-cli/internal/app/engine/position_policy_runtime_transport_unix.go:202.2,203.56 2 1
github.com/JungHoonGhae/tossinvest-cli/internal/app/engine/position_policy_runtime_transport_unix.go:203.56,205.3 1 0
github.com/JungHoonGhae/tossinvest-cli/internal/app/engine/position_policy_runtime_transport_unix.go:206.2,206.79 1 1
github.com/JungHoonGhae/tossinvest-cli/internal/app/engine/position_policy_runtime_transport_unix.go:206.79,208.3 1 0
github.com/JungHoonGhae/tossinvest-cli/internal/app/engine/position_policy_runtime_transport_unix.go:209.2,209.55 1 1
github.com/JungHoonGhae/tossinvest-cli/internal/app/engine/position_policy_runtime_transport_unix.go:209.55,211.3 1 0
github.com/JungHoonGhae/tossinvest-cli/internal/app/engine/position_policy_runtime_transport_unix.go:212.2,212.15 1 1
github.com/JungHoonGhae/tossinvest-cli/internal/app/engine/position_policy_runtime_transport_unix.go:212.15,213.20 1 1
github.com/JungHoonGhae/tossinvest-cli/internal/app/engine/position_policy_runtime_transport_unix.go:213.20,215.4 1 1
github.com/JungHoonGhae/tossinvest-cli/internal/app/engine/position_policy_runtime_transport_unix.go:216.3,217.59 2 0
github.com/JungHoonGhae/tossinvest-cli/internal/app/engine/position_policy_runtime_transport_unix.go:217.59,219.4 1 0
github.com/JungHoonGhae/tossinvest-cli/internal/app/engine/position_policy_runtime_transport_unix.go:221.2,221.83 1 1
github.com/JungHoonGhae/tossinvest-cli/internal/app/engine/position_policy_runtime_transport_unix.go:221.83,223.3 1 0
github.com/JungHoonGhae/tossinvest-cli/internal/app/engine/position_policy_runtime_transport_unix.go:224.2,225.59 2 1
github.com/JungHoonGhae/tossinvest-cli/internal/app/engine/position_policy_runtime_transport_unix.go:225.59,227.3 1 0
github.com/JungHoonGhae/tossinvest-cli/internal/app/engine/position_policy_runtime_transport_unix.go:228.2,229.16 2 1
github.com/JungHoonGhae/tossinvest-cli/internal/app/engine/position_policy_runtime_transport_unix.go:229.16,231.3 1 0
github.com/JungHoonGhae/tossinvest-cli/internal/app/engine/position_policy_runtime_transport_unix.go:232.2,232.41 1 1
github.com/JungHoonGhae/tossinvest-cli/internal/app/engine/position_policy_runtime_transport_unix.go:232.41,235.3 2 0
github.com/JungHoonGhae/tossinvest-cli/internal/app/engine/position_policy_runtime_transport_unix.go:236.2,236.42 1 1
github.com/JungHoonGhae/tossinvest-cli/internal/app/engine/position_policy_runtime_transport_unix.go:236.42,238.3 1 0
github.com/JungHoonGhae/tossinvest-cli/internal/app/engine/position_policy_runtime_transport_unix.go:239.2,239.12 1 1
github.com/JungHoonGhae/tossinvest-cli/internal/app/engine/position_policy_transport.go:51.73,52.21 1 1
github.com/JungHoonGhae/tossinvest-cli/internal/app/engine/position_policy_transport.go:52.21,54.3 1 0
github.com/JungHoonGhae/tossinvest-cli/internal/app/engine/position_policy_transport.go:55.2,56.15 2 1
github.com/JungHoonGhae/tossinvest-cli/internal/app/engine/position_policy_transport.go:56.15,58.3 1 0
github.com/JungHoonGhae/tossinvest-cli/internal/app/engine/position_policy_transport.go:59.2,59.71 1 1
github.com/JungHoonGhae/tossinvest-cli/internal/app/engine/position_policy_transport.go:59.71,61.3 1 0
github.com/JungHoonGhae/tossinvest-cli/internal/app/engine/position_policy_transport.go:62.2,64.52 3 1
github.com/JungHoonGhae/tossinvest-cli/internal/app/engine/position_policy_transport.go:64.52,65.35 1 0
github.com/JungHoonGhae/tossinvest-cli/internal/app/engine/position_policy_transport.go:65.35,67.4 1 0
github.com/JungHoonGhae/tossinvest-cli/internal/app/engine/position_policy_transport.go:68.8,70.3 1 1
github.com/JungHoonGhae/tossinvest-cli/internal/app/engine/position_policy_transport.go:71.2,71.79 1 1
github.com/JungHoonGhae/tossinvest-cli/internal/app/engine/position_policy_transport.go:71.79,72.24 1 0
github.com/JungHoonGhae/tossinvest-cli/internal/app/engine/position_policy_transport.go:72.24,74.4 1 0
github.com/JungHoonGhae/tossinvest-cli/internal/app/engine/position_policy_transport.go:75.3,75.90 1 0
github.com/JungHoonGhae/tossinvest-cli/internal/app/engine/position_policy_transport.go:77.2,77.30 1 1
github.com/JungHoonGhae/tossinvest-cli/internal/app/engine/position_policy_transport.go:77.30,78.24 1 0
github.com/JungHoonGhae/tossinvest-cli/internal/app/engine/position_policy_transport.go:78.24,80.4 1 0
github.com/JungHoonGhae/tossinvest-cli/internal/app/engine/position_policy_transport.go:96.2,107.16 4 1
github.com/JungHoonGhae/tossinvest-cli/internal/app/engine/position_policy_transport.go:107.16,110.3 2 0
github.com/JungHoonGhae/tossinvest-cli/internal/app/engine/position_policy_transport.go:111.2,112.49 2 1
github.com/JungHoonGhae/tossinvest-cli/internal/app/engine/position_policy_transport.go:112.49,116.3 3 0
github.com/JungHoonGhae/tossinvest-cli/internal/app/engine/position_policy_transport.go:117.2,122.95 4 1
github.com/JungHoonGhae/tossinvest-cli/internal/app/engine/position_policy_transport.go:122.95,123.33 1 1
github.com/JungHoonGhae/tossinvest-cli/internal/app/engine/position_policy_transport.go:123.33,126.4 2 0
github.com/JungHoonGhae/tossinvest-cli/internal/app/engine/position_policy_transport.go:127.3,127.62 1 1
github.com/JungHoonGhae/tossinvest-cli/internal/app/engine/position_policy_transport.go:129.2,129.98 1 1
github.com/JungHoonGhae/tossinvest-cli/internal/app/engine/position_policy_transport.go:129.98,130.33 1 0
github.com/JungHoonGhae/tossinvest-cli/internal/app/engine/position_policy_transport.go:130.33,133.4 2 0
github.com/JungHoonGhae/tossinvest-cli/internal/app/engine/position_policy_transport.go:134.3,135.17 2 0
github.com/JungHoonGhae/tossinvest-cli/internal/app/engine/position_policy_transport.go:135.17,138.4 2 0
github.com/JungHoonGhae/tossinvest-cli/internal/app/engine/position_policy_transport.go:139.3,139.41 1 0
github.com/JungHoonGhae/tossinvest-cli/internal/app/engine/position_policy_transport.go:141.2,148.62 3 1
github.com/JungHoonGhae/tossinvest-cli/internal/app/engine/position_policy_transport.go:148.62,150.3 1 1
github.com/JungHoonGhae/tossinvest-cli/internal/app/engine/position_policy_transport.go:153.2,153.62 1 1
github.com/JungHoonGhae/tossinvest-cli/internal/app/engine/position_policy_transport.go:153.62,155.3 1 1
github.com/JungHoonGhae/tossinvest-cli/internal/app/engine/position_policy_transport.go:157.2,157.53 1 1
github.com/JungHoonGhae/tossinvest-cli/internal/app/engine/position_policy_transport.go:157.53,159.3 1 1
github.com/JungHoonGhae/tossinvest-cli/internal/app/engine/position_policy_transport.go:160.2,167.85 3 1
github.com/JungHoonGhae/tossinvest-cli/internal/app/engine/position_policy_transport.go:167.85,171.3 3 0
github.com/JungHoonGhae/tossinvest-cli/internal/app/engine/position_policy_transport.go:172.2,172.12 1 1
github.com/JungHoonGhae/tossinvest-cli/internal/app/engine/position_policy_transport.go:172.12,174.3 1 1
github.com/JungHoonGhae/tossinvest-cli/internal/app/engine/position_policy_transport.go:175.2,175.20 1 1
github.com/JungHoonGhae/tossinvest-cli/internal/app/engine/position_policy_transport.go:188.53,189.68 1 1
github.com/JungHoonGhae/tossinvest-cli/internal/app/engine/position_policy_transport.go:189.68,191.3 1 1
github.com/JungHoonGhae/tossinvest-cli/internal/app/engine/position_policy_transport.go:192.2,192.21 1 0
github.com/JungHoonGhae/tossinvest-cli/internal/app/engine/position_policy_transport.go:195.53,196.14 1 1
github.com/JungHoonGhae/tossinvest-cli/internal/app/engine/position_policy_transport.go:196.14,198.3 1 0
github.com/JungHoonGhae/tossinvest-cli/internal/app/engine/position_policy_transport.go:199.2,200.19 2 1
github.com/JungHoonGhae/tossinvest-cli/internal/app/engine/position_policy_transport.go:200.19,204.101 4 1
github.com/JungHoonGhae/tossinvest-cli/internal/app/engine/position_policy_transport.go:204.101,206.4 1 0
github.com/JungHoonGhae/tossinvest-cli/internal/app/engine/position_policy_transport.go:207.3,207.115 1 1
github.com/JungHoonGhae/tossinvest-cli/internal/app/engine/position_policy_transport.go:207.115,209.4 1 0
github.com/JungHoonGhae/tossinvest-cli/internal/app/engine/position_policy_transport.go:211.2,211.15 1 1
github.com/JungHoonGhae/tossinvest-cli/internal/app/engine/position_policy_transport.go:215.42,216.54 1 1
github.com/JungHoonGhae/tossinvest-cli/internal/app/engine/position_policy_transport.go:216.54,218.102 2 1
github.com/JungHoonGhae/tossinvest-cli/internal/app/engine/position_policy_transport.go:218.102,221.4 2 1
github.com/JungHoonGhae/tossinvest-cli/internal/app/engine/position_policy_transport.go:222.3,222.13 1 1
github.com/JungHoonGhae/tossinvest-cli/internal/app/engine/position_policy_transport.go:227.47,228.54 1 1
github.com/JungHoonGhae/tossinvest-cli/internal/app/engine/position_policy_transport.go:228.54,229.34 1 0
github.com/JungHoonGhae/tossinvest-cli/internal/app/engine/position_policy_transport.go:229.34,232.4 2 0
github.com/JungHoonGhae/tossinvest-cli/internal/app/engine/position_policy_transport.go:233.3,234.52 2 0
github.com/JungHoonGhae/tossinvest-cli/internal/app/engine/position_policy_transport.go:234.52,237.4 2 0
github.com/JungHoonGhae/tossinvest-cli/internal/app/engine/position_policy_transport.go:238.3,240.17 3 0
github.com/JungHoonGhae/tossinvest-cli/internal/app/engine/position_policy_transport.go:240.17,243.4 2 0
github.com/JungHoonGhae/tossinvest-cli/internal/app/engine/position_policy_transport.go:244.3,244.48 1 0
github.com/JungHoonGhae/tossinvest-cli/internal/app/engine/position_policy_transport.go:244.48,247.4 2 0
github.com/JungHoonGhae/tossinvest-cli/internal/app/engine/position_policy_transport.go:248.3,251.46 4 0
github.com/JungHoonGhae/tossinvest-cli/internal/app/engine/position_policy_transport.go:251.46,254.4 2 0
github.com/JungHoonGhae/tossinvest-cli/internal/app/engine/position_policy_transport.go:255.3,256.64 2 0
github.com/JungHoonGhae/tossinvest-cli/internal/app/engine/position_policy_transport.go:256.64,259.4 2 0
github.com/JungHoonGhae/tossinvest-cli/internal/app/engine/position_policy_transport.go:260.3,261.17 2 0
github.com/JungHoonGhae/tossinvest-cli/internal/app/engine/position_policy_transport.go:261.17,264.4 2 0
github.com/JungHoonGhae/tossinvest-cli/internal/app/engine/position_policy_transport.go:265.3,265.41 1 0
github.com/JungHoonGhae/tossinvest-cli/internal/app/engine/position_policy_transport.go:269.68,271.9 2 0
github.com/JungHoonGhae/tossinvest-cli/internal/app/engine/position_policy_transport.go:272.56,273.50 1 0
github.com/JungHoonGhae/tossinvest-cli/internal/app/engine/position_policy_transport.go:274.58,275.50 1 0
github.com/JungHoonGhae/tossinvest-cli/internal/app/engine/position_policy_transport.go:276.57,277.56 1 0
github.com/JungHoonGhae/tossinvest-cli/internal/app/engine/position_policy_transport.go:278.54,279.54 1 0
github.com/JungHoonGhae/tossinvest-cli/internal/app/engine/position_policy_transport.go:280.54,281.54 1 0
github.com/JungHoonGhae/tossinvest-cli/internal/app/engine/position_policy_transport.go:282.52,283.51 1 0
github.com/JungHoonGhae/tossinvest-cli/internal/app/engine/position_policy_transport.go:284.60,285.61 1 0
github.com/JungHoonGhae/tossinvest-cli/internal/app/engine/position_policy_transport.go:286.59,287.55 1 0
github.com/JungHoonGhae/tossinvest-cli/internal/app/engine/position_policy_transport.go:288.57,289.53 1 0
github.com/JungHoonGhae/tossinvest-cli/internal/app/engine/position_policy_transport.go:290.59,291.60 1 0
github.com/JungHoonGhae/tossinvest-cli/internal/app/engine/position_policy_transport.go:292.62,293.64 1 0
github.com/JungHoonGhae/tossinvest-cli/internal/app/engine/position_policy_transport.go:295.2,295.45 1 0
github.com/JungHoonGhae/tossinvest-cli/internal/app/engine/position_policy_transport.go:298.77,300.2 1 1
github.com/JungHoonGhae/tossinvest-cli/internal/app/engine/position_policy_transport.go:302.65,307.2 4 1
github.com/JungHoonGhae/tossinvest-cli/internal/app/engine/position_policy_transport.go:309.105,311.16 2 1
github.com/JungHoonGhae/tossinvest-cli/internal/app/engine/position_policy_transport.go:311.16,313.3 1 0
github.com/JungHoonGhae/tossinvest-cli/internal/app/engine/position_policy_transport.go:314.2,315.72 2 1
github.com/JungHoonGhae/tossinvest-cli/internal/app/engine/position_policy_transport.go:315.72,317.3 1 0
github.com/JungHoonGhae/tossinvest-cli/internal/app/engine/position_policy_transport.go:318.2,319.16 2 1
github.com/JungHoonGhae/tossinvest-cli/internal/app/engine/position_policy_transport.go:319.16,321.3 1 0
github.com/JungHoonGhae/tossinvest-cli/internal/app/engine/position_policy_transport.go:322.2,324.77 3 1
github.com/JungHoonGhae/tossinvest-cli/internal/app/engine/position_policy_transport.go:324.77,327.3 2 0
github.com/JungHoonGhae/tossinvest-cli/internal/app/engine/position_policy_transport.go:328.2,329.16 2 1
github.com/JungHoonGhae/tossinvest-cli/internal/app/engine/position_policy_transport.go:329.16,332.3 2 0
github.com/JungHoonGhae/tossinvest-cli/internal/app/engine/position_policy_transport.go:333.2,334.16 2 1
github.com/JungHoonGhae/tossinvest-cli/internal/app/engine/position_policy_transport.go:334.16,336.3 1 0
github.com/JungHoonGhae/tossinvest-cli/internal/app/engine/position_policy_transport.go:337.2,337.77 1 1
github.com/JungHoonGhae/tossinvest-cli/internal/app/engine/position_policy_transport.go:337.77,339.3 1 0
github.com/JungHoonGhae/tossinvest-cli/internal/app/engine/position_policy_transport.go:340.2,341.56 2 1
github.com/JungHoonGhae/tossinvest-cli/internal/app/engine/position_policy_transport.go:341.56,343.3 1 0
github.com/JungHoonGhae/tossinvest-cli/internal/app/engine/position_policy_transport.go:344.2,344.72 1 1
github.com/JungHoonGhae/tossinvest-cli/internal/app/engine/position_policy_transport.go:344.72,346.3 1 0
github.com/JungHoonGhae/tossinvest-cli/internal/app/engine/position_policy_transport.go:347.2,347.55 1 1
github.com/JungHoonGhae/tossinvest-cli/internal/app/engine/position_policy_transport.go:347.55,349.3 1 0
github.com/JungHoonGhae/tossinvest-cli/internal/app/engine/position_policy_transport.go:350.2,350.15 1 1
github.com/JungHoonGhae/tossinvest-cli/internal/app/engine/position_policy_transport.go:350.15,351.20 1 1
github.com/JungHoonGhae/tossinvest-cli/internal/app/engine/position_policy_transport.go:351.20,353.4 1 1
github.com/JungHoonGhae/tossinvest-cli/internal/app/engine/position_policy_transport.go:354.3,355.59 2 0
github.com/JungHoonGhae/tossinvest-cli/internal/app/engine/position_policy_transport.go:355.59,357.4 1 0
github.com/JungHoonGhae/tossinvest-cli/internal/app/engine/position_policy_transport.go:359.2,359.76 1 1
github.com/JungHoonGhae/tossinvest-cli/internal/app/engine/position_policy_transport.go:359.76,361.3 1 0
github.com/JungHoonGhae/tossinvest-cli/internal/app/engine/position_policy_transport.go:362.2,363.59 2 1
github.com/JungHoonGhae/tossinvest-cli/internal/app/engine/position_policy_transport.go:363.59,365.3 1 0
github.com/JungHoonGhae/tossinvest-cli/internal/app/engine/position_policy_transport.go:366.2,367.16 2 1
github.com/JungHoonGhae/tossinvest-cli/internal/app/engine/position_policy_transport.go:367.16,369.3 1 0
github.com/JungHoonGhae/tossinvest-cli/internal/app/engine/position_policy_transport.go:370.2,370.41 1 1
github.com/JungHoonGhae/tossinvest-cli/internal/app/engine/position_policy_transport.go:370.41,373.3 2 0
github.com/JungHoonGhae/tossinvest-cli/internal/app/engine/position_policy_transport.go:374.2,374.42 1 1
github.com/JungHoonGhae/tossinvest-cli/internal/app/engine/position_policy_transport.go:374.42,376.3 1 0
github.com/JungHoonGhae/tossinvest-cli/internal/app/engine/position_policy_transport.go:377.2,377.12 1 1
github.com/JungHoonGhae/tossinvest-cli/internal/app/engine/position_policy_transport.go:387.99,388.47 1 1
github.com/JungHoonGhae/tossinvest-cli/internal/app/engine/position_policy_transport.go:388.47,391.3 2 0
github.com/JungHoonGhae/tossinvest-cli/internal/app/engine/position_policy_transport.go:392.2,393.16 2 1
github.com/JungHoonGhae/tossinvest-cli/internal/app/engine/position_policy_transport.go:393.16,396.3 2 0
github.com/JungHoonGhae/tossinvest-cli/internal/app/engine/position_policy_transport.go:397.2,397.26 1 1
github.com/JungHoonGhae/tossinvest-cli/internal/app/engine/position_policy_transport.go:397.26,400.3 2 0
github.com/JungHoonGhae/tossinvest-cli/internal/app/engine/position_policy_transport.go:401.2,401.41 1 1
github.com/JungHoonGhae/tossinvest-cli/internal/app/engine/position_policy_transport.go:401.41,404.3 2 0
github.com/JungHoonGhae/tossinvest-cli/internal/app/engine/position_policy_transport.go:405.2,405.26 1 1
github.com/JungHoonGhae/tossinvest-cli/internal/app/engine/precheck.go:98.95,103.16 4 0
github.com/JungHoonGhae/tossinvest-cli/internal/app/engine/precheck.go:103.16,105.3 1 0
github.com/JungHoonGhae/tossinvest-cli/internal/app/engine/precheck.go:112.2,127.3 2 0
github.com/JungHoonGhae/tossinvest-cli/internal/app/engine/precheck.go:132.65,148.2 1 0
github.com/JungHoonGhae/tossinvest-cli/internal/app/engine/precheck.go:150.39,152.2 1 0
github.com/JungHoonGhae/tossinvest-cli/internal/app/engine/private_endpoint_lifecycle_unix.go:35.54,36.52 1 1
github.com/JungHoonGhae/tossinvest-cli/internal/app/engine/private_endpoint_lifecycle_unix.go:36.52,37.35 1 0
github.com/JungHoonGhae/tossinvest-cli/internal/app/engine/private_endpoint_lifecycle_unix.go:37.35,39.4 1 0
github.com/JungHoonGhae/tossinvest-cli/internal/app/engine/private_endpoint_lifecycle_unix.go:40.3,40.90 1 0
github.com/JungHoonGhae/tossinvest-cli/internal/app/engine/private_endpoint_lifecycle_unix.go:40.90,42.4 1 0
github.com/JungHoonGhae/tossinvest-cli/internal/app/engine/private_endpoint_lifecycle_unix.go:43.3,43.53 1 0
github.com/JungHoonGhae/tossinvest-cli/internal/app/engine/private_endpoint_lifecycle_unix.go:43.53,45.4 1 0
github.com/JungHoonGhae/tossinvest-cli/internal/app/engine/private_endpoint_lifecycle_unix.go:47.2,47.12 1 1
github.com/JungHoonGhae/tossinvest-cli/internal/app/engine/private_endpoint_lifecycle_unix.go:63.92,64.21 1 1
github.com/JungHoonGhae/tossinvest-cli/internal/app/engine/private_endpoint_lifecycle_unix.go:64.21,66.18 1 1
github.com/JungHoonGhae/tossinvest-cli/internal/app/engine/private_endpoint_lifecycle_unix.go:66.18,68.4 1 0
github.com/JungHoonGhae/tossinvest-cli/internal/app/engine/private_endpoint_lifecycle_unix.go:70.2,70.29 1 1
github.com/JungHoonGhae/tossinvest-cli/internal/app/engine/private_endpoint_lifecycle_unix.go:70.29,71.93 1 1
github.com/JungHoonGhae/tossinvest-cli/internal/app/engine/private_endpoint_lifecycle_unix.go:71.93,73.4 1 0
github.com/JungHoonGhae/tossinvest-cli/internal/app/engine/private_endpoint_lifecycle_unix.go:75.2,75.15 1 1
github.com/JungHoonGhae/tossinvest-cli/internal/app/engine/protection_wiring.go:16.52,18.19 2 0
github.com/JungHoonGhae/tossinvest-cli/internal/app/engine/protection_wiring.go:18.19,20.3 1 0
github.com/JungHoonGhae/tossinvest-cli/internal/app/engine/protection_wiring.go:21.2,21.63 1 0
github.com/JungHoonGhae/tossinvest-cli/internal/app/engine/protection_wiring.go:24.53,27.44 3 1
github.com/JungHoonGhae/tossinvest-cli/internal/app/engine/protection_wiring.go:27.44,29.42 2 1
github.com/JungHoonGhae/tossinvest-cli/internal/app/engine/protection_wiring.go:29.42,30.23 1 1
github.com/JungHoonGhae/tossinvest-cli/internal/app/engine/protection_wiring.go:31.59,32.64 1 0
github.com/JungHoonGhae/tossinvest-cli/internal/app/engine/protection_wiring.go:36.2,36.183 1 1
github.com/JungHoonGhae/tossinvest-cli/internal/app/engine/protection_wiring.go:39.98,44.2 1 1
github.com/JungHoonGhae/tossinvest-cli/internal/app/engine/protection_wiring.go:46.55,48.29 2 1
github.com/JungHoonGhae/tossinvest-cli/internal/app/engine/protection_wiring.go:48.29,51.3 2 1
github.com/JungHoonGhae/tossinvest-cli/internal/app/engine/protection_wiring.go:52.2,52.42 1 1
github.com/JungHoonGhae/tossinvest-cli/internal/app/engine/reconcileloop.go:272.47,272.71 1 0
github.com/JungHoonGhae/tossinvest-cli/internal/app/engine/reconcileloop.go:275.47,279.2 3 0
github.com/JungHoonGhae/tossinvest-cli/internal/app/engine/reconcileloop.go:283.53,283.86 1 0
github.com/JungHoonGhae/tossinvest-cli/internal/app/engine/reconcileloop.go:286.54,290.22 4 0
github.com/JungHoonGhae/tossinvest-cli/internal/app/engine/reconcileloop.go:290.22,295.3 4 0
github.com/JungHoonGhae/tossinvest-cli/internal/app/engine/reconcileloop.go:296.2,296.31 1 0
github.com/JungHoonGhae/tossinvest-cli/internal/app/engine/reconcileloop.go:296.31,298.3 1 0
github.com/JungHoonGhae/tossinvest-cli/internal/app/engine/reconcileloop.go:299.2,300.32 2 0
github.com/JungHoonGhae/tossinvest-cli/internal/app/engine/reconcileloop.go:304.80,305.9 1 0
github.com/JungHoonGhae/tossinvest-cli/internal/app/engine/reconcileloop.go:306.27,307.74 1 0
github.com/JungHoonGhae/tossinvest-cli/internal/app/engine/reconcileloop.go:308.29,309.85 1 0
github.com/JungHoonGhae/tossinvest-cli/internal/app/engine/reconcileloop.go:310.27,311.83 1 0
github.com/JungHoonGhae/tossinvest-cli/internal/app/engine/reconcileloop.go:312.50,313.85 1 0
github.com/JungHoonGhae/tossinvest-cli/internal/app/engine/reconcileloop.go:314.48,316.34 1 0
github.com/JungHoonGhae/tossinvest-cli/internal/app/engine/reconcileloop.go:317.94,319.75 1 0
github.com/JungHoonGhae/tossinvest-cli/internal/app/engine/reconcileloop.go:321.2,321.58 1 0
github.com/JungHoonGhae/tossinvest-cli/internal/app/engine/reconcileloop.go:321.58,322.52 1 0
github.com/JungHoonGhae/tossinvest-cli/internal/app/engine/reconcileloop.go:322.52,324.4 1 0
github.com/JungHoonGhae/tossinvest-cli/internal/app/engine/reconcileloop.go:325.3,325.25 1 0
github.com/JungHoonGhae/tossinvest-cli/internal/app/engine/reconcileloop.go:328.2,334.18 2 0
github.com/JungHoonGhae/tossinvest-cli/internal/app/engine/reconcileloop.go:334.18,336.3 1 0
github.com/JungHoonGhae/tossinvest-cli/internal/app/engine/reconcileloop.go:337.2,344.15 4 0
github.com/JungHoonGhae/tossinvest-cli/internal/app/engine/reconcileloop.go:353.90,354.14 1 0
github.com/JungHoonGhae/tossinvest-cli/internal/app/engine/reconcileloop.go:354.14,356.3 1 0
github.com/JungHoonGhae/tossinvest-cli/internal/app/engine/reconcileloop.go:357.2,357.28 1 0
github.com/JungHoonGhae/tossinvest-cli/internal/app/engine/reconcileloop.go:357.28,359.3 1 0
github.com/JungHoonGhae/tossinvest-cli/internal/app/engine/reconcileloop.go:360.2,371.24 11 0
github.com/JungHoonGhae/tossinvest-cli/internal/app/engine/reconcileloop.go:371.24,373.3 1 0
github.com/JungHoonGhae/tossinvest-cli/internal/app/engine/reconcileloop.go:374.2,374.45 1 0
github.com/JungHoonGhae/tossinvest-cli/internal/app/engine/reconcileloop.go:374.45,376.3 1 0
github.com/JungHoonGhae/tossinvest-cli/internal/app/engine/reconcileloop.go:377.2,377.21 1 0
github.com/JungHoonGhae/tossinvest-cli/internal/app/engine/reconcileloop.go:377.21,379.3 1 0
github.com/JungHoonGhae/tossinvest-cli/internal/app/engine/reconcileloop.go:380.2,380.33 1 0
github.com/JungHoonGhae/tossinvest-cli/internal/app/engine/reconcileloop.go:389.58,391.17 2 0
github.com/JungHoonGhae/tossinvest-cli/internal/app/engine/reconcileloop.go:391.17,393.3 1 0
github.com/JungHoonGhae/tossinvest-cli/internal/app/engine/reconcileloop.go:394.2,394.6 1 0
github.com/JungHoonGhae/tossinvest-cli/internal/app/engine/reconcileloop.go:394.6,395.35 1 0
github.com/JungHoonGhae/tossinvest-cli/internal/app/engine/reconcileloop.go:395.35,397.4 1 0
github.com/JungHoonGhae/tossinvest-cli/internal/app/engine/reconcileloop.go:398.3,400.50 3 0
github.com/JungHoonGhae/tossinvest-cli/internal/app/engine/reconcileloop.go:400.50,402.4 1 0
github.com/JungHoonGhae/tossinvest-cli/internal/app/engine/reconcileloop.go:411.79,412.15 1 0
github.com/JungHoonGhae/tossinvest-cli/internal/app/engine/reconcileloop.go:412.15,412.32 1 0
github.com/JungHoonGhae/tossinvest-cli/internal/app/engine/reconcileloop.go:414.2,415.9 2 0
github.com/JungHoonGhae/tossinvest-cli/internal/app/engine/reconcileloop.go:415.9,417.3 1 0
github.com/JungHoonGhae/tossinvest-cli/internal/app/engine/reconcileloop.go:418.2,421.16 3 0
github.com/JungHoonGhae/tossinvest-cli/internal/app/engine/reconcileloop.go:421.16,424.3 2 0
github.com/JungHoonGhae/tossinvest-cli/internal/app/engine/reconcileloop.go:425.2,432.36 3 0
github.com/JungHoonGhae/tossinvest-cli/internal/app/engine/reconcileloop.go:432.36,434.3 1 0
github.com/JungHoonGhae/tossinvest-cli/internal/app/engine/reconcileloop.go:435.2,438.36 3 0
github.com/JungHoonGhae/tossinvest-cli/internal/app/engine/reconcileloop.go:438.36,440.3 1 0
github.com/JungHoonGhae/tossinvest-cli/internal/app/engine/reconcileloop.go:441.2,444.52 3 0
github.com/JungHoonGhae/tossinvest-cli/internal/app/engine/reconcileloop.go:444.52,445.23 1 0
github.com/JungHoonGhae/tossinvest-cli/internal/app/engine/reconcileloop.go:445.23,447.4 1 0
github.com/JungHoonGhae/tossinvest-cli/internal/app/engine/reconcileloop.go:448.3,448.15 1 0
github.com/JungHoonGhae/tossinvest-cli/internal/app/engine/reconcileloop.go:450.2,454.16 5 0
github.com/JungHoonGhae/tossinvest-cli/internal/app/engine/reconcileloop.go:454.16,455.23 1 0
github.com/JungHoonGhae/tossinvest-cli/internal/app/engine/reconcileloop.go:455.23,457.4 1 0
github.com/JungHoonGhae/tossinvest-cli/internal/app/engine/reconcileloop.go:458.3,458.15 1 0
github.com/JungHoonGhae/tossinvest-cli/internal/app/engine/reconcileloop.go:461.2,462.14 2 0
github.com/JungHoonGhae/tossinvest-cli/internal/app/engine/reconcileloop.go:476.67,477.25 1 0
github.com/JungHoonGhae/tossinvest-cli/internal/app/engine/reconcileloop.go:477.25,479.3 1 0
github.com/JungHoonGhae/tossinvest-cli/internal/app/engine/reconcileloop.go:480.2,480.44 1 0
github.com/JungHoonGhae/tossinvest-cli/internal/app/engine/reconcileloop.go:480.44,482.3 1 0
github.com/JungHoonGhae/tossinvest-cli/internal/app/engine/reconcileloop.go:492.108,494.19 2 0
github.com/JungHoonGhae/tossinvest-cli/internal/app/engine/reconcileloop.go:494.19,496.3 1 0
github.com/JungHoonGhae/tossinvest-cli/internal/app/engine/reconcileloop.go:498.2,499.16 2 0
github.com/JungHoonGhae/tossinvest-cli/internal/app/engine/reconcileloop.go:499.16,502.3 2 0
github.com/JungHoonGhae/tossinvest-cli/internal/app/engine/reconcileloop.go:503.2,507.51 4 0
github.com/JungHoonGhae/tossinvest-cli/internal/app/engine/reconcileloop.go:507.51,510.3 2 0
github.com/JungHoonGhae/tossinvest-cli/internal/app/engine/reconcileloop.go:512.2,513.16 2 0
github.com/JungHoonGhae/tossinvest-cli/internal/app/engine/reconcileloop.go:513.16,516.3 2 0
github.com/JungHoonGhae/tossinvest-cli/internal/app/engine/reconcileloop.go:517.2,520.20 4 0
github.com/JungHoonGhae/tossinvest-cli/internal/app/engine/reconcileloop.go:520.20,525.3 1 0
github.com/JungHoonGhae/tossinvest-cli/internal/app/engine/reconcileloop.go:528.2,529.21 2 0
github.com/JungHoonGhae/tossinvest-cli/internal/app/engine/reconcileloop.go:532.58,533.23 1 0
github.com/JungHoonGhae/tossinvest-cli/internal/app/engine/reconcileloop.go:533.23,535.3 1 0
github.com/JungHoonGhae/tossinvest-cli/internal/app/engine/reconcileloop.go:536.2,536.22 1 0
github.com/JungHoonGhae/tossinvest-cli/internal/app/engine/reconcileloop.go:536.22,541.3 2 0
github.com/JungHoonGhae/tossinvest-cli/internal/app/engine/reconcileloop.go:542.2,552.30 1 0
github.com/JungHoonGhae/tossinvest-cli/internal/app/engine/reconcileloop.go:557.55,557.92 1 0
github.com/JungHoonGhae/tossinvest-cli/internal/app/engine/reconcileloop.go:559.67,560.26 1 0
github.com/JungHoonGhae/tossinvest-cli/internal/app/engine/reconcileloop.go:560.26,562.3 1 0
github.com/JungHoonGhae/tossinvest-cli/internal/app/engine/reconcileloop.go:563.2,563.74 1 0
github.com/JungHoonGhae/tossinvest-cli/internal/app/engine/reconcileloop.go:563.74,566.3 1 0
github.com/JungHoonGhae/tossinvest-cli/internal/app/engine/risk_relaxation_command.go:49.91,51.9 2 0
github.com/JungHoonGhae/tossinvest-cli/internal/app/engine/risk_relaxation_command.go:51.9,53.3 1 0
github.com/JungHoonGhae/tossinvest-cli/internal/app/engine/risk_relaxation_command.go:54.2,54.18 1 0
github.com/JungHoonGhae/tossinvest-cli/internal/app/engine/risk_relaxation_command.go:59.99,60.20 1 0
github.com/JungHoonGhae/tossinvest-cli/internal/app/engine/risk_relaxation_command.go:60.20,62.3 1 0
github.com/JungHoonGhae/tossinvest-cli/internal/app/engine/risk_relaxation_command.go:63.2,63.21 1 0
github.com/JungHoonGhae/tossinvest-cli/internal/app/engine/risk_relaxation_command.go:68.77,72.16 4 0
github.com/JungHoonGhae/tossinvest-cli/internal/app/engine/risk_relaxation_command.go:72.16,74.3 1 0
github.com/JungHoonGhae/tossinvest-cli/internal/app/engine/risk_relaxation_command.go:75.2,76.16 2 0
github.com/JungHoonGhae/tossinvest-cli/internal/app/engine/risk_relaxation_command.go:76.16,78.3 1 0
github.com/JungHoonGhae/tossinvest-cli/internal/app/engine/risk_relaxation_command.go:79.2,80.16 2 0
github.com/JungHoonGhae/tossinvest-cli/internal/app/engine/risk_relaxation_command.go:80.16,82.3 1 0
github.com/JungHoonGhae/tossinvest-cli/internal/app/engine/risk_relaxation_command.go:83.2,90.16 3 0
github.com/JungHoonGhae/tossinvest-cli/internal/app/engine/risk_relaxation_command.go:90.16,92.3 1 0
github.com/JungHoonGhae/tossinvest-cli/internal/app/engine/risk_relaxation_command.go:93.2,96.40 3 0
github.com/JungHoonGhae/tossinvest-cli/internal/app/engine/risk_relaxation_command.go:101.73,105.16 4 0
github.com/JungHoonGhae/tossinvest-cli/internal/app/engine/risk_relaxation_command.go:105.16,107.3 1 0
github.com/JungHoonGhae/tossinvest-cli/internal/app/engine/risk_relaxation_command.go:108.2,109.16 2 0
github.com/JungHoonGhae/tossinvest-cli/internal/app/engine/risk_relaxation_command.go:109.16,111.3 1 0
github.com/JungHoonGhae/tossinvest-cli/internal/app/engine/risk_relaxation_command.go:112.2,113.16 2 0
github.com/JungHoonGhae/tossinvest-cli/internal/app/engine/risk_relaxation_command.go:113.16,115.3 1 0
github.com/JungHoonGhae/tossinvest-cli/internal/app/engine/risk_relaxation_command.go:116.2,123.16 3 0
github.com/JungHoonGhae/tossinvest-cli/internal/app/engine/risk_relaxation_command.go:123.16,125.3 1 0
github.com/JungHoonGhae/tossinvest-cli/internal/app/engine/risk_relaxation_command.go:126.2,129.40 3 0
github.com/JungHoonGhae/tossinvest-cli/internal/app/engine/risk_relaxation_command.go:134.74,136.20 2 0
github.com/JungHoonGhae/tossinvest-cli/internal/app/engine/risk_relaxation_command.go:136.20,138.3 1 0
github.com/JungHoonGhae/tossinvest-cli/internal/app/engine/risk_relaxation_command.go:139.2,139.37 1 0
github.com/JungHoonGhae/tossinvest-cli/internal/app/engine/risk_relaxation_command.go:139.37,142.3 1 0
github.com/JungHoonGhae/tossinvest-cli/internal/app/engine/risk_relaxation_command.go:143.2,143.82 1 0
github.com/JungHoonGhae/tossinvest-cli/internal/app/engine/risk_relaxation_command.go:147.39,148.9 1 0
github.com/JungHoonGhae/tossinvest-cli/internal/app/engine/risk_relaxation_command.go:149.54,150.60 1 0
github.com/JungHoonGhae/tossinvest-cli/internal/app/engine/risk_relaxation_command.go:151.60,152.71 1 0
github.com/JungHoonGhae/tossinvest-cli/internal/app/engine/risk_relaxation_command.go:153.59,154.68 1 0
github.com/JungHoonGhae/tossinvest-cli/internal/app/engine/risk_relaxation_command.go:156.45,157.69 1 0
github.com/JungHoonGhae/tossinvest-cli/internal/app/engine/risk_relaxation_command.go:159.2,159.12 1 0
github.com/JungHoonGhae/tossinvest-cli/internal/app/engine/risk_relaxation_command.go:171.65,173.20 2 0
github.com/JungHoonGhae/tossinvest-cli/internal/app/engine/risk_relaxation_command.go:173.20,177.3 2 0
github.com/JungHoonGhae/tossinvest-cli/internal/app/engine/risk_relaxation_command.go:178.2,190.16 2 0
github.com/JungHoonGhae/tossinvest-cli/internal/app/engine/risk_relaxation_command.go:190.16,193.3 2 0
github.com/JungHoonGhae/tossinvest-cli/internal/app/engine/risk_relaxation_command.go:194.2,195.15 2 0
github.com/JungHoonGhae/tossinvest-cli/internal/app/engine/risk_relaxation_transport.go:35.49,40.2 2 1
github.com/JungHoonGhae/tossinvest-cli/internal/app/engine/risk_relaxation_transport.go:43.60,44.54 1 1
github.com/JungHoonGhae/tossinvest-cli/internal/app/engine/risk_relaxation_transport.go:44.54,45.34 1 0
github.com/JungHoonGhae/tossinvest-cli/internal/app/engine/risk_relaxation_transport.go:45.34,48.4 2 0
github.com/JungHoonGhae/tossinvest-cli/internal/app/engine/risk_relaxation_transport.go:49.3,50.52 2 0
github.com/JungHoonGhae/tossinvest-cli/internal/app/engine/risk_relaxation_transport.go:50.52,53.4 2 0
github.com/JungHoonGhae/tossinvest-cli/internal/app/engine/risk_relaxation_transport.go:54.3,56.17 3 0
github.com/JungHoonGhae/tossinvest-cli/internal/app/engine/risk_relaxation_transport.go:56.17,59.4 2 0
github.com/JungHoonGhae/tossinvest-cli/internal/app/engine/risk_relaxation_transport.go:60.3,60.48 1 0
github.com/JungHoonGhae/tossinvest-cli/internal/app/engine/risk_relaxation_transport.go:60.48,63.4 2 0
github.com/JungHoonGhae/tossinvest-cli/internal/app/engine/risk_relaxation_transport.go:64.3,67.46 4 0
github.com/JungHoonGhae/tossinvest-cli/internal/app/engine/risk_relaxation_transport.go:67.46,70.4 2 0
github.com/JungHoonGhae/tossinvest-cli/internal/app/engine/risk_relaxation_transport.go:71.3,72.64 2 0
github.com/JungHoonGhae/tossinvest-cli/internal/app/engine/risk_relaxation_transport.go:72.64,75.4 2 0
github.com/JungHoonGhae/tossinvest-cli/internal/app/engine/risk_relaxation_transport.go:76.3,77.17 2 0
github.com/JungHoonGhae/tossinvest-cli/internal/app/engine/risk_relaxation_transport.go:77.17,80.4 2 0
github.com/JungHoonGhae/tossinvest-cli/internal/app/engine/risk_relaxation_transport.go:82.3,82.41 1 0
github.com/JungHoonGhae/tossinvest-cli/internal/app/engine/risk_relaxation_transport.go:86.68,88.9 2 0
github.com/JungHoonGhae/tossinvest-cli/internal/app/engine/risk_relaxation_transport.go:89.56,90.50 1 0
github.com/JungHoonGhae/tossinvest-cli/internal/app/engine/risk_relaxation_transport.go:91.47,92.56 1 0
github.com/JungHoonGhae/tossinvest-cli/internal/app/engine/risk_relaxation_transport.go:93.55,94.55 1 0
github.com/JungHoonGhae/tossinvest-cli/internal/app/engine/risk_relaxation_transport.go:95.58,96.68 1 0
github.com/JungHoonGhae/tossinvest-cli/internal/app/engine/risk_relaxation_transport.go:97.49,98.54 1 0
github.com/JungHoonGhae/tossinvest-cli/internal/app/engine/risk_relaxation_transport.go:100.2,100.45 1 0
github.com/JungHoonGhae/tossinvest-cli/internal/app/engine/runtime.go:191.56,192.26 1 0
github.com/JungHoonGhae/tossinvest-cli/internal/app/engine/runtime.go:192.26,195.3 1 0
github.com/JungHoonGhae/tossinvest-cli/internal/app/engine/runtime.go:196.2,197.34 2 0
github.com/JungHoonGhae/tossinvest-cli/internal/app/engine/runtime.go:197.34,199.10 2 0
github.com/JungHoonGhae/tossinvest-cli/internal/app/engine/runtime.go:200.19,202.49 1 0
github.com/JungHoonGhae/tossinvest-cli/internal/app/engine/runtime.go:203.19,204.102 1 0
github.com/JungHoonGhae/tossinvest-cli/internal/app/engine/runtime.go:205.24,206.94 1 0
github.com/JungHoonGhae/tossinvest-cli/internal/app/engine/runtime.go:208.3,209.25 2 0
github.com/JungHoonGhae/tossinvest-cli/internal/app/engine/runtime.go:209.25,210.12 1 0
github.com/JungHoonGhae/tossinvest-cli/internal/app/engine/runtime.go:212.3,212.46 1 0
github.com/JungHoonGhae/tossinvest-cli/internal/app/engine/runtime.go:212.46,216.4 1 0
github.com/JungHoonGhae/tossinvest-cli/internal/app/engine/runtime.go:217.3,217.47 1 0
github.com/JungHoonGhae/tossinvest-cli/internal/app/engine/runtime.go:217.47,220.4 1 0
github.com/JungHoonGhae/tossinvest-cli/internal/app/engine/runtime.go:227.2,227.37 1 0
github.com/JungHoonGhae/tossinvest-cli/internal/app/engine/runtime.go:227.37,229.10 2 0
github.com/JungHoonGhae/tossinvest-cli/internal/app/engine/runtime.go:230.19,232.50 1 0
github.com/JungHoonGhae/tossinvest-cli/internal/app/engine/runtime.go:233.19,235.33 1 0
github.com/JungHoonGhae/tossinvest-cli/internal/app/engine/runtime.go:236.23,237.98 1 0
github.com/JungHoonGhae/tossinvest-cli/internal/app/engine/runtime.go:239.3,239.20 1 0
github.com/JungHoonGhae/tossinvest-cli/internal/app/engine/runtime.go:242.2,249.18 2 0
github.com/JungHoonGhae/tossinvest-cli/internal/app/engine/runtime.go:249.18,251.3 1 0
github.com/JungHoonGhae/tossinvest-cli/internal/app/engine/runtime.go:252.2,252.22 1 0
github.com/JungHoonGhae/tossinvest-cli/internal/app/engine/runtime.go:252.22,254.3 1 0
github.com/JungHoonGhae/tossinvest-cli/internal/app/engine/runtime.go:255.2,255.21 1 0
github.com/JungHoonGhae/tossinvest-cli/internal/app/engine/runtime.go:255.21,257.3 1 0
github.com/JungHoonGhae/tossinvest-cli/internal/app/engine/runtime.go:258.2,258.15 1 0
github.com/JungHoonGhae/tossinvest-cli/internal/app/engine/runtime.go:263.40,265.36 2 0
github.com/JungHoonGhae/tossinvest-cli/internal/app/engine/runtime.go:265.36,267.3 1 0
github.com/JungHoonGhae/tossinvest-cli/internal/app/engine/runtime.go:268.2,268.12 1 0
github.com/JungHoonGhae/tossinvest-cli/internal/app/engine/runtime.go:288.50,289.27 1 0
github.com/JungHoonGhae/tossinvest-cli/internal/app/engine/runtime.go:289.27,294.45 1 0
github.com/JungHoonGhae/tossinvest-cli/internal/app/engine/runtime.go:294.45,296.4 1 0
github.com/JungHoonGhae/tossinvest-cli/internal/app/engine/runtime.go:299.2,304.36 5 0
github.com/JungHoonGhae/tossinvest-cli/internal/app/engine/runtime.go:304.36,306.32 2 0
github.com/JungHoonGhae/tossinvest-cli/internal/app/engine/runtime.go:306.32,309.4 2 0
github.com/JungHoonGhae/tossinvest-cli/internal/app/engine/runtime.go:322.2,322.39 1 0
github.com/JungHoonGhae/tossinvest-cli/internal/app/engine/runtime.go:322.39,324.34 2 0
github.com/JungHoonGhae/tossinvest-cli/internal/app/engine/runtime.go:324.34,329.4 2 0
github.com/JungHoonGhae/tossinvest-cli/internal/app/engine/runtime.go:332.2,335.12 4 0
github.com/JungHoonGhae/tossinvest-cli/internal/app/engine/runtime.go:335.12,338.3 2 0
github.com/JungHoonGhae/tossinvest-cli/internal/app/engine/runtime.go:344.2,351.36 7 0
github.com/JungHoonGhae/tossinvest-cli/internal/app/engine/runtime.go:351.36,356.3 2 0
github.com/JungHoonGhae/tossinvest-cli/internal/app/engine/runtime.go:362.2,378.16 4 0
github.com/JungHoonGhae/tossinvest-cli/internal/app/engine/runtime.go:387.69,390.2 2 0
github.com/JungHoonGhae/tossinvest-cli/internal/app/engine/runtime.go:393.78,394.6 1 0
github.com/JungHoonGhae/tossinvest-cli/internal/app/engine/runtime.go:394.6,395.10 1 0
github.com/JungHoonGhae/tossinvest-cli/internal/app/engine/runtime.go:396.15,397.10 1 0
github.com/JungHoonGhae/tossinvest-cli/internal/app/engine/runtime.go:398.21,399.10 1 0
github.com/JungHoonGhae/tossinvest-cli/internal/app/engine/runtime.go:400.11,400.11 0 0
github.com/JungHoonGhae/tossinvest-cli/internal/app/engine/runtime.go:402.3,403.54 2 0
github.com/JungHoonGhae/tossinvest-cli/internal/app/engine/runtime.go:403.54,405.4 1 0
github.com/JungHoonGhae/tossinvest-cli/internal/app/engine/runtime.go:415.52,416.36 1 0
github.com/JungHoonGhae/tossinvest-cli/internal/app/engine/runtime.go:416.36,417.25 1 0
github.com/JungHoonGhae/tossinvest-cli/internal/app/engine/runtime.go:417.25,418.12 1 0
github.com/JungHoonGhae/tossinvest-cli/internal/app/engine/runtime.go:420.3,421.32 2 0
github.com/JungHoonGhae/tossinvest-cli/internal/app/engine/runtime.go:421.32,422.24 1 0
github.com/JungHoonGhae/tossinvest-cli/internal/app/engine/runtime.go:422.24,427.5 1 0
github.com/JungHoonGhae/tossinvest-cli/internal/app/engine/runtime.go:428.4,428.12 1 0
github.com/JungHoonGhae/tossinvest-cli/internal/app/engine/runtime.go:430.3,430.30 1 0
github.com/JungHoonGhae/tossinvest-cli/internal/app/engine/runtime.go:430.30,431.12 1 0
github.com/JungHoonGhae/tossinvest-cli/internal/app/engine/runtime.go:433.3,433.37 1 0
github.com/JungHoonGhae/tossinvest-cli/internal/app/engine/runtime.go:442.87,459.74 2 0
github.com/JungHoonGhae/tossinvest-cli/internal/app/engine/runtime.go:459.74,461.3 1 0
github.com/JungHoonGhae/tossinvest-cli/internal/app/engine/runtime.go:462.2,463.69 2 0
github.com/JungHoonGhae/tossinvest-cli/internal/app/engine/runtime.go:463.69,471.3 2 0
github.com/JungHoonGhae/tossinvest-cli/internal/app/engine/runtime.go:472.2,472.16 1 0
github.com/JungHoonGhae/tossinvest-cli/internal/app/engine/runtime.go:472.16,478.3 2 0
github.com/JungHoonGhae/tossinvest-cli/internal/app/engine/runtime.go:479.2,481.92 1 0
github.com/JungHoonGhae/tossinvest-cli/internal/app/engine/runtime.go:484.47,487.23 3 0
github.com/JungHoonGhae/tossinvest-cli/internal/app/engine/runtime.go:487.23,489.3 1 0
github.com/JungHoonGhae/tossinvest-cli/internal/app/engine/runtime.go:490.2,491.13 2 0
github.com/JungHoonGhae/tossinvest-cli/internal/app/engine/runtime.go:494.43,498.2 3 0
github.com/JungHoonGhae/tossinvest-cli/internal/app/engine/runtime.go:500.59,501.26 1 0
github.com/JungHoonGhae/tossinvest-cli/internal/app/engine/runtime.go:501.26,503.3 1 0
github.com/JungHoonGhae/tossinvest-cli/internal/app/engine/runtime.go:507.2,509.58 3 0
github.com/JungHoonGhae/tossinvest-cli/internal/app/engine/runtime.go:509.58,511.3 1 0
github.com/JungHoonGhae/tossinvest-cli/internal/app/engine/runtime.go:519.64,520.23 1 0
github.com/JungHoonGhae/tossinvest-cli/internal/app/engine/runtime.go:520.23,522.3 1 0
github.com/JungHoonGhae/tossinvest-cli/internal/app/engine/runtime.go:523.2,524.10 2 0
github.com/JungHoonGhae/tossinvest-cli/internal/app/engine/runtime.go:524.10,527.3 2 0
github.com/JungHoonGhae/tossinvest-cli/internal/app/engine/runtime.go:528.2,528.30 1 0
github.com/JungHoonGhae/tossinvest-cli/internal/app/engine/runtime.go:532.36,534.6 2 0
github.com/JungHoonGhae/tossinvest-cli/internal/app/engine/runtime.go:534.6,535.10 1 0
github.com/JungHoonGhae/tossinvest-cli/internal/app/engine/runtime.go:536.21,537.24 1 0
github.com/JungHoonGhae/tossinvest-cli/internal/app/engine/runtime.go:538.11,539.14 1 0
github.com/JungHoonGhae/tossinvest-cli/internal/app/engine/runtime.go:544.37,546.26 2 0
github.com/JungHoonGhae/tossinvest-cli/internal/app/engine/runtime.go:546.26,548.3 1 0
github.com/JungHoonGhae/tossinvest-cli/internal/app/engine/runtime.go:549.2,550.12 2 0
github.com/JungHoonGhae/tossinvest-cli/internal/app/engine/runtime.go:556.33,557.16 1 0
github.com/JungHoonGhae/tossinvest-cli/internal/app/engine/runtime.go:557.16,559.3 1 0
github.com/JungHoonGhae/tossinvest-cli/internal/app/engine/runtime.go:560.2,560.20 1 0
github.com/JungHoonGhae/tossinvest-cli/internal/app/engine/runtime_wiring.go:59.81,61.2 1 0
github.com/JungHoonGhae/tossinvest-cli/internal/app/engine/runtime_wiring.go:66.89,68.16 2 0
github.com/JungHoonGhae/tossinvest-cli/internal/app/engine/runtime_wiring.go:68.16,70.3 1 0
github.com/JungHoonGhae/tossinvest-cli/internal/app/engine/runtime_wiring.go:71.2,72.26 2 0
github.com/JungHoonGhae/tossinvest-cli/internal/app/engine/runtime_wiring.go:72.26,80.3 1 0
github.com/JungHoonGhae/tossinvest-cli/internal/app/engine/runtime_wiring.go:81.2,81.17 1 0
github.com/JungHoonGhae/tossinvest-cli/internal/app/engine/runtime_wiring.go:86.90,88.16 2 0
github.com/JungHoonGhae/tossinvest-cli/internal/app/engine/runtime_wiring.go:88.16,90.3 1 0
github.com/JungHoonGhae/tossinvest-cli/internal/app/engine/runtime_wiring.go:91.2,91.32 1 0
github.com/JungHoonGhae/tossinvest-cli/internal/app/engine/runtime_wiring.go:102.47,102.89 1 0
github.com/JungHoonGhae/tossinvest-cli/internal/app/engine/runtime_wiring.go:109.49,111.20 2 0
github.com/JungHoonGhae/tossinvest-cli/internal/app/engine/runtime_wiring.go:111.20,113.3 1 0
github.com/JungHoonGhae/tossinvest-cli/internal/app/engine/runtime_wiring.go:114.2,114.27 1 0
github.com/JungHoonGhae/tossinvest-cli/internal/app/engine/runtime_wiring.go:128.75,129.16 1 0
github.com/JungHoonGhae/tossinvest-cli/internal/app/engine/runtime_wiring.go:129.16,131.3 1 0
github.com/JungHoonGhae/tossinvest-cli/internal/app/engine/runtime_wiring.go:132.2,139.3 1 0
github.com/JungHoonGhae/tossinvest-cli/internal/app/engine/runtime_wiring.go:175.81,176.73 1 0
github.com/JungHoonGhae/tossinvest-cli/internal/app/engine/runtime_wiring.go:176.73,178.3 1 0
github.com/JungHoonGhae/tossinvest-cli/internal/app/engine/runtime_wiring.go:179.2,179.23 1 0
github.com/JungHoonGhae/tossinvest-cli/internal/app/engine/runtime_wiring.go:179.23,181.3 1 0
github.com/JungHoonGhae/tossinvest-cli/internal/app/engine/runtime_wiring.go:182.2,189.23 7 0
github.com/JungHoonGhae/tossinvest-cli/internal/app/engine/runtime_wiring.go:189.23,191.3 1 0
github.com/JungHoonGhae/tossinvest-cli/internal/app/engine/runtime_wiring.go:192.2,193.43 2 0
github.com/JungHoonGhae/tossinvest-cli/internal/app/engine/runtime_wiring.go:193.43,195.22 2 0
github.com/JungHoonGhae/tossinvest-cli/internal/app/engine/runtime_wiring.go:195.22,197.4 1 0
github.com/JungHoonGhae/tossinvest-cli/internal/app/engine/runtime_wiring.go:198.3,198.64 1 0
github.com/JungHoonGhae/tossinvest-cli/internal/app/engine/runtime_wiring.go:200.2,201.16 2 0
github.com/JungHoonGhae/tossinvest-cli/internal/app/engine/runtime_wiring.go:201.16,203.3 1 0
github.com/JungHoonGhae/tossinvest-cli/internal/app/engine/runtime_wiring.go:204.2,204.17 1 0
github.com/JungHoonGhae/tossinvest-cli/internal/app/engine/runtime_wiring.go:252.48,253.61 1 0
github.com/JungHoonGhae/tossinvest-cli/internal/app/engine/runtime_wiring.go:253.61,255.3 1 0
github.com/JungHoonGhae/tossinvest-cli/internal/app/engine/runtime_wiring.go:256.2,257.37 2 0
github.com/JungHoonGhae/tossinvest-cli/internal/app/engine/runtime_wiring.go:257.37,258.33 1 0
github.com/JungHoonGhae/tossinvest-cli/internal/app/engine/runtime_wiring.go:258.33,260.4 1 0
github.com/JungHoonGhae/tossinvest-cli/internal/app/engine/runtime_wiring.go:262.2,262.19 1 0
github.com/JungHoonGhae/tossinvest-cli/internal/app/engine/runtime_wiring.go:262.19,264.3 1 0
github.com/JungHoonGhae/tossinvest-cli/internal/app/engine/runtime_wiring.go:265.2,265.44 1 0
github.com/JungHoonGhae/tossinvest-cli/internal/app/engine/runtime_wiring.go:271.39,272.18 1 0
github.com/JungHoonGhae/tossinvest-cli/internal/app/engine/runtime_wiring.go:272.18,274.3 1 0
github.com/JungHoonGhae/tossinvest-cli/internal/app/engine/runtime_wiring.go:275.2,275.23 1 0
github.com/JungHoonGhae/tossinvest-cli/internal/app/engine/strategy_account_first_leg_authority.go:55.104,56.32 1 0
github.com/JungHoonGhae/tossinvest-cli/internal/app/engine/strategy_account_first_leg_authority.go:56.32,58.3 1 0
github.com/JungHoonGhae/tossinvest-cli/internal/app/engine/strategy_account_first_leg_authority.go:59.2,59.32 1 0
github.com/JungHoonGhae/tossinvest-cli/internal/app/engine/strategy_account_first_leg_authority.go:59.32,61.3 1 0
github.com/JungHoonGhae/tossinvest-cli/internal/app/engine/strategy_account_first_leg_authority.go:62.2,62.94 1 0
github.com/JungHoonGhae/tossinvest-cli/internal/app/engine/strategy_account_first_leg_authority.go:78.106,79.32 1 1
github.com/JungHoonGhae/tossinvest-cli/internal/app/engine/strategy_account_first_leg_authority.go:79.32,81.3 1 1
github.com/JungHoonGhae/tossinvest-cli/internal/app/engine/strategy_account_first_leg_authority.go:82.2,82.32 1 0
github.com/JungHoonGhae/tossinvest-cli/internal/app/engine/strategy_account_first_leg_authority.go:82.32,84.3 1 0
github.com/JungHoonGhae/tossinvest-cli/internal/app/engine/strategy_account_first_leg_authority.go:85.2,85.55 1 0
github.com/JungHoonGhae/tossinvest-cli/internal/app/engine/strategy_account_first_leg_authority.go:88.83,90.2 1 0
github.com/JungHoonGhae/tossinvest-cli/internal/app/engine/strategy_account_first_leg_authority.go:103.169,104.19 1 1
github.com/JungHoonGhae/tossinvest-cli/internal/app/engine/strategy_account_first_leg_authority.go:104.19,106.3 1 0
github.com/JungHoonGhae/tossinvest-cli/internal/app/engine/strategy_account_first_leg_authority.go:107.2,109.106 3 1
github.com/JungHoonGhae/tossinvest-cli/internal/app/engine/strategy_account_first_leg_authority.go:109.106,111.3 1 0
github.com/JungHoonGhae/tossinvest-cli/internal/app/engine/strategy_account_first_leg_authority.go:112.2,116.137 1 1
github.com/JungHoonGhae/tossinvest-cli/internal/app/engine/strategy_account_first_leg_authority.go:119.146,120.113 1 1
github.com/JungHoonGhae/tossinvest-cli/internal/app/engine/strategy_account_first_leg_authority.go:120.113,122.3 1 0
github.com/JungHoonGhae/tossinvest-cli/internal/app/engine/strategy_account_first_leg_authority.go:123.2,128.78 3 1
github.com/JungHoonGhae/tossinvest-cli/internal/app/engine/strategy_account_first_leg_authority.go:128.78,130.13 2 1
github.com/JungHoonGhae/tossinvest-cli/internal/app/engine/strategy_account_first_leg_authority.go:130.13,132.11 2 1
github.com/JungHoonGhae/tossinvest-cli/internal/app/engine/strategy_account_first_leg_authority.go:132.11,133.18 1 1
github.com/JungHoonGhae/tossinvest-cli/internal/app/engine/strategy_account_first_leg_authority.go:133.18,134.26 1 1
github.com/JungHoonGhae/tossinvest-cli/internal/app/engine/strategy_account_first_leg_authority.go:134.26,136.7 1 0
github.com/JungHoonGhae/tossinvest-cli/internal/app/engine/strategy_account_first_leg_authority.go:138.5,138.75 1 1
github.com/JungHoonGhae/tossinvest-cli/internal/app/engine/strategy_account_first_leg_authority.go:140.4,140.53 1 1
github.com/JungHoonGhae/tossinvest-cli/internal/app/engine/strategy_account_first_leg_authority.go:143.2,144.14 2 1
github.com/JungHoonGhae/tossinvest-cli/internal/app/engine/strategy_account_first_leg_authority.go:144.14,146.40 2 1
github.com/JungHoonGhae/tossinvest-cli/internal/app/engine/strategy_account_first_leg_authority.go:146.40,148.4 1 1
github.com/JungHoonGhae/tossinvest-cli/internal/app/engine/strategy_account_first_leg_authority.go:148.9,150.4 1 1
github.com/JungHoonGhae/tossinvest-cli/internal/app/engine/strategy_account_first_leg_authority.go:152.2,152.13 1 1
github.com/JungHoonGhae/tossinvest-cli/internal/app/engine/strategy_account_first_leg_authority.go:155.178,156.76 1 1
github.com/JungHoonGhae/tossinvest-cli/internal/app/engine/strategy_account_first_leg_authority.go:156.76,158.3 1 0
github.com/JungHoonGhae/tossinvest-cli/internal/app/engine/strategy_account_first_leg_authority.go:161.2,162.139 2 1
github.com/JungHoonGhae/tossinvest-cli/internal/app/engine/strategy_account_first_leg_authority.go:162.139,164.3 1 0
github.com/JungHoonGhae/tossinvest-cli/internal/app/engine/strategy_account_first_leg_authority.go:165.2,165.122 1 1
github.com/JungHoonGhae/tossinvest-cli/internal/app/engine/strategy_account_first_leg_authority.go:165.122,167.3 1 0
github.com/JungHoonGhae/tossinvest-cli/internal/app/engine/strategy_account_first_leg_authority.go:168.2,169.32 2 1
github.com/JungHoonGhae/tossinvest-cli/internal/app/engine/strategy_account_first_leg_authority.go:169.32,171.3 1 1
github.com/JungHoonGhae/tossinvest-cli/internal/app/engine/strategy_account_first_leg_authority.go:172.2,173.41 2 1
github.com/JungHoonGhae/tossinvest-cli/internal/app/engine/strategy_account_first_leg_authority.go:173.41,178.38 4 1
github.com/JungHoonGhae/tossinvest-cli/internal/app/engine/strategy_account_first_leg_authority.go:178.38,183.11 3 1
github.com/JungHoonGhae/tossinvest-cli/internal/app/engine/strategy_account_first_leg_authority.go:184.20,187.43 2 0
github.com/JungHoonGhae/tossinvest-cli/internal/app/engine/strategy_account_first_leg_authority.go:187.43,189.6 1 0
github.com/JungHoonGhae/tossinvest-cli/internal/app/engine/strategy_account_first_leg_authority.go:190.101,191.109 1 1
github.com/JungHoonGhae/tossinvest-cli/internal/app/engine/strategy_account_first_leg_authority.go:192.12,193.109 1 0
github.com/JungHoonGhae/tossinvest-cli/internal/app/engine/strategy_account_first_leg_authority.go:196.3,196.34 1 1
github.com/JungHoonGhae/tossinvest-cli/internal/app/engine/strategy_account_first_leg_authority.go:198.2,198.56 1 1
github.com/JungHoonGhae/tossinvest-cli/internal/app/engine/strategy_account_first_leg_authority.go:203.132,204.31 1 1
github.com/JungHoonGhae/tossinvest-cli/internal/app/engine/strategy_account_first_leg_authority.go:204.31,205.19 1 1
github.com/JungHoonGhae/tossinvest-cli/internal/app/engine/strategy_account_first_leg_authority.go:205.19,206.12 1 0
github.com/JungHoonGhae/tossinvest-cli/internal/app/engine/strategy_account_first_leg_authority.go:208.3,211.22 3 1
github.com/JungHoonGhae/tossinvest-cli/internal/app/engine/strategy_account_first_leg_authority.go:211.22,213.32 2 1
github.com/JungHoonGhae/tossinvest-cli/internal/app/engine/strategy_account_first_leg_authority.go:213.32,214.19 1 1
github.com/JungHoonGhae/tossinvest-cli/internal/app/engine/strategy_account_first_leg_authority.go:214.19,216.6 1 1
github.com/JungHoonGhae/tossinvest-cli/internal/app/engine/strategy_account_first_leg_authority.go:218.4,218.53 1 1
github.com/JungHoonGhae/tossinvest-cli/internal/app/engine/strategy_account_first_leg_authority.go:220.3,222.68 1 1
github.com/JungHoonGhae/tossinvest-cli/internal/app/engine/strategy_account_first_leg_authority.go:224.2,225.22 2 0
github.com/JungHoonGhae/tossinvest-cli/internal/app/engine/strategy_account_first_leg_authority.go:225.22,227.3 1 0
github.com/JungHoonGhae/tossinvest-cli/internal/app/engine/strategy_account_first_leg_authority.go:228.2,228.144 1 0
github.com/JungHoonGhae/tossinvest-cli/internal/app/engine/strategy_account_first_leg_authority.go:232.80,234.41 2 0
github.com/JungHoonGhae/tossinvest-cli/internal/app/engine/strategy_account_first_leg_authority.go:234.41,235.106 1 0
github.com/JungHoonGhae/tossinvest-cli/internal/app/engine/strategy_account_first_leg_authority.go:235.106,237.4 1 0
github.com/JungHoonGhae/tossinvest-cli/internal/app/engine/strategy_account_first_leg_authority.go:239.2,239.17 1 0
github.com/JungHoonGhae/tossinvest-cli/internal/app/engine/strategy_account_first_leg_authority.go:243.121,244.41 1 1
github.com/JungHoonGhae/tossinvest-cli/internal/app/engine/strategy_account_first_leg_authority.go:244.41,245.38 1 1
github.com/JungHoonGhae/tossinvest-cli/internal/app/engine/strategy_account_first_leg_authority.go:245.38,247.4 1 1
github.com/JungHoonGhae/tossinvest-cli/internal/app/engine/strategy_account_first_leg_authority.go:249.2,249.43 1 0
github.com/JungHoonGhae/tossinvest-cli/internal/app/engine/strategy_account_first_leg_authority.go:252.113,253.70 1 0
github.com/JungHoonGhae/tossinvest-cli/internal/app/engine/strategy_account_first_leg_authority.go:253.70,255.3 1 0
github.com/JungHoonGhae/tossinvest-cli/internal/app/engine/strategy_account_first_leg_authority.go:256.2,256.121 1 0
github.com/JungHoonGhae/tossinvest-cli/internal/app/engine/strategy_account_first_leg_authority.go:259.74,260.19 1 0
github.com/JungHoonGhae/tossinvest-cli/internal/app/engine/strategy_account_first_leg_authority.go:260.19,262.3 1 0
github.com/JungHoonGhae/tossinvest-cli/internal/app/engine/strategy_account_first_leg_authority.go:263.2,263.26 1 0
github.com/JungHoonGhae/tossinvest-cli/internal/app/engine/strategy_account_first_leg_authority.go:280.46,286.2 1 1
github.com/JungHoonGhae/tossinvest-cli/internal/app/engine/strategy_account_first_leg_authority.go:288.194,289.105 1 1
github.com/JungHoonGhae/tossinvest-cli/internal/app/engine/strategy_account_first_leg_authority.go:289.105,291.3 1 0
github.com/JungHoonGhae/tossinvest-cli/internal/app/engine/strategy_account_first_leg_authority.go:292.2,296.66 3 1
github.com/JungHoonGhae/tossinvest-cli/internal/app/engine/strategy_account_first_leg_authority.go:296.66,298.3 1 0
github.com/JungHoonGhae/tossinvest-cli/internal/app/engine/strategy_account_first_leg_authority.go:301.2,302.13 2 1
github.com/JungHoonGhae/tossinvest-cli/internal/app/engine/strategy_account_first_leg_authority.go:302.13,304.3 1 0
github.com/JungHoonGhae/tossinvest-cli/internal/app/engine/strategy_account_first_leg_authority.go:305.2,306.146 2 1
github.com/JungHoonGhae/tossinvest-cli/internal/app/engine/strategy_account_first_leg_authority.go:306.146,308.3 1 0
github.com/JungHoonGhae/tossinvest-cli/internal/app/engine/strategy_account_first_leg_authority.go:311.2,311.75 1 1
github.com/JungHoonGhae/tossinvest-cli/internal/app/engine/strategy_account_first_leg_authority.go:311.75,313.3 1 0
github.com/JungHoonGhae/tossinvest-cli/internal/app/engine/strategy_account_first_leg_authority.go:317.2,318.12 2 1
github.com/JungHoonGhae/tossinvest-cli/internal/app/engine/strategy_account_first_leg_authority.go:318.12,320.3 1 0
github.com/JungHoonGhae/tossinvest-cli/internal/app/engine/strategy_account_first_leg_authority.go:323.2,324.17 2 1
github.com/JungHoonGhae/tossinvest-cli/internal/app/engine/strategy_account_first_leg_authority.go:324.17,326.18 2 1
github.com/JungHoonGhae/tossinvest-cli/internal/app/engine/strategy_account_first_leg_authority.go:326.18,328.4 1 1
github.com/JungHoonGhae/tossinvest-cli/internal/app/engine/strategy_account_first_leg_authority.go:329.3,329.154 1 1
github.com/JungHoonGhae/tossinvest-cli/internal/app/engine/strategy_account_first_leg_authority.go:331.2,332.20 2 1
github.com/JungHoonGhae/tossinvest-cli/internal/app/engine/strategy_account_first_leg_authority.go:332.20,336.3 1 0
github.com/JungHoonGhae/tossinvest-cli/internal/app/engine/strategy_account_first_leg_authority.go:338.2,339.20 2 1
github.com/JungHoonGhae/tossinvest-cli/internal/app/engine/strategy_account_first_leg_authority.go:339.20,341.3 1 0
github.com/JungHoonGhae/tossinvest-cli/internal/app/engine/strategy_account_first_leg_authority.go:342.2,344.147 2 1
github.com/JungHoonGhae/tossinvest-cli/internal/app/engine/strategy_account_first_leg_authority.go:344.147,346.3 1 0
github.com/JungHoonGhae/tossinvest-cli/internal/app/engine/strategy_account_first_leg_authority.go:347.2,349.65 2 1
github.com/JungHoonGhae/tossinvest-cli/internal/app/engine/strategy_account_first_leg_authority.go:349.65,351.3 1 0
github.com/JungHoonGhae/tossinvest-cli/internal/app/engine/strategy_account_first_leg_authority.go:352.2,355.32 4 1
github.com/JungHoonGhae/tossinvest-cli/internal/app/engine/strategy_account_first_leg_authority.go:355.32,362.3 3 1
github.com/JungHoonGhae/tossinvest-cli/internal/app/engine/strategy_account_first_leg_authority.go:363.2,366.38 4 1
github.com/JungHoonGhae/tossinvest-cli/internal/app/engine/strategy_account_first_leg_authority.go:366.38,368.3 1 0
github.com/JungHoonGhae/tossinvest-cli/internal/app/engine/strategy_account_first_leg_authority.go:369.2,373.83 5 1
github.com/JungHoonGhae/tossinvest-cli/internal/app/engine/strategy_account_first_leg_authority.go:373.83,375.105 2 1
github.com/JungHoonGhae/tossinvest-cli/internal/app/engine/strategy_account_first_leg_authority.go:375.105,377.4 1 0
github.com/JungHoonGhae/tossinvest-cli/internal/app/engine/strategy_account_first_leg_authority.go:378.3,379.24 2 1
github.com/JungHoonGhae/tossinvest-cli/internal/app/engine/strategy_account_first_leg_authority.go:379.24,381.4 1 0
github.com/JungHoonGhae/tossinvest-cli/internal/app/engine/strategy_account_first_leg_authority.go:382.3,382.140 1 1
github.com/JungHoonGhae/tossinvest-cli/internal/app/engine/strategy_account_first_leg_authority.go:384.2,396.138 2 1
github.com/JungHoonGhae/tossinvest-cli/internal/app/engine/strategy_account_first_leg_authority.go:399.143,404.2 3 1
github.com/JungHoonGhae/tossinvest-cli/internal/app/engine/strategy_candidate_authority.go:49.108,50.32 1 0
github.com/JungHoonGhae/tossinvest-cli/internal/app/engine/strategy_candidate_authority.go:50.32,52.3 1 0
github.com/JungHoonGhae/tossinvest-cli/internal/app/engine/strategy_candidate_authority.go:53.2,53.32 1 0
github.com/JungHoonGhae/tossinvest-cli/internal/app/engine/strategy_candidate_authority.go:53.32,55.3 1 0
github.com/JungHoonGhae/tossinvest-cli/internal/app/engine/strategy_candidate_authority.go:56.2,56.98 1 0
github.com/JungHoonGhae/tossinvest-cli/internal/app/engine/strategy_candidate_authority.go:71.110,72.32 1 1
github.com/JungHoonGhae/tossinvest-cli/internal/app/engine/strategy_candidate_authority.go:72.32,74.3 1 1
github.com/JungHoonGhae/tossinvest-cli/internal/app/engine/strategy_candidate_authority.go:75.2,75.32 1 1
github.com/JungHoonGhae/tossinvest-cli/internal/app/engine/strategy_candidate_authority.go:75.32,77.3 1 1
github.com/JungHoonGhae/tossinvest-cli/internal/app/engine/strategy_candidate_authority.go:78.2,78.57 1 0
github.com/JungHoonGhae/tossinvest-cli/internal/app/engine/strategy_candidate_authority.go:81.87,83.2 1 0
github.com/JungHoonGhae/tossinvest-cli/internal/app/engine/strategy_candidate_authority.go:93.133,94.19 1 0
github.com/JungHoonGhae/tossinvest-cli/internal/app/engine/strategy_candidate_authority.go:94.19,96.3 1 0
github.com/JungHoonGhae/tossinvest-cli/internal/app/engine/strategy_candidate_authority.go:97.2,103.3 1 0
github.com/JungHoonGhae/tossinvest-cli/internal/app/engine/strategy_candidate_authority.go:106.149,107.65 1 0
github.com/JungHoonGhae/tossinvest-cli/internal/app/engine/strategy_candidate_authority.go:107.65,109.3 1 0
github.com/JungHoonGhae/tossinvest-cli/internal/app/engine/strategy_candidate_authority.go:110.2,115.78 3 0
github.com/JungHoonGhae/tossinvest-cli/internal/app/engine/strategy_candidate_authority.go:115.78,117.13 2 0
github.com/JungHoonGhae/tossinvest-cli/internal/app/engine/strategy_candidate_authority.go:117.13,120.11 2 0
github.com/JungHoonGhae/tossinvest-cli/internal/app/engine/strategy_candidate_authority.go:120.11,121.18 1 0
github.com/JungHoonGhae/tossinvest-cli/internal/app/engine/strategy_candidate_authority.go:121.18,122.26 1 0
github.com/JungHoonGhae/tossinvest-cli/internal/app/engine/strategy_candidate_authority.go:122.26,125.7 1 0
github.com/JungHoonGhae/tossinvest-cli/internal/app/engine/strategy_candidate_authority.go:127.5,127.88 1 0
github.com/JungHoonGhae/tossinvest-cli/internal/app/engine/strategy_candidate_authority.go:129.4,129.58 1 0
github.com/JungHoonGhae/tossinvest-cli/internal/app/engine/strategy_candidate_authority.go:132.2,133.37 2 0
github.com/JungHoonGhae/tossinvest-cli/internal/app/engine/strategy_candidate_authority.go:133.37,135.40 2 0
github.com/JungHoonGhae/tossinvest-cli/internal/app/engine/strategy_candidate_authority.go:135.40,137.4 1 0
github.com/JungHoonGhae/tossinvest-cli/internal/app/engine/strategy_candidate_authority.go:137.9,139.4 1 0
github.com/JungHoonGhae/tossinvest-cli/internal/app/engine/strategy_candidate_authority.go:141.2,141.13 1 0
github.com/JungHoonGhae/tossinvest-cli/internal/app/engine/strategy_candidate_authority.go:144.181,146.80 2 0
github.com/JungHoonGhae/tossinvest-cli/internal/app/engine/strategy_candidate_authority.go:146.80,149.3 1 0
github.com/JungHoonGhae/tossinvest-cli/internal/app/engine/strategy_candidate_authority.go:150.2,150.30 1 0
github.com/JungHoonGhae/tossinvest-cli/internal/app/engine/strategy_candidate_authority.go:150.30,152.3 1 0
github.com/JungHoonGhae/tossinvest-cli/internal/app/engine/strategy_candidate_authority.go:153.2,154.58 1 0
github.com/JungHoonGhae/tossinvest-cli/internal/app/engine/strategy_candidate_authority.go:154.58,156.3 1 0
github.com/JungHoonGhae/tossinvest-cli/internal/app/engine/strategy_candidate_authority.go:157.2,161.78 2 0
github.com/JungHoonGhae/tossinvest-cli/internal/app/engine/strategy_candidate_authority.go:161.78,163.3 1 0
github.com/JungHoonGhae/tossinvest-cli/internal/app/engine/strategy_candidate_authority.go:164.2,165.16 2 0
github.com/JungHoonGhae/tossinvest-cli/internal/app/engine/strategy_candidate_authority.go:165.16,167.3 1 0
github.com/JungHoonGhae/tossinvest-cli/internal/app/engine/strategy_candidate_authority.go:168.2,172.16 3 0
github.com/JungHoonGhae/tossinvest-cli/internal/app/engine/strategy_candidate_authority.go:172.16,174.3 1 0
github.com/JungHoonGhae/tossinvest-cli/internal/app/engine/strategy_candidate_authority.go:175.2,177.35 3 0
github.com/JungHoonGhae/tossinvest-cli/internal/app/engine/strategy_candidate_authority.go:177.35,179.17 2 0
github.com/JungHoonGhae/tossinvest-cli/internal/app/engine/strategy_candidate_authority.go:179.17,181.12 2 0
github.com/JungHoonGhae/tossinvest-cli/internal/app/engine/strategy_candidate_authority.go:183.3,183.21 1 0
github.com/JungHoonGhae/tossinvest-cli/internal/app/engine/strategy_candidate_authority.go:185.2,189.89 1 0
github.com/JungHoonGhae/tossinvest-cli/internal/app/engine/strategy_candidate_authority.go:192.73,194.2 1 0
github.com/JungHoonGhae/tossinvest-cli/internal/app/engine/strategy_candidate_authority.go:196.119,197.72 1 0
github.com/JungHoonGhae/tossinvest-cli/internal/app/engine/strategy_candidate_authority.go:197.72,200.3 1 0
github.com/JungHoonGhae/tossinvest-cli/internal/app/engine/strategy_candidate_authority.go:201.2,201.123 1 0
github.com/JungHoonGhae/tossinvest-cli/internal/app/engine/strategy_dispatch_cycle.go:57.26,58.18 1 1
github.com/JungHoonGhae/tossinvest-cli/internal/app/engine/strategy_dispatch_cycle.go:58.18,60.3 1 0
github.com/JungHoonGhae/tossinvest-cli/internal/app/engine/strategy_dispatch_cycle.go:61.2,62.58 1 1
github.com/JungHoonGhae/tossinvest-cli/internal/app/engine/strategy_dispatch_cycle.go:75.128,78.24 3 1
github.com/JungHoonGhae/tossinvest-cli/internal/app/engine/strategy_dispatch_cycle.go:78.24,80.3 1 0
github.com/JungHoonGhae/tossinvest-cli/internal/app/engine/strategy_dispatch_cycle.go:81.2,81.105 1 1
github.com/JungHoonGhae/tossinvest-cli/internal/app/engine/strategy_dispatch_cycle.go:81.105,83.3 1 0
github.com/JungHoonGhae/tossinvest-cli/internal/app/engine/strategy_dispatch_cycle.go:84.2,87.75 3 1
github.com/JungHoonGhae/tossinvest-cli/internal/app/engine/strategy_dispatch_cycle.go:87.75,89.3 1 0
github.com/JungHoonGhae/tossinvest-cli/internal/app/engine/strategy_dispatch_cycle.go:93.2,93.82 1 1
github.com/JungHoonGhae/tossinvest-cli/internal/app/engine/strategy_dispatch_cycle.go:93.82,95.3 1 0
github.com/JungHoonGhae/tossinvest-cli/internal/app/engine/strategy_dispatch_cycle.go:96.2,97.16 2 1
github.com/JungHoonGhae/tossinvest-cli/internal/app/engine/strategy_dispatch_cycle.go:97.16,99.3 1 0
github.com/JungHoonGhae/tossinvest-cli/internal/app/engine/strategy_dispatch_cycle.go:114.2,114.95 1 1
github.com/JungHoonGhae/tossinvest-cli/internal/app/engine/strategy_dispatch_cycle.go:114.95,115.74 1 1
github.com/JungHoonGhae/tossinvest-cli/internal/app/engine/strategy_dispatch_cycle.go:115.74,119.4 1 0
github.com/JungHoonGhae/tossinvest-cli/internal/app/engine/strategy_dispatch_cycle.go:135.2,136.43 2 1
github.com/JungHoonGhae/tossinvest-cli/internal/app/engine/strategy_dispatch_cycle.go:136.43,138.3 1 0
github.com/JungHoonGhae/tossinvest-cli/internal/app/engine/strategy_dispatch_cycle.go:139.2,140.16 2 1
github.com/JungHoonGhae/tossinvest-cli/internal/app/engine/strategy_dispatch_cycle.go:140.16,142.3 1 0
github.com/JungHoonGhae/tossinvest-cli/internal/app/engine/strategy_dispatch_cycle.go:143.2,144.16 2 1
github.com/JungHoonGhae/tossinvest-cli/internal/app/engine/strategy_dispatch_cycle.go:144.16,146.3 1 0
github.com/JungHoonGhae/tossinvest-cli/internal/app/engine/strategy_dispatch_cycle.go:147.2,148.16 2 1
github.com/JungHoonGhae/tossinvest-cli/internal/app/engine/strategy_dispatch_cycle.go:148.16,150.3 1 0
github.com/JungHoonGhae/tossinvest-cli/internal/app/engine/strategy_dispatch_cycle.go:151.2,152.47 2 1
github.com/JungHoonGhae/tossinvest-cli/internal/app/engine/strategy_dispatch_cycle.go:152.47,155.28 1 1
github.com/JungHoonGhae/tossinvest-cli/internal/app/engine/strategy_dispatch_cycle.go:155.28,157.4 1 1
github.com/JungHoonGhae/tossinvest-cli/internal/app/engine/strategy_dispatch_cycle.go:158.3,158.108 1 1
github.com/JungHoonGhae/tossinvest-cli/internal/app/engine/strategy_dispatch_cycle.go:160.2,161.43 2 1
github.com/JungHoonGhae/tossinvest-cli/internal/app/engine/strategy_dispatch_cycle.go:161.43,163.3 1 0
github.com/JungHoonGhae/tossinvest-cli/internal/app/engine/strategy_dispatch_cycle.go:166.2,169.61 3 1
github.com/JungHoonGhae/tossinvest-cli/internal/app/engine/strategy_dispatch_cycle.go:169.61,170.75 1 1
github.com/JungHoonGhae/tossinvest-cli/internal/app/engine/strategy_dispatch_cycle.go:170.75,172.4 1 1
github.com/JungHoonGhae/tossinvest-cli/internal/app/engine/strategy_dispatch_cycle.go:174.2,174.25 1 1
github.com/JungHoonGhae/tossinvest-cli/internal/app/engine/strategy_dispatch_cycle.go:174.25,176.3 1 0
github.com/JungHoonGhae/tossinvest-cli/internal/app/engine/strategy_dispatch_cycle.go:177.2,180.150 4 1
github.com/JungHoonGhae/tossinvest-cli/internal/app/engine/strategy_dispatch_cycle.go:180.150,182.3 1 0
github.com/JungHoonGhae/tossinvest-cli/internal/app/engine/strategy_dispatch_cycle.go:183.2,193.16 4 1
github.com/JungHoonGhae/tossinvest-cli/internal/app/engine/strategy_dispatch_cycle.go:193.16,195.3 1 0
github.com/JungHoonGhae/tossinvest-cli/internal/app/engine/strategy_dispatch_cycle.go:196.2,199.16 2 1
github.com/JungHoonGhae/tossinvest-cli/internal/app/engine/strategy_dispatch_cycle.go:199.16,201.3 1 0
github.com/JungHoonGhae/tossinvest-cli/internal/app/engine/strategy_dispatch_cycle.go:202.2,203.16 2 1
github.com/JungHoonGhae/tossinvest-cli/internal/app/engine/strategy_dispatch_cycle.go:203.16,205.3 1 0
github.com/JungHoonGhae/tossinvest-cli/internal/app/engine/strategy_dispatch_cycle.go:206.2,212.61 1 1
github.com/JungHoonGhae/tossinvest-cli/internal/app/engine/strategy_dispatch_cycle.go:212.61,216.79 1 0
github.com/JungHoonGhae/tossinvest-cli/internal/app/engine/strategy_dispatch_cycle.go:216.79,218.5 1 0
github.com/JungHoonGhae/tossinvest-cli/internal/app/engine/strategy_dispatch_cycle.go:219.4,220.14 2 0
github.com/JungHoonGhae/tossinvest-cli/internal/app/engine/strategy_dispatch_cycle.go:227.58,228.22 1 1
github.com/JungHoonGhae/tossinvest-cli/internal/app/engine/strategy_dispatch_cycle.go:228.22,230.3 1 0
github.com/JungHoonGhae/tossinvest-cli/internal/app/engine/strategy_dispatch_cycle.go:231.2,231.20 1 1
github.com/JungHoonGhae/tossinvest-cli/internal/app/engine/strategy_dispatch_cycle.go:234.111,235.24 1 1
github.com/JungHoonGhae/tossinvest-cli/internal/app/engine/strategy_dispatch_cycle.go:235.24,237.3 1 0
github.com/JungHoonGhae/tossinvest-cli/internal/app/engine/strategy_dispatch_cycle.go:238.2,240.34 3 1
github.com/JungHoonGhae/tossinvest-cli/internal/app/engine/strategy_dispatch_cycle.go:240.34,242.3 1 1
github.com/JungHoonGhae/tossinvest-cli/internal/app/engine/strategy_dispatch_cycle.go:243.2,244.16 2 1
github.com/JungHoonGhae/tossinvest-cli/internal/app/engine/strategy_dispatch_cycle.go:244.16,246.3 1 0
github.com/JungHoonGhae/tossinvest-cli/internal/app/engine/strategy_dispatch_cycle.go:247.2,248.19 2 1
github.com/JungHoonGhae/tossinvest-cli/internal/app/engine/strategy_dispatch_cycle.go:251.119,252.39 1 1
github.com/JungHoonGhae/tossinvest-cli/internal/app/engine/strategy_dispatch_cycle.go:252.39,254.3 1 0
github.com/JungHoonGhae/tossinvest-cli/internal/app/engine/strategy_dispatch_cycle.go:255.2,256.9 2 1
github.com/JungHoonGhae/tossinvest-cli/internal/app/engine/strategy_dispatch_cycle.go:256.9,258.3 1 0
github.com/JungHoonGhae/tossinvest-cli/internal/app/engine/strategy_dispatch_cycle.go:259.2,260.30 2 1
github.com/JungHoonGhae/tossinvest-cli/internal/app/engine/strategy_dispatch_cycle.go:260.30,262.3 1 0
github.com/JungHoonGhae/tossinvest-cli/internal/app/engine/strategy_dispatch_cycle.go:263.2,264.43 2 1
github.com/JungHoonGhae/tossinvest-cli/internal/app/engine/strategy_dispatch_cycle.go:264.43,266.3 1 0
github.com/JungHoonGhae/tossinvest-cli/internal/app/engine/strategy_dispatch_cycle.go:267.2,269.79 1 1
github.com/JungHoonGhae/tossinvest-cli/internal/app/engine/strategy_dispatch_handoff.go:18.92,20.42 2 1
github.com/JungHoonGhae/tossinvest-cli/internal/app/engine/strategy_dispatch_handoff.go:20.42,22.3 1 1
github.com/JungHoonGhae/tossinvest-cli/internal/app/engine/strategy_dispatch_handoff.go:23.2,23.66 1 1
github.com/JungHoonGhae/tossinvest-cli/internal/app/engine/strategy_dispatch_handoff.go:37.95,38.46 1 1
github.com/JungHoonGhae/tossinvest-cli/internal/app/engine/strategy_dispatch_handoff.go:38.46,40.3 1 1
github.com/JungHoonGhae/tossinvest-cli/internal/app/engine/strategy_dispatch_handoff.go:42.2,43.42 2 1
github.com/JungHoonGhae/tossinvest-cli/internal/app/engine/strategy_dispatch_handoff.go:43.42,45.3 1 1
github.com/JungHoonGhae/tossinvest-cli/internal/app/engine/strategy_dispatch_handoff.go:53.2,54.61 2 1
github.com/JungHoonGhae/tossinvest-cli/internal/app/engine/strategy_entry_supervisor.go:46.54,48.2 1 0
github.com/JungHoonGhae/tossinvest-cli/internal/app/engine/strategy_entry_supervisor.go:87.70,88.14 1 0
github.com/JungHoonGhae/tossinvest-cli/internal/app/engine/strategy_entry_supervisor.go:89.133,90.14 1 0
github.com/JungHoonGhae/tossinvest-cli/internal/app/engine/strategy_entry_supervisor.go:91.10,92.15 1 0
github.com/JungHoonGhae/tossinvest-cli/internal/app/engine/strategy_entry_supervisor.go:149.55,150.20 1 0
github.com/JungHoonGhae/tossinvest-cli/internal/app/engine/strategy_entry_supervisor.go:150.20,152.3 1 0
github.com/JungHoonGhae/tossinvest-cli/internal/app/engine/strategy_entry_supervisor.go:153.2,153.69 1 0
github.com/JungHoonGhae/tossinvest-cli/internal/app/engine/strategy_entry_supervisor.go:156.55,156.73 1 0
github.com/JungHoonGhae/tossinvest-cli/internal/app/engine/strategy_entry_supervisor.go:160.57,161.18 1 0
github.com/JungHoonGhae/tossinvest-cli/internal/app/engine/strategy_entry_supervisor.go:161.18,163.3 1 0
github.com/JungHoonGhae/tossinvest-cli/internal/app/engine/strategy_entry_supervisor.go:164.2,164.52 1 0
github.com/JungHoonGhae/tossinvest-cli/internal/app/engine/strategy_entry_supervisor.go:167.49,170.2 2 0
github.com/JungHoonGhae/tossinvest-cli/internal/app/engine/strategy_entry_supervisor.go:293.139,294.14 1 0
github.com/JungHoonGhae/tossinvest-cli/internal/app/engine/strategy_entry_supervisor.go:294.14,296.3 1 0
github.com/JungHoonGhae/tossinvest-cli/internal/app/engine/strategy_entry_supervisor.go:297.2,300.67 4 0
github.com/JungHoonGhae/tossinvest-cli/internal/app/engine/strategy_entry_supervisor.go:300.67,303.3 2 0
github.com/JungHoonGhae/tossinvest-cli/internal/app/engine/strategy_entry_supervisor.go:304.2,311.23 6 0
github.com/JungHoonGhae/tossinvest-cli/internal/app/engine/strategy_entry_supervisor.go:311.23,313.3 1 0
github.com/JungHoonGhae/tossinvest-cli/internal/app/engine/strategy_entry_supervisor.go:320.2,321.16 2 0
github.com/JungHoonGhae/tossinvest-cli/internal/app/engine/strategy_entry_supervisor.go:321.16,323.3 1 0
github.com/JungHoonGhae/tossinvest-cli/internal/app/engine/strategy_entry_supervisor.go:324.2,342.16 9 0
github.com/JungHoonGhae/tossinvest-cli/internal/app/engine/strategy_entry_supervisor.go:342.16,344.3 1 0
github.com/JungHoonGhae/tossinvest-cli/internal/app/engine/strategy_entry_supervisor.go:345.2,345.139 1 0
github.com/JungHoonGhae/tossinvest-cli/internal/app/engine/strategy_entry_supervisor.go:345.139,351.89 2 0
github.com/JungHoonGhae/tossinvest-cli/internal/app/engine/strategy_entry_supervisor.go:351.89,353.4 1 0
github.com/JungHoonGhae/tossinvest-cli/internal/app/engine/strategy_entry_supervisor.go:354.3,354.13 1 0
github.com/JungHoonGhae/tossinvest-cli/internal/app/engine/strategy_entry_supervisor.go:356.2,364.78 3 0
github.com/JungHoonGhae/tossinvest-cli/internal/app/engine/strategy_entry_supervisor.go:364.78,367.3 1 0
github.com/JungHoonGhae/tossinvest-cli/internal/app/engine/strategy_entry_supervisor.go:368.2,369.16 2 0
github.com/JungHoonGhae/tossinvest-cli/internal/app/engine/strategy_entry_supervisor.go:369.16,371.3 1 0
github.com/JungHoonGhae/tossinvest-cli/internal/app/engine/strategy_entry_supervisor.go:372.2,376.59 2 0
github.com/JungHoonGhae/tossinvest-cli/internal/app/engine/strategy_entry_supervisor.go:376.59,378.3 1 0
github.com/JungHoonGhae/tossinvest-cli/internal/app/engine/strategy_entry_supervisor.go:379.2,379.22 1 0
github.com/JungHoonGhae/tossinvest-cli/internal/app/engine/strategy_entry_supervisor.go:388.113,389.28 1 0
github.com/JungHoonGhae/tossinvest-cli/internal/app/engine/strategy_entry_supervisor.go:389.28,391.3 1 0
github.com/JungHoonGhae/tossinvest-cli/internal/app/engine/strategy_entry_supervisor.go:393.2,393.20 1 0
github.com/JungHoonGhae/tossinvest-cli/internal/app/engine/strategy_entry_supervisor.go:393.20,395.3 1 0
github.com/JungHoonGhae/tossinvest-cli/internal/app/engine/strategy_entry_supervisor.go:396.2,397.78 2 0
github.com/JungHoonGhae/tossinvest-cli/internal/app/engine/strategy_entry_supervisor.go:397.78,401.48 2 0
github.com/JungHoonGhae/tossinvest-cli/internal/app/engine/strategy_entry_supervisor.go:401.48,403.5 1 0
github.com/JungHoonGhae/tossinvest-cli/internal/app/engine/strategy_entry_supervisor.go:406.2,409.16 2 0
github.com/JungHoonGhae/tossinvest-cli/internal/app/engine/strategy_entry_supervisor.go:409.16,411.3 1 0
github.com/JungHoonGhae/tossinvest-cli/internal/app/engine/strategy_entry_supervisor.go:412.2,415.24 4 0
github.com/JungHoonGhae/tossinvest-cli/internal/app/engine/strategy_entry_supervisor.go:422.24,423.14 1 0
github.com/JungHoonGhae/tossinvest-cli/internal/app/engine/strategy_entry_supervisor.go:423.14,425.3 1 0
github.com/JungHoonGhae/tossinvest-cli/internal/app/engine/strategy_entry_supervisor.go:426.2,429.40 1 0
github.com/JungHoonGhae/tossinvest-cli/internal/app/engine/strategy_entry_supervisor.go:429.40,429.108 1 0
github.com/JungHoonGhae/tossinvest-cli/internal/app/engine/strategy_entry_supervisor.go:436.24,438.80 2 0
github.com/JungHoonGhae/tossinvest-cli/internal/app/engine/strategy_entry_supervisor.go:438.80,440.3 1 0
github.com/JungHoonGhae/tossinvest-cli/internal/app/engine/strategy_entry_supervisor.go:444.2,452.42 5 0
github.com/JungHoonGhae/tossinvest-cli/internal/app/engine/strategy_entry_supervisor.go:452.42,454.3 1 0
github.com/JungHoonGhae/tossinvest-cli/internal/app/engine/strategy_entry_supervisor.go:459.2,460.47 2 0
github.com/JungHoonGhae/tossinvest-cli/internal/app/engine/strategy_entry_supervisor.go:460.47,462.44 2 0
github.com/JungHoonGhae/tossinvest-cli/internal/app/engine/strategy_entry_supervisor.go:462.44,463.12 1 0
github.com/JungHoonGhae/tossinvest-cli/internal/app/engine/strategy_entry_supervisor.go:467.3,468.13 2 0
github.com/JungHoonGhae/tossinvest-cli/internal/app/engine/strategy_entry_supervisor.go:468.13,469.12 1 0
github.com/JungHoonGhae/tossinvest-cli/internal/app/engine/strategy_entry_supervisor.go:471.3,471.42 1 0
github.com/JungHoonGhae/tossinvest-cli/internal/app/engine/strategy_entry_supervisor.go:471.42,472.12 1 0
github.com/JungHoonGhae/tossinvest-cli/internal/app/engine/strategy_entry_supervisor.go:474.3,474.42 1 0
github.com/JungHoonGhae/tossinvest-cli/internal/app/engine/strategy_entry_supervisor.go:474.42,475.12 1 0
github.com/JungHoonGhae/tossinvest-cli/internal/app/engine/strategy_entry_supervisor.go:480.3,480.117 1 0
github.com/JungHoonGhae/tossinvest-cli/internal/app/engine/strategy_entry_supervisor.go:480.117,481.12 1 0
github.com/JungHoonGhae/tossinvest-cli/internal/app/engine/strategy_entry_supervisor.go:483.3,483.122 1 0
github.com/JungHoonGhae/tossinvest-cli/internal/app/engine/strategy_entry_supervisor.go:483.122,484.12 1 0
github.com/JungHoonGhae/tossinvest-cli/internal/app/engine/strategy_entry_supervisor.go:486.3,487.8 2 0
github.com/JungHoonGhae/tossinvest-cli/internal/app/engine/strategy_entry_supervisor.go:489.2,489.15 1 0
github.com/JungHoonGhae/tossinvest-cli/internal/app/engine/strategy_entry_supervisor.go:489.15,491.3 1 0
github.com/JungHoonGhae/tossinvest-cli/internal/app/engine/strategy_entry_supervisor.go:507.2,512.83 3 0
github.com/JungHoonGhae/tossinvest-cli/internal/app/engine/strategy_entry_supervisor.go:512.83,514.3 1 0
github.com/JungHoonGhae/tossinvest-cli/internal/app/engine/strategy_entry_supervisor.go:515.2,517.83 1 0
github.com/JungHoonGhae/tossinvest-cli/internal/app/engine/strategy_entry_supervisor.go:520.119,522.16 2 0
github.com/JungHoonGhae/tossinvest-cli/internal/app/engine/strategy_entry_supervisor.go:522.16,524.3 1 0
github.com/JungHoonGhae/tossinvest-cli/internal/app/engine/strategy_entry_supervisor.go:545.2,546.16 2 0
github.com/JungHoonGhae/tossinvest-cli/internal/app/engine/strategy_entry_supervisor.go:546.16,548.3 1 0
github.com/JungHoonGhae/tossinvest-cli/internal/app/engine/strategy_entry_supervisor.go:549.2,552.84 1 0
github.com/JungHoonGhae/tossinvest-cli/internal/app/engine/strategy_entry_supervisor.go:552.84,554.3 1 0
github.com/JungHoonGhae/tossinvest-cli/internal/app/engine/strategy_entry_supervisor.go:555.2,555.27 1 0
github.com/JungHoonGhae/tossinvest-cli/internal/app/engine/strategy_entry_supervisor.go:555.27,557.3 1 0
github.com/JungHoonGhae/tossinvest-cli/internal/app/engine/strategy_entry_supervisor.go:578.2,578.125 1 0
github.com/JungHoonGhae/tossinvest-cli/internal/app/engine/strategy_entry_supervisor.go:581.143,582.28 1 0
github.com/JungHoonGhae/tossinvest-cli/internal/app/engine/strategy_entry_supervisor.go:582.28,584.3 1 0
github.com/JungHoonGhae/tossinvest-cli/internal/app/engine/strategy_entry_supervisor.go:585.2,590.19 3 0
github.com/JungHoonGhae/tossinvest-cli/internal/app/engine/strategy_entry_supervisor.go:590.19,592.3 1 0
github.com/JungHoonGhae/tossinvest-cli/internal/app/engine/strategy_entry_supervisor.go:593.2,593.13 1 0
github.com/JungHoonGhae/tossinvest-cli/internal/app/engine/strategy_entry_supervisor.go:593.13,595.3 1 0
github.com/JungHoonGhae/tossinvest-cli/internal/app/engine/strategy_entry_supervisor.go:598.2,598.97 1 0
github.com/JungHoonGhae/tossinvest-cli/internal/app/engine/strategy_entry_supervisor.go:598.97,600.3 1 0
github.com/JungHoonGhae/tossinvest-cli/internal/app/engine/strategy_entry_supervisor.go:603.60,605.31 2 1
github.com/JungHoonGhae/tossinvest-cli/internal/app/engine/strategy_entry_supervisor.go:605.31,607.3 1 1
github.com/JungHoonGhae/tossinvest-cli/internal/app/engine/strategy_entry_supervisor.go:608.2,608.54 1 1
github.com/JungHoonGhae/tossinvest-cli/internal/app/engine/strategy_entry_supervisor.go:618.123,623.2 1 0
github.com/JungHoonGhae/tossinvest-cli/internal/app/engine/strategy_entry_supervisor.go:627.76,629.2 1 0
github.com/JungHoonGhae/tossinvest-cli/internal/app/engine/strategy_entry_supervisor.go:632.104,634.16 2 0
github.com/JungHoonGhae/tossinvest-cli/internal/app/engine/strategy_entry_supervisor.go:634.16,636.3 1 0
github.com/JungHoonGhae/tossinvest-cli/internal/app/engine/strategy_entry_supervisor.go:637.2,637.52 1 0
github.com/JungHoonGhae/tossinvest-cli/internal/app/engine/strategy_entry_supervisor.go:637.52,639.3 1 0
github.com/JungHoonGhae/tossinvest-cli/internal/app/engine/strategy_entry_supervisor.go:640.2,641.21 2 0
github.com/JungHoonGhae/tossinvest-cli/internal/app/engine/strategy_entry_supervisor.go:641.21,643.3 1 0
github.com/JungHoonGhae/tossinvest-cli/internal/app/engine/strategy_entry_supervisor.go:644.2,644.62 1 0
github.com/JungHoonGhae/tossinvest-cli/internal/app/engine/strategy_entry_supervisor.go:644.62,646.3 1 0
github.com/JungHoonGhae/tossinvest-cli/internal/app/engine/strategy_entry_supervisor.go:647.2,647.28 1 0
github.com/JungHoonGhae/tossinvest-cli/internal/app/engine/strategy_entry_supervisor.go:647.28,649.3 1 0
github.com/JungHoonGhae/tossinvest-cli/internal/app/engine/strategy_entry_supervisor.go:650.2,651.16 2 0
github.com/JungHoonGhae/tossinvest-cli/internal/app/engine/strategy_entry_supervisor.go:651.16,653.3 1 0
github.com/JungHoonGhae/tossinvest-cli/internal/app/engine/strategy_entry_supervisor.go:654.2,655.18 2 0
github.com/JungHoonGhae/tossinvest-cli/internal/app/engine/strategy_entry_supervisor.go:655.18,657.3 1 0
github.com/JungHoonGhae/tossinvest-cli/internal/app/engine/strategy_entry_supervisor.go:659.2,660.42 2 0
github.com/JungHoonGhae/tossinvest-cli/internal/app/engine/strategy_entry_supervisor.go:660.42,661.46 1 0
github.com/JungHoonGhae/tossinvest-cli/internal/app/engine/strategy_entry_supervisor.go:661.46,663.4 1 0
github.com/JungHoonGhae/tossinvest-cli/internal/app/engine/strategy_entry_supervisor.go:664.3,664.60 1 0
github.com/JungHoonGhae/tossinvest-cli/internal/app/engine/strategy_entry_supervisor.go:664.60,666.4 1 0
github.com/JungHoonGhae/tossinvest-cli/internal/app/engine/strategy_entry_supervisor.go:667.3,667.54 1 0
github.com/JungHoonGhae/tossinvest-cli/internal/app/engine/strategy_entry_supervisor.go:667.54,669.4 1 0
github.com/JungHoonGhae/tossinvest-cli/internal/app/engine/strategy_entry_supervisor.go:670.3,671.132 1 0
github.com/JungHoonGhae/tossinvest-cli/internal/app/engine/strategy_entry_supervisor.go:671.132,673.4 1 0
github.com/JungHoonGhae/tossinvest-cli/internal/app/engine/strategy_entry_supervisor.go:674.3,675.191 1 0
github.com/JungHoonGhae/tossinvest-cli/internal/app/engine/strategy_entry_supervisor.go:675.191,677.4 1 0
github.com/JungHoonGhae/tossinvest-cli/internal/app/engine/strategy_entry_supervisor.go:678.3,681.97 1 0
github.com/JungHoonGhae/tossinvest-cli/internal/app/engine/strategy_entry_supervisor.go:681.97,683.4 1 0
github.com/JungHoonGhae/tossinvest-cli/internal/app/engine/strategy_entry_supervisor.go:684.3,684.180 1 0
github.com/JungHoonGhae/tossinvest-cli/internal/app/engine/strategy_entry_supervisor.go:684.180,686.4 1 0
github.com/JungHoonGhae/tossinvest-cli/internal/app/engine/strategy_entry_supervisor.go:687.3,687.161 1 0
github.com/JungHoonGhae/tossinvest-cli/internal/app/engine/strategy_entry_supervisor.go:687.161,689.4 1 0
github.com/JungHoonGhae/tossinvest-cli/internal/app/engine/strategy_entry_supervisor.go:690.3,698.4 1 0
github.com/JungHoonGhae/tossinvest-cli/internal/app/engine/strategy_entry_supervisor.go:700.2,700.78 1 0
github.com/JungHoonGhae/tossinvest-cli/internal/app/engine/strategy_entry_supervisor.go:700.78,701.29 1 0
github.com/JungHoonGhae/tossinvest-cli/internal/app/engine/strategy_entry_supervisor.go:701.29,703.4 1 0
github.com/JungHoonGhae/tossinvest-cli/internal/app/engine/strategy_entry_supervisor.go:706.2,709.8 1 0
github.com/JungHoonGhae/tossinvest-cli/internal/app/engine/strategy_entry_supervisor.go:712.45,713.99 1 0
github.com/JungHoonGhae/tossinvest-cli/internal/app/engine/strategy_entry_supervisor.go:713.99,715.3 1 0
github.com/JungHoonGhae/tossinvest-cli/internal/app/engine/strategy_entry_supervisor.go:716.2,717.19 2 0
github.com/JungHoonGhae/tossinvest-cli/internal/app/engine/strategy_entry_supervisor.go:721.67,722.14 1 0
github.com/JungHoonGhae/tossinvest-cli/internal/app/engine/strategy_entry_supervisor.go:722.14,724.3 1 0
github.com/JungHoonGhae/tossinvest-cli/internal/app/engine/strategy_entry_supervisor.go:725.2,725.64 1 0
github.com/JungHoonGhae/tossinvest-cli/internal/app/engine/strategy_entry_supervisor.go:730.71,731.14 1 0
github.com/JungHoonGhae/tossinvest-cli/internal/app/engine/strategy_entry_supervisor.go:731.14,733.3 1 0
github.com/JungHoonGhae/tossinvest-cli/internal/app/engine/strategy_entry_supervisor.go:734.2,734.17 1 0
github.com/JungHoonGhae/tossinvest-cli/internal/app/engine/strategy_entry_supervisor.go:739.59,740.14 1 0
github.com/JungHoonGhae/tossinvest-cli/internal/app/engine/strategy_entry_supervisor.go:740.14,742.3 1 0
github.com/JungHoonGhae/tossinvest-cli/internal/app/engine/strategy_entry_supervisor.go:743.2,743.16 1 0
github.com/JungHoonGhae/tossinvest-cli/internal/app/engine/strategy_entry_supervisor.go:749.88,750.46 1 0
github.com/JungHoonGhae/tossinvest-cli/internal/app/engine/strategy_entry_supervisor.go:750.46,752.3 1 0
github.com/JungHoonGhae/tossinvest-cli/internal/app/engine/strategy_entry_supervisor.go:753.2,756.108 4 0
github.com/JungHoonGhae/tossinvest-cli/internal/app/engine/strategy_entry_supervisor.go:756.108,758.3 1 0
github.com/JungHoonGhae/tossinvest-cli/internal/app/engine/strategy_entry_supervisor.go:759.2,759.9 1 0
github.com/JungHoonGhae/tossinvest-cli/internal/app/engine/strategy_entry_supervisor.go:760.34,761.33 1 0
github.com/JungHoonGhae/tossinvest-cli/internal/app/engine/strategy_entry_supervisor.go:762.10,763.29 1 0
github.com/JungHoonGhae/tossinvest-cli/internal/app/engine/strategy_entry_supervisor.go:767.98,768.46 1 0
github.com/JungHoonGhae/tossinvest-cli/internal/app/engine/strategy_entry_supervisor.go:768.46,770.3 1 0
github.com/JungHoonGhae/tossinvest-cli/internal/app/engine/strategy_entry_supervisor.go:771.2,774.19 4 0
github.com/JungHoonGhae/tossinvest-cli/internal/app/engine/strategy_entry_supervisor.go:774.19,776.3 1 0
github.com/JungHoonGhae/tossinvest-cli/internal/app/engine/strategy_entry_supervisor.go:777.2,787.9 1 0
github.com/JungHoonGhae/tossinvest-cli/internal/app/engine/strategy_entry_supervisor.go:792.66,793.14 1 0
github.com/JungHoonGhae/tossinvest-cli/internal/app/engine/strategy_entry_supervisor.go:793.14,795.3 1 0
github.com/JungHoonGhae/tossinvest-cli/internal/app/engine/strategy_entry_supervisor.go:796.2,797.11 2 0
github.com/JungHoonGhae/tossinvest-cli/internal/app/engine/strategy_entry_supervisor.go:797.11,800.3 2 0
github.com/JungHoonGhae/tossinvest-cli/internal/app/engine/strategy_entry_supervisor.go:801.2,808.78 7 0
github.com/JungHoonGhae/tossinvest-cli/internal/app/engine/strategy_entry_supervisor.go:808.78,811.42 3 0
github.com/JungHoonGhae/tossinvest-cli/internal/app/engine/strategy_entry_supervisor.go:811.42,814.4 2 0
github.com/JungHoonGhae/tossinvest-cli/internal/app/engine/strategy_entry_supervisor.go:816.2,821.78 6 0
github.com/JungHoonGhae/tossinvest-cli/internal/app/engine/strategy_entry_supervisor.go:821.78,823.42 2 0
github.com/JungHoonGhae/tossinvest-cli/internal/app/engine/strategy_entry_supervisor.go:823.42,824.12 1 0
github.com/JungHoonGhae/tossinvest-cli/internal/app/engine/strategy_entry_supervisor.go:826.3,827.58 2 0
github.com/JungHoonGhae/tossinvest-cli/internal/app/engine/strategy_entry_supervisor.go:827.58,830.4 2 0
github.com/JungHoonGhae/tossinvest-cli/internal/app/engine/strategy_entry_supervisor.go:833.2,834.9 2 0
github.com/JungHoonGhae/tossinvest-cli/internal/app/engine/strategy_entry_supervisor.go:835.20,836.18 1 0
github.com/JungHoonGhae/tossinvest-cli/internal/app/engine/strategy_entry_supervisor.go:837.26,838.65 1 0
github.com/JungHoonGhae/tossinvest-cli/internal/app/engine/strategy_entry_supervisor.go:840.2,842.12 3 0
github.com/JungHoonGhae/tossinvest-cli/internal/app/engine/strategy_entry_supervisor.go:845.121,846.6 1 0
github.com/JungHoonGhae/tossinvest-cli/internal/app/engine/strategy_entry_supervisor.go:846.6,847.117 1 0
github.com/JungHoonGhae/tossinvest-cli/internal/app/engine/strategy_entry_supervisor.go:847.117,849.4 1 0
github.com/JungHoonGhae/tossinvest-cli/internal/app/engine/strategy_entry_supervisor.go:850.3,850.52 1 0
github.com/JungHoonGhae/tossinvest-cli/internal/app/engine/strategy_entry_supervisor.go:850.52,852.4 1 0
github.com/JungHoonGhae/tossinvest-cli/internal/app/engine/strategy_entry_supervisor.go:856.100,857.46 1 0
github.com/JungHoonGhae/tossinvest-cli/internal/app/engine/strategy_entry_supervisor.go:857.46,859.3 1 0
github.com/JungHoonGhae/tossinvest-cli/internal/app/engine/strategy_entry_supervisor.go:860.2,864.64 4 0
github.com/JungHoonGhae/tossinvest-cli/internal/app/engine/strategy_entry_supervisor.go:864.64,866.3 1 0
github.com/JungHoonGhae/tossinvest-cli/internal/app/engine/strategy_entry_supervisor.go:867.2,867.9 1 0
github.com/JungHoonGhae/tossinvest-cli/internal/app/engine/strategy_entry_supervisor.go:868.34,869.33 1 0
github.com/JungHoonGhae/tossinvest-cli/internal/app/engine/strategy_entry_supervisor.go:870.10,871.29 1 0
github.com/JungHoonGhae/tossinvest-cli/internal/app/engine/strategy_entry_supervisor.go:875.84,880.78 5 0
github.com/JungHoonGhae/tossinvest-cli/internal/app/engine/strategy_entry_supervisor.go:880.78,882.7 2 0
github.com/JungHoonGhae/tossinvest-cli/internal/app/engine/strategy_entry_supervisor.go:882.7,883.11 1 0
github.com/JungHoonGhae/tossinvest-cli/internal/app/engine/strategy_entry_supervisor.go:884.17,885.13 1 0
github.com/JungHoonGhae/tossinvest-cli/internal/app/engine/strategy_entry_supervisor.go:886.12,887.10 1 0
github.com/JungHoonGhae/tossinvest-cli/internal/app/engine/strategy_entry_supervisor.go:889.4,889.9 1 0
github.com/JungHoonGhae/tossinvest-cli/internal/app/engine/strategy_entry_supervisor.go:894.142,895.9 1 0
github.com/JungHoonGhae/tossinvest-cli/internal/app/engine/strategy_entry_supervisor.go:896.20,897.9 1 0
github.com/JungHoonGhae/tossinvest-cli/internal/app/engine/strategy_entry_supervisor.go:898.15,898.15 0 0
github.com/JungHoonGhae/tossinvest-cli/internal/app/engine/strategy_entry_supervisor.go:900.2,900.6 1 0
github.com/JungHoonGhae/tossinvest-cli/internal/app/engine/strategy_entry_supervisor.go:900.6,901.10 1 0
github.com/JungHoonGhae/tossinvest-cli/internal/app/engine/strategy_entry_supervisor.go:902.21,903.10 1 0
github.com/JungHoonGhae/tossinvest-cli/internal/app/engine/strategy_entry_supervisor.go:904.23,910.15 6 0
github.com/JungHoonGhae/tossinvest-cli/internal/app/engine/strategy_entry_supervisor.go:910.15,912.19 2 0
github.com/JungHoonGhae/tossinvest-cli/internal/app/engine/strategy_entry_supervisor.go:912.19,915.6 2 0
github.com/JungHoonGhae/tossinvest-cli/internal/app/engine/strategy_entry_supervisor.go:916.5,916.70 1 0
github.com/JungHoonGhae/tossinvest-cli/internal/app/engine/strategy_entry_supervisor.go:916.70,917.26 1 0
github.com/JungHoonGhae/tossinvest-cli/internal/app/engine/strategy_entry_supervisor.go:917.26,919.7 1 0
github.com/JungHoonGhae/tossinvest-cli/internal/app/engine/strategy_entry_supervisor.go:920.6,921.12 2 0
github.com/JungHoonGhae/tossinvest-cli/internal/app/engine/strategy_entry_supervisor.go:923.5,923.13 1 0
github.com/JungHoonGhae/tossinvest-cli/internal/app/engine/strategy_entry_supervisor.go:925.4,925.16 1 0
github.com/JungHoonGhae/tossinvest-cli/internal/app/engine/strategy_entry_supervisor.go:925.16,926.13 1 0
github.com/JungHoonGhae/tossinvest-cli/internal/app/engine/strategy_entry_supervisor.go:928.4,929.17 2 0
github.com/JungHoonGhae/tossinvest-cli/internal/app/engine/strategy_entry_supervisor.go:929.17,931.5 1 0
github.com/JungHoonGhae/tossinvest-cli/internal/app/engine/strategy_entry_supervisor.go:932.4,932.17 1 0
github.com/JungHoonGhae/tossinvest-cli/internal/app/engine/strategy_entry_supervisor.go:932.17,934.5 1 0
github.com/JungHoonGhae/tossinvest-cli/internal/app/engine/strategy_entry_supervisor.go:935.4,935.18 1 0
github.com/JungHoonGhae/tossinvest-cli/internal/app/engine/strategy_entry_supervisor.go:935.18,936.13 1 0
github.com/JungHoonGhae/tossinvest-cli/internal/app/engine/strategy_entry_supervisor.go:938.4,938.19 1 0
github.com/JungHoonGhae/tossinvest-cli/internal/app/engine/strategy_entry_supervisor.go:938.19,956.83 2 0
github.com/JungHoonGhae/tossinvest-cli/internal/app/engine/strategy_entry_supervisor.go:956.83,959.6 2 0
github.com/JungHoonGhae/tossinvest-cli/internal/app/engine/strategy_entry_supervisor.go:960.5,960.13 1 0
github.com/JungHoonGhae/tossinvest-cli/internal/app/engine/strategy_entry_supervisor.go:962.4,962.39 1 0
github.com/JungHoonGhae/tossinvest-cli/internal/app/engine/strategy_entry_supervisor.go:962.39,965.5 2 0
github.com/JungHoonGhae/tossinvest-cli/internal/app/engine/strategy_entry_supervisor.go:966.4,967.18 2 0
github.com/JungHoonGhae/tossinvest-cli/internal/app/engine/strategy_entry_supervisor.go:967.18,970.5 2 0
github.com/JungHoonGhae/tossinvest-cli/internal/app/engine/strategy_entry_supervisor.go:971.4,971.69 1 0
github.com/JungHoonGhae/tossinvest-cli/internal/app/engine/strategy_entry_supervisor.go:971.69,972.25 1 0
github.com/JungHoonGhae/tossinvest-cli/internal/app/engine/strategy_entry_supervisor.go:972.25,974.6 1 0
github.com/JungHoonGhae/tossinvest-cli/internal/app/engine/strategy_entry_supervisor.go:975.5,976.11 2 0
github.com/JungHoonGhae/tossinvest-cli/internal/app/engine/strategy_entry_supervisor.go:990.105,991.47 1 0
github.com/JungHoonGhae/tossinvest-cli/internal/app/engine/strategy_entry_supervisor.go:991.47,993.3 1 0
github.com/JungHoonGhae/tossinvest-cli/internal/app/engine/strategy_entry_supervisor.go:994.2,996.44 3 0
github.com/JungHoonGhae/tossinvest-cli/internal/app/engine/strategy_entry_supervisor.go:996.44,998.3 1 0
github.com/JungHoonGhae/tossinvest-cli/internal/app/engine/strategy_entry_supervisor.go:999.2,999.33 1 0
github.com/JungHoonGhae/tossinvest-cli/internal/app/engine/strategy_entry_supervisor.go:999.33,1001.3 1 0
github.com/JungHoonGhae/tossinvest-cli/internal/app/engine/strategy_entry_supervisor.go:1009.100,1010.49 1 0
github.com/JungHoonGhae/tossinvest-cli/internal/app/engine/strategy_entry_supervisor.go:1010.49,1012.3 1 0
github.com/JungHoonGhae/tossinvest-cli/internal/app/engine/strategy_entry_supervisor.go:1013.2,1017.13 2 0
github.com/JungHoonGhae/tossinvest-cli/internal/app/engine/strategy_entry_supervisor.go:1020.101,1021.24 1 0
github.com/JungHoonGhae/tossinvest-cli/internal/app/engine/strategy_entry_supervisor.go:1021.24,1023.3 1 0
github.com/JungHoonGhae/tossinvest-cli/internal/app/engine/strategy_entry_supervisor.go:1024.2,1025.18 2 0
github.com/JungHoonGhae/tossinvest-cli/internal/app/engine/strategy_entry_supervisor.go:1025.18,1027.3 1 0
github.com/JungHoonGhae/tossinvest-cli/internal/app/engine/strategy_entry_supervisor.go:1028.2,1029.43 2 0
github.com/JungHoonGhae/tossinvest-cli/internal/app/engine/strategy_entry_supervisor.go:1029.43,1031.3 1 0
github.com/JungHoonGhae/tossinvest-cli/internal/app/engine/strategy_entry_supervisor.go:1032.2,1032.16 1 0
github.com/JungHoonGhae/tossinvest-cli/internal/app/engine/strategy_entry_supervisor.go:1032.16,1034.3 1 0
github.com/JungHoonGhae/tossinvest-cli/internal/app/engine/strategy_entry_supervisor.go:1035.2,1035.32 1 0
github.com/JungHoonGhae/tossinvest-cli/internal/app/engine/strategy_entry_supervisor.go:1038.95,1042.64 3 0
github.com/JungHoonGhae/tossinvest-cli/internal/app/engine/strategy_entry_supervisor.go:1042.64,1044.3 1 0
github.com/JungHoonGhae/tossinvest-cli/internal/app/engine/strategy_entry_supervisor.go:1045.2,1045.42 1 0
github.com/JungHoonGhae/tossinvest-cli/internal/app/engine/strategy_entry_supervisor.go:1045.42,1047.3 1 0
github.com/JungHoonGhae/tossinvest-cli/internal/app/engine/strategy_entry_supervisor.go:1048.2,1049.22 2 0
github.com/JungHoonGhae/tossinvest-cli/internal/app/engine/strategy_entry_supervisor.go:1052.80,1056.2 3 0
github.com/JungHoonGhae/tossinvest-cli/internal/app/engine/strategy_entry_supervisor.go:1063.139,1065.12 2 0
github.com/JungHoonGhae/tossinvest-cli/internal/app/engine/strategy_entry_supervisor.go:1065.12,1067.3 1 0
github.com/JungHoonGhae/tossinvest-cli/internal/app/engine/strategy_entry_supervisor.go:1068.2,1071.12 4 0
github.com/JungHoonGhae/tossinvest-cli/internal/app/engine/strategy_entry_supervisor.go:1071.12,1071.57 1 0
github.com/JungHoonGhae/tossinvest-cli/internal/app/engine/strategy_entry_supervisor.go:1072.2,1072.9 1 0
github.com/JungHoonGhae/tossinvest-cli/internal/app/engine/strategy_entry_supervisor.go:1073.20,1074.38 1 0
github.com/JungHoonGhae/tossinvest-cli/internal/app/engine/strategy_entry_supervisor.go:1075.27,1076.53 1 0
github.com/JungHoonGhae/tossinvest-cli/internal/app/engine/strategy_entry_supervisor.go:1077.18,1078.23 1 0
github.com/JungHoonGhae/tossinvest-cli/internal/app/engine/strategy_entry_supervisor.go:1078.23,1080.4 1 0
github.com/JungHoonGhae/tossinvest-cli/internal/app/engine/strategy_entry_supervisor.go:1081.3,1081.53 1 0
github.com/JungHoonGhae/tossinvest-cli/internal/app/engine/strategy_entry_supervisor.go:1085.98,1086.15 1 0
github.com/JungHoonGhae/tossinvest-cli/internal/app/engine/strategy_entry_supervisor.go:1086.15,1087.47 1 0
github.com/JungHoonGhae/tossinvest-cli/internal/app/engine/strategy_entry_supervisor.go:1087.47,1090.93 3 0
github.com/JungHoonGhae/tossinvest-cli/internal/app/engine/strategy_entry_supervisor.go:1090.93,1092.5 1 0
github.com/JungHoonGhae/tossinvest-cli/internal/app/engine/strategy_entry_supervisor.go:1095.2,1096.16 2 0
github.com/JungHoonGhae/tossinvest-cli/internal/app/engine/strategy_entry_supervisor.go:1099.127,1101.18 2 0
github.com/JungHoonGhae/tossinvest-cli/internal/app/engine/strategy_entry_supervisor.go:1101.18,1103.3 1 0
github.com/JungHoonGhae/tossinvest-cli/internal/app/engine/strategy_entry_supervisor.go:1104.2,1105.14 2 0
github.com/JungHoonGhae/tossinvest-cli/internal/app/engine/strategy_entry_supervisor.go:1105.14,1107.3 1 0
github.com/JungHoonGhae/tossinvest-cli/internal/app/engine/strategy_entry_supervisor.go:1108.2,1108.53 1 0
github.com/JungHoonGhae/tossinvest-cli/internal/app/engine/strategy_entry_supervisor.go:1108.53,1110.3 1 0
github.com/JungHoonGhae/tossinvest-cli/internal/app/engine/strategy_entry_supervisor.go:1111.2,1112.25 2 0
github.com/JungHoonGhae/tossinvest-cli/internal/app/engine/strategy_entry_supervisor.go:1112.25,1114.3 1 0
github.com/JungHoonGhae/tossinvest-cli/internal/app/engine/strategy_entry_supervisor.go:1115.2,1116.44 2 0
github.com/JungHoonGhae/tossinvest-cli/internal/app/engine/strategy_entry_supervisor.go:1116.44,1119.3 2 0
github.com/JungHoonGhae/tossinvest-cli/internal/app/engine/strategy_entry_supervisor.go:1120.2,1122.54 3 0
github.com/JungHoonGhae/tossinvest-cli/internal/app/engine/strategy_entry_supervisor.go:1122.54,1124.3 1 0
github.com/JungHoonGhae/tossinvest-cli/internal/app/engine/strategy_entry_supervisor.go:1125.2,1125.31 1 0
github.com/JungHoonGhae/tossinvest-cli/internal/app/engine/strategy_entry_supervisor.go:1125.31,1130.3 4 0
github.com/JungHoonGhae/tossinvest-cli/internal/app/engine/strategy_entry_supervisor.go:1131.2,1131.44 1 0
github.com/JungHoonGhae/tossinvest-cli/internal/app/engine/strategy_entry_supervisor.go:1131.44,1133.3 1 0
github.com/JungHoonGhae/tossinvest-cli/internal/app/engine/strategy_entry_supervisor.go:1134.2,1145.9 5 0
github.com/JungHoonGhae/tossinvest-cli/internal/app/engine/strategy_entry_supervisor.go:1146.25,1147.37 1 0
github.com/JungHoonGhae/tossinvest-cli/internal/app/engine/strategy_entry_supervisor.go:1148.10,1149.106 1 0
github.com/JungHoonGhae/tossinvest-cli/internal/app/engine/strategy_entry_supervisor.go:1153.59,1155.29 2 0
github.com/JungHoonGhae/tossinvest-cli/internal/app/engine/strategy_entry_supervisor.go:1155.29,1157.3 1 0
github.com/JungHoonGhae/tossinvest-cli/internal/app/engine/strategy_entry_supervisor.go:1158.2,1158.60 1 0
github.com/JungHoonGhae/tossinvest-cli/internal/app/engine/strategy_entry_supervisor.go:1161.84,1163.47 2 0
github.com/JungHoonGhae/tossinvest-cli/internal/app/engine/strategy_entry_supervisor.go:1163.47,1165.3 1 0
github.com/JungHoonGhae/tossinvest-cli/internal/app/engine/strategy_entry_supervisor.go:1166.2,1166.30 1 0
github.com/JungHoonGhae/tossinvest-cli/internal/app/engine/strategy_entry_supervisor.go:1169.82,1170.9 1 0
github.com/JungHoonGhae/tossinvest-cli/internal/app/engine/strategy_entry_supervisor.go:1171.22,1171.22 0 0
github.com/JungHoonGhae/tossinvest-cli/internal/app/engine/strategy_entry_supervisor.go:1172.10,1172.10 0 0
github.com/JungHoonGhae/tossinvest-cli/internal/app/engine/strategy_family_activation.go:79.49,81.2 1 1
github.com/JungHoonGhae/tossinvest-cli/internal/app/engine/strategy_family_activation.go:93.127,94.23 1 1
github.com/JungHoonGhae/tossinvest-cli/internal/app/engine/strategy_family_activation.go:94.23,96.3 1 1
github.com/JungHoonGhae/tossinvest-cli/internal/app/engine/strategy_family_activation.go:97.2,97.34 1 0
github.com/JungHoonGhae/tossinvest-cli/internal/app/engine/strategy_family_activation.go:97.34,98.33 1 0
github.com/JungHoonGhae/tossinvest-cli/internal/app/engine/strategy_family_activation.go:98.33,99.12 1 0
github.com/JungHoonGhae/tossinvest-cli/internal/app/engine/strategy_family_activation.go:101.3,102.87 2 0
github.com/JungHoonGhae/tossinvest-cli/internal/app/engine/strategy_family_activation.go:108.2,108.77 1 0
github.com/JungHoonGhae/tossinvest-cli/internal/app/engine/strategy_family_activation.go:117.22,118.19 1 1
github.com/JungHoonGhae/tossinvest-cli/internal/app/engine/strategy_family_activation.go:118.19,120.3 1 0
github.com/JungHoonGhae/tossinvest-cli/internal/app/engine/strategy_family_activation.go:124.2,125.17 2 1
github.com/JungHoonGhae/tossinvest-cli/internal/app/engine/strategy_family_activation.go:125.17,127.3 1 1
github.com/JungHoonGhae/tossinvest-cli/internal/app/engine/strategy_family_activation.go:128.2,132.76 2 1
github.com/JungHoonGhae/tossinvest-cli/internal/app/engine/strategy_family_activation.go:132.76,134.3 1 1
github.com/JungHoonGhae/tossinvest-cli/internal/app/engine/strategy_family_activation.go:135.2,138.42 2 0
github.com/JungHoonGhae/tossinvest-cli/internal/app/engine/strategy_family_activation.go:138.42,140.3 1 0
github.com/JungHoonGhae/tossinvest-cli/internal/app/engine/strategy_family_activation.go:141.2,141.65 1 0
github.com/JungHoonGhae/tossinvest-cli/internal/app/engine/strategy_family_activation.go:156.44,158.32 2 1
github.com/JungHoonGhae/tossinvest-cli/internal/app/engine/strategy_family_activation.go:158.32,160.3 1 1
github.com/JungHoonGhae/tossinvest-cli/internal/app/engine/strategy_family_activation.go:168.2,180.32 3 1
github.com/JungHoonGhae/tossinvest-cli/internal/app/engine/strategy_family_activation.go:180.32,182.3 1 1
github.com/JungHoonGhae/tossinvest-cli/internal/app/engine/strategy_family_activation.go:183.2,189.4 1 1
github.com/JungHoonGhae/tossinvest-cli/internal/app/engine/strategy_family_activation.go:198.90,204.39 2 1
github.com/JungHoonGhae/tossinvest-cli/internal/app/engine/strategy_family_activation.go:204.39,206.18 2 1
github.com/JungHoonGhae/tossinvest-cli/internal/app/engine/strategy_family_activation.go:206.18,208.4 1 0
github.com/JungHoonGhae/tossinvest-cli/internal/app/engine/strategy_family_activation.go:209.3,209.27 1 1
github.com/JungHoonGhae/tossinvest-cli/internal/app/engine/strategy_family_activation.go:211.2,211.20 1 1
github.com/JungHoonGhae/tossinvest-cli/internal/app/engine/strategy_family_activation.go:211.20,213.3 1 0
github.com/JungHoonGhae/tossinvest-cli/internal/app/engine/strategy_family_activation.go:214.2,214.26 1 1
github.com/JungHoonGhae/tossinvest-cli/internal/app/engine/strategy_family_activation.go:214.26,216.3 1 1
github.com/JungHoonGhae/tossinvest-cli/internal/app/engine/strategy_family_activation.go:217.2,217.18 1 0
github.com/JungHoonGhae/tossinvest-cli/internal/app/engine/strategy_first_leg_admission.go:67.149,69.2 1 1
github.com/JungHoonGhae/tossinvest-cli/internal/app/engine/strategy_first_leg_admission.go:74.130,76.24 2 1
github.com/JungHoonGhae/tossinvest-cli/internal/app/engine/strategy_first_leg_admission.go:76.24,78.3 1 0
github.com/JungHoonGhae/tossinvest-cli/internal/app/engine/strategy_first_leg_admission.go:79.2,79.54 1 1
github.com/JungHoonGhae/tossinvest-cli/internal/app/engine/strategy_first_leg_admission.go:79.54,81.3 1 0
github.com/JungHoonGhae/tossinvest-cli/internal/app/engine/strategy_first_leg_admission.go:82.2,83.16 2 1
github.com/JungHoonGhae/tossinvest-cli/internal/app/engine/strategy_first_leg_admission.go:83.16,87.3 3 1
github.com/JungHoonGhae/tossinvest-cli/internal/app/engine/strategy_first_leg_admission.go:88.2,88.79 1 1
github.com/JungHoonGhae/tossinvest-cli/internal/app/engine/strategy_first_leg_admission.go:88.79,90.3 1 0
github.com/JungHoonGhae/tossinvest-cli/internal/app/engine/strategy_first_leg_admission.go:91.2,92.16 2 1
github.com/JungHoonGhae/tossinvest-cli/internal/app/engine/strategy_first_leg_admission.go:92.16,98.125 2 0
github.com/JungHoonGhae/tossinvest-cli/internal/app/engine/strategy_first_leg_admission.go:98.125,99.73 1 0
github.com/JungHoonGhae/tossinvest-cli/internal/app/engine/strategy_first_leg_admission.go:99.73,101.5 1 0
github.com/JungHoonGhae/tossinvest-cli/internal/app/engine/strategy_first_leg_admission.go:103.3,103.17 1 0
github.com/JungHoonGhae/tossinvest-cli/internal/app/engine/strategy_first_leg_admission.go:105.2,106.16 2 1
github.com/JungHoonGhae/tossinvest-cli/internal/app/engine/strategy_first_leg_admission.go:106.16,108.3 1 1
github.com/JungHoonGhae/tossinvest-cli/internal/app/engine/strategy_first_leg_admission.go:109.2,109.123 1 1
github.com/JungHoonGhae/tossinvest-cli/internal/app/engine/strategy_first_leg_admission.go:119.125,123.16 4 1
github.com/JungHoonGhae/tossinvest-cli/internal/app/engine/strategy_first_leg_admission.go:124.31,125.47 1 1
github.com/JungHoonGhae/tossinvest-cli/internal/app/engine/strategy_first_leg_admission.go:126.31,127.47 1 0
github.com/JungHoonGhae/tossinvest-cli/internal/app/engine/strategy_first_leg_admission.go:128.10,129.146 1 0
github.com/JungHoonGhae/tossinvest-cli/internal/app/engine/strategy_first_leg_admission.go:131.2,144.13 3 1
github.com/JungHoonGhae/tossinvest-cli/internal/app/engine/strategy_first_leg_admission.go:144.13,146.3 1 0
github.com/JungHoonGhae/tossinvest-cli/internal/app/engine/strategy_first_leg_admission.go:147.2,147.109 1 1
github.com/JungHoonGhae/tossinvest-cli/internal/app/engine/strategy_first_leg_admission.go:147.109,148.121 1 1
github.com/JungHoonGhae/tossinvest-cli/internal/app/engine/strategy_first_leg_admission.go:148.121,150.4 1 0
github.com/JungHoonGhae/tossinvest-cli/internal/app/engine/strategy_first_leg_admission.go:152.2,152.52 1 1
github.com/JungHoonGhae/tossinvest-cli/internal/app/engine/strategy_first_leg_admission.go:155.128,160.55 2 1
github.com/JungHoonGhae/tossinvest-cli/internal/app/engine/strategy_first_leg_admission.go:160.55,162.3 1 0
github.com/JungHoonGhae/tossinvest-cli/internal/app/engine/strategy_first_leg_admission.go:163.2,167.38 5 1
github.com/JungHoonGhae/tossinvest-cli/internal/app/engine/strategy_first_leg_admission.go:167.38,169.3 1 0
github.com/JungHoonGhae/tossinvest-cli/internal/app/engine/strategy_first_leg_admission.go:170.2,176.117 2 1
github.com/JungHoonGhae/tossinvest-cli/internal/app/engine/strategy_first_leg_admission.go:176.117,178.3 1 0
github.com/JungHoonGhae/tossinvest-cli/internal/app/engine/strategy_first_leg_admission.go:179.2,182.129 1 1
github.com/JungHoonGhae/tossinvest-cli/internal/app/engine/strategy_first_leg_admission.go:182.129,184.3 1 0
github.com/JungHoonGhae/tossinvest-cli/internal/app/engine/strategy_first_leg_admission.go:185.2,186.133 1 1
github.com/JungHoonGhae/tossinvest-cli/internal/app/engine/strategy_first_leg_admission.go:186.133,188.3 1 0
github.com/JungHoonGhae/tossinvest-cli/internal/app/engine/strategy_first_leg_admission.go:189.2,189.12 1 1
github.com/JungHoonGhae/tossinvest-cli/internal/app/engine/strategy_first_leg_admission.go:192.143,194.2 1 1
github.com/JungHoonGhae/tossinvest-cli/internal/app/engine/strategy_first_leg_owner_scope.go:29.148,31.16 2 1
github.com/JungHoonGhae/tossinvest-cli/internal/app/engine/strategy_first_leg_owner_scope.go:31.16,33.3 1 0
github.com/JungHoonGhae/tossinvest-cli/internal/app/engine/strategy_first_leg_owner_scope.go:34.2,36.42 3 1
github.com/JungHoonGhae/tossinvest-cli/internal/app/engine/strategy_first_leg_owner_scope.go:36.42,39.17 3 1
github.com/JungHoonGhae/tossinvest-cli/internal/app/engine/strategy_first_leg_owner_scope.go:39.17,41.4 1 0
github.com/JungHoonGhae/tossinvest-cli/internal/app/engine/strategy_first_leg_owner_scope.go:42.3,42.18 1 1
github.com/JungHoonGhae/tossinvest-cli/internal/app/engine/strategy_first_leg_owner_scope.go:42.18,45.4 2 1
github.com/JungHoonGhae/tossinvest-cli/internal/app/engine/strategy_first_leg_owner_scope.go:47.2,47.18 1 1
github.com/JungHoonGhae/tossinvest-cli/internal/app/engine/strategy_first_leg_owner_scope.go:47.18,49.3 1 0
github.com/JungHoonGhae/tossinvest-cli/internal/app/engine/strategy_first_leg_owner_scope.go:50.2,50.21 1 1
github.com/JungHoonGhae/tossinvest-cli/internal/app/engine/strategy_first_leg_owner_scope.go:62.101,63.92 1 1
github.com/JungHoonGhae/tossinvest-cli/internal/app/engine/strategy_first_leg_owner_scope.go:63.92,66.3 2 1
github.com/JungHoonGhae/tossinvest-cli/internal/app/engine/strategy_first_leg_owner_scope.go:67.2,68.13 2 1
github.com/JungHoonGhae/tossinvest-cli/internal/app/engine/strategy_fx_authority.go:48.94,49.32 1 0
github.com/JungHoonGhae/tossinvest-cli/internal/app/engine/strategy_fx_authority.go:49.32,51.3 1 0
github.com/JungHoonGhae/tossinvest-cli/internal/app/engine/strategy_fx_authority.go:52.2,52.32 1 0
github.com/JungHoonGhae/tossinvest-cli/internal/app/engine/strategy_fx_authority.go:52.32,54.3 1 0
github.com/JungHoonGhae/tossinvest-cli/internal/app/engine/strategy_fx_authority.go:55.2,55.84 1 0
github.com/JungHoonGhae/tossinvest-cli/internal/app/engine/strategy_fx_authority.go:76.103,78.2 1 0
github.com/JungHoonGhae/tossinvest-cli/internal/app/engine/strategy_fx_authority.go:80.103,82.2 1 0
github.com/JungHoonGhae/tossinvest-cli/internal/app/engine/strategy_fx_authority.go:84.124,87.32 3 0
github.com/JungHoonGhae/tossinvest-cli/internal/app/engine/strategy_fx_authority.go:87.32,89.3 1 0
github.com/JungHoonGhae/tossinvest-cli/internal/app/engine/strategy_fx_authority.go:89.8,91.3 1 0
github.com/JungHoonGhae/tossinvest-cli/internal/app/engine/strategy_fx_authority.go:92.2,92.16 1 0
github.com/JungHoonGhae/tossinvest-cli/internal/app/engine/strategy_fx_authority.go:92.16,94.3 1 0
github.com/JungHoonGhae/tossinvest-cli/internal/app/engine/strategy_fx_authority.go:95.2,96.32 2 0
github.com/JungHoonGhae/tossinvest-cli/internal/app/engine/strategy_fx_authority.go:96.32,98.3 1 0
github.com/JungHoonGhae/tossinvest-cli/internal/app/engine/strategy_fx_authority.go:99.2,99.95 1 0
github.com/JungHoonGhae/tossinvest-cli/internal/app/engine/strategy_fx_authority.go:99.95,101.3 1 0
github.com/JungHoonGhae/tossinvest-cli/internal/app/engine/strategy_fx_authority.go:102.2,103.54 1 0
github.com/JungHoonGhae/tossinvest-cli/internal/app/engine/strategy_fx_authority.go:118.96,119.32 1 1
github.com/JungHoonGhae/tossinvest-cli/internal/app/engine/strategy_fx_authority.go:119.32,121.3 1 1
github.com/JungHoonGhae/tossinvest-cli/internal/app/engine/strategy_fx_authority.go:122.2,122.32 1 1
github.com/JungHoonGhae/tossinvest-cli/internal/app/engine/strategy_fx_authority.go:122.32,124.3 1 1
github.com/JungHoonGhae/tossinvest-cli/internal/app/engine/strategy_fx_authority.go:125.2,125.50 1 0
github.com/JungHoonGhae/tossinvest-cli/internal/app/engine/strategy_fx_authority.go:128.73,130.2 1 0
github.com/JungHoonGhae/tossinvest-cli/internal/app/engine/strategy_fx_authority.go:139.30,140.19 1 0
github.com/JungHoonGhae/tossinvest-cli/internal/app/engine/strategy_fx_authority.go:140.19,142.3 1 0
github.com/JungHoonGhae/tossinvest-cli/internal/app/engine/strategy_fx_authority.go:143.2,145.106 3 0
github.com/JungHoonGhae/tossinvest-cli/internal/app/engine/strategy_fx_authority.go:145.106,147.3 1 0
github.com/JungHoonGhae/tossinvest-cli/internal/app/engine/strategy_fx_authority.go:148.2,153.25 1 0
github.com/JungHoonGhae/tossinvest-cli/internal/app/engine/strategy_fx_authority.go:153.25,153.52 1 0
github.com/JungHoonGhae/tossinvest-cli/internal/app/engine/strategy_fx_authority.go:155.2,158.4 2 0
github.com/JungHoonGhae/tossinvest-cli/internal/app/engine/strategy_fx_authority.go:161.138,163.81 1 0
github.com/JungHoonGhae/tossinvest-cli/internal/app/engine/strategy_fx_authority.go:163.81,165.3 1 0
github.com/JungHoonGhae/tossinvest-cli/internal/app/engine/strategy_fx_authority.go:166.2,171.78 3 0
github.com/JungHoonGhae/tossinvest-cli/internal/app/engine/strategy_fx_authority.go:171.78,173.13 2 0
github.com/JungHoonGhae/tossinvest-cli/internal/app/engine/strategy_fx_authority.go:173.13,176.11 2 0
github.com/JungHoonGhae/tossinvest-cli/internal/app/engine/strategy_fx_authority.go:176.11,177.18 1 0
github.com/JungHoonGhae/tossinvest-cli/internal/app/engine/strategy_fx_authority.go:177.18,178.26 1 0
github.com/JungHoonGhae/tossinvest-cli/internal/app/engine/strategy_fx_authority.go:178.26,181.7 1 0
github.com/JungHoonGhae/tossinvest-cli/internal/app/engine/strategy_fx_authority.go:183.5,183.77 1 0
github.com/JungHoonGhae/tossinvest-cli/internal/app/engine/strategy_fx_authority.go:185.4,185.58 1 0
github.com/JungHoonGhae/tossinvest-cli/internal/app/engine/strategy_fx_authority.go:188.2,189.37 2 0
github.com/JungHoonGhae/tossinvest-cli/internal/app/engine/strategy_fx_authority.go:189.37,191.40 2 0
github.com/JungHoonGhae/tossinvest-cli/internal/app/engine/strategy_fx_authority.go:191.40,193.4 1 0
github.com/JungHoonGhae/tossinvest-cli/internal/app/engine/strategy_fx_authority.go:193.9,195.4 1 0
github.com/JungHoonGhae/tossinvest-cli/internal/app/engine/strategy_fx_authority.go:197.2,197.13 1 0
github.com/JungHoonGhae/tossinvest-cli/internal/app/engine/strategy_fx_authority.go:200.170,201.66 1 0
github.com/JungHoonGhae/tossinvest-cli/internal/app/engine/strategy_fx_authority.go:201.66,204.3 1 0
github.com/JungHoonGhae/tossinvest-cli/internal/app/engine/strategy_fx_authority.go:205.2,205.31 1 0
github.com/JungHoonGhae/tossinvest-cli/internal/app/engine/strategy_fx_authority.go:205.31,207.3 1 0
github.com/JungHoonGhae/tossinvest-cli/internal/app/engine/strategy_fx_authority.go:208.2,210.32 3 0
github.com/JungHoonGhae/tossinvest-cli/internal/app/engine/strategy_fx_authority.go:210.32,212.3 1 0
github.com/JungHoonGhae/tossinvest-cli/internal/app/engine/strategy_fx_authority.go:212.8,214.3 1 0
github.com/JungHoonGhae/tossinvest-cli/internal/app/engine/strategy_fx_authority.go:215.2,216.32 2 0
github.com/JungHoonGhae/tossinvest-cli/internal/app/engine/strategy_fx_authority.go:216.32,218.3 1 0
github.com/JungHoonGhae/tossinvest-cli/internal/app/engine/strategy_fx_authority.go:219.2,220.96 1 0
github.com/JungHoonGhae/tossinvest-cli/internal/app/engine/strategy_fx_authority.go:220.96,222.3 1 0
github.com/JungHoonGhae/tossinvest-cli/internal/app/engine/strategy_fx_authority.go:223.2,225.86 1 0
github.com/JungHoonGhae/tossinvest-cli/internal/app/engine/strategy_fx_authority.go:228.47,229.123 1 0
github.com/JungHoonGhae/tossinvest-cli/internal/app/engine/strategy_fx_authority.go:229.123,231.3 1 0
github.com/JungHoonGhae/tossinvest-cli/internal/app/engine/strategy_fx_authority.go:232.2,233.50 2 0
github.com/JungHoonGhae/tossinvest-cli/internal/app/engine/strategy_fx_authority.go:236.98,237.65 1 0
github.com/JungHoonGhae/tossinvest-cli/internal/app/engine/strategy_fx_authority.go:237.65,239.3 1 0
github.com/JungHoonGhae/tossinvest-cli/internal/app/engine/strategy_fx_authority.go:240.2,240.116 1 0
github.com/JungHoonGhae/tossinvest-cli/internal/app/engine/strategy_lane_latch.go:48.99,50.32 2 0
github.com/JungHoonGhae/tossinvest-cli/internal/app/engine/strategy_lane_latch.go:50.32,57.3 1 0
github.com/JungHoonGhae/tossinvest-cli/internal/app/engine/strategy_lane_latch.go:58.2,58.17 1 0
github.com/JungHoonGhae/tossinvest-cli/internal/app/engine/strategy_lane_latch.go:66.79,67.20 1 0
github.com/JungHoonGhae/tossinvest-cli/internal/app/engine/strategy_lane_latch.go:67.20,69.3 1 0
github.com/JungHoonGhae/tossinvest-cli/internal/app/engine/strategy_lane_latch.go:70.2,72.22 3 0
github.com/JungHoonGhae/tossinvest-cli/internal/app/engine/strategy_lane_latch.go:72.22,74.3 1 0
github.com/JungHoonGhae/tossinvest-cli/internal/app/engine/strategy_lane_latch.go:77.2,77.55 1 0
github.com/JungHoonGhae/tossinvest-cli/internal/app/engine/strategy_lane_latch.go:77.55,80.3 2 0
github.com/JungHoonGhae/tossinvest-cli/internal/app/engine/strategy_lane_latch.go:81.2,82.16 2 0
github.com/JungHoonGhae/tossinvest-cli/internal/app/engine/strategy_lane_latch.go:82.16,84.3 1 0
github.com/JungHoonGhae/tossinvest-cli/internal/app/engine/strategy_lane_latch.go:85.2,90.36 6 0
github.com/JungHoonGhae/tossinvest-cli/internal/app/engine/strategy_lane_latch.go:90.36,92.3 1 0
github.com/JungHoonGhae/tossinvest-cli/internal/app/engine/strategy_lane_latch.go:93.2,93.29 1 0
github.com/JungHoonGhae/tossinvest-cli/internal/app/engine/strategy_lane_latch.go:93.29,96.40 2 0
github.com/JungHoonGhae/tossinvest-cli/internal/app/engine/strategy_lane_latch.go:96.40,100.12 2 0
github.com/JungHoonGhae/tossinvest-cli/internal/app/engine/strategy_lane_latch.go:102.3,102.31 1 0
github.com/JungHoonGhae/tossinvest-cli/internal/app/engine/strategy_lane_latch.go:104.2,105.12 2 0
github.com/JungHoonGhae/tossinvest-cli/internal/app/engine/strategy_lane_latch.go:117.82,122.42 5 0
github.com/JungHoonGhae/tossinvest-cli/internal/app/engine/strategy_lane_latch.go:122.42,123.58 1 0
github.com/JungHoonGhae/tossinvest-cli/internal/app/engine/strategy_lane_latch.go:123.58,125.4 1 0
github.com/JungHoonGhae/tossinvest-cli/internal/app/engine/strategy_lane_latch.go:127.2,127.21 1 0
github.com/JungHoonGhae/tossinvest-cli/internal/app/engine/strategy_lane_latch.go:127.21,129.3 1 0
github.com/JungHoonGhae/tossinvest-cli/internal/app/engine/strategy_lane_latch.go:130.2,131.70 1 0
github.com/JungHoonGhae/tossinvest-cli/internal/app/engine/strategy_lane_latch.go:151.9,152.74 1 0
github.com/JungHoonGhae/tossinvest-cli/internal/app/engine/strategy_lane_latch.go:152.74,154.3 1 0
github.com/JungHoonGhae/tossinvest-cli/internal/app/engine/strategy_lane_latch.go:155.2,158.42 4 0
github.com/JungHoonGhae/tossinvest-cli/internal/app/engine/strategy_lane_latch.go:158.42,159.33 1 0
github.com/JungHoonGhae/tossinvest-cli/internal/app/engine/strategy_lane_latch.go:159.33,161.4 1 0
github.com/JungHoonGhae/tossinvest-cli/internal/app/engine/strategy_lane_latch.go:164.2,164.42 1 0
github.com/JungHoonGhae/tossinvest-cli/internal/app/engine/strategy_lane_latch.go:164.42,165.58 1 0
github.com/JungHoonGhae/tossinvest-cli/internal/app/engine/strategy_lane_latch.go:165.58,167.4 1 0
github.com/JungHoonGhae/tossinvest-cli/internal/app/engine/strategy_lane_latch.go:169.2,171.32 2 0
github.com/JungHoonGhae/tossinvest-cli/internal/app/engine/strategy_lane_latch.go:171.32,172.103 1 0
github.com/JungHoonGhae/tossinvest-cli/internal/app/engine/strategy_lane_latch.go:172.103,175.68 1 0
github.com/JungHoonGhae/tossinvest-cli/internal/app/engine/strategy_lane_latch.go:175.68,176.13 1 0
github.com/JungHoonGhae/tossinvest-cli/internal/app/engine/strategy_lane_latch.go:178.4,178.72 1 0
github.com/JungHoonGhae/tossinvest-cli/internal/app/engine/strategy_lane_latch.go:180.3,182.38 2 0
github.com/JungHoonGhae/tossinvest-cli/internal/app/engine/strategy_lane_latch.go:184.2,184.12 1 0
github.com/JungHoonGhae/tossinvest-cli/internal/app/engine/strategy_lane_latch.go:193.72,195.25 2 0
github.com/JungHoonGhae/tossinvest-cli/internal/app/engine/strategy_lane_latch.go:195.25,197.3 1 0
github.com/JungHoonGhae/tossinvest-cli/internal/app/engine/strategy_lane_latch.go:198.2,200.41 3 0
github.com/JungHoonGhae/tossinvest-cli/internal/app/engine/strategy_lane_latch.go:200.41,201.24 1 0
github.com/JungHoonGhae/tossinvest-cli/internal/app/engine/strategy_lane_latch.go:201.24,202.12 1 0
github.com/JungHoonGhae/tossinvest-cli/internal/app/engine/strategy_lane_latch.go:204.3,204.35 1 0
github.com/JungHoonGhae/tossinvest-cli/internal/app/engine/strategy_lane_latch.go:204.35,205.30 1 0
github.com/JungHoonGhae/tossinvest-cli/internal/app/engine/strategy_lane_latch.go:205.30,207.5 1 0
github.com/JungHoonGhae/tossinvest-cli/internal/app/engine/strategy_lane_latch.go:210.2,210.30 1 0
github.com/JungHoonGhae/tossinvest-cli/internal/app/engine/strategy_lane_latch.go:214.65,218.42 4 0
github.com/JungHoonGhae/tossinvest-cli/internal/app/engine/strategy_lane_latch.go:218.42,219.23 1 0
github.com/JungHoonGhae/tossinvest-cli/internal/app/engine/strategy_lane_latch.go:219.23,221.4 1 0
github.com/JungHoonGhae/tossinvest-cli/internal/app/engine/strategy_lane_latch.go:223.2,223.26 1 0
github.com/JungHoonGhae/tossinvest-cli/internal/app/engine/strategy_lane_latch.go:234.9,235.73 1 0
github.com/JungHoonGhae/tossinvest-cli/internal/app/engine/strategy_lane_latch.go:235.73,237.3 1 0
github.com/JungHoonGhae/tossinvest-cli/internal/app/engine/strategy_lane_latch.go:238.2,238.48 1 0
github.com/JungHoonGhae/tossinvest-cli/internal/app/engine/strategy_lane_latch.go:238.48,239.22 1 0
github.com/JungHoonGhae/tossinvest-cli/internal/app/engine/strategy_lane_latch.go:239.22,240.12 1 0
github.com/JungHoonGhae/tossinvest-cli/internal/app/engine/strategy_lane_latch.go:242.3,246.12 5 0
github.com/JungHoonGhae/tossinvest-cli/internal/app/engine/strategy_lane_latch.go:246.12,247.12 1 0
github.com/JungHoonGhae/tossinvest-cli/internal/app/engine/strategy_lane_latch.go:249.3,256.17 2 0
github.com/JungHoonGhae/tossinvest-cli/internal/app/engine/strategy_lane_latch.go:256.17,258.4 1 0
github.com/JungHoonGhae/tossinvest-cli/internal/app/engine/strategy_lane_latch.go:259.3,261.22 3 0
github.com/JungHoonGhae/tossinvest-cli/internal/app/engine/strategy_lane_latch.go:263.2,263.12 1 0
github.com/JungHoonGhae/tossinvest-cli/internal/app/engine/strategy_lane_latch.go:269.74,271.2 1 0
github.com/JungHoonGhae/tossinvest-cli/internal/app/engine/strategy_lane_runtime.go:87.113,88.16 1 0
github.com/JungHoonGhae/tossinvest-cli/internal/app/engine/strategy_lane_runtime.go:88.16,90.3 1 0
github.com/JungHoonGhae/tossinvest-cli/internal/app/engine/strategy_lane_runtime.go:91.2,94.64 2 0
github.com/JungHoonGhae/tossinvest-cli/internal/app/engine/strategy_lane_runtime.go:106.111,107.28 1 0
github.com/JungHoonGhae/tossinvest-cli/internal/app/engine/strategy_lane_runtime.go:107.28,109.3 1 0
github.com/JungHoonGhae/tossinvest-cli/internal/app/engine/strategy_lane_runtime.go:110.2,112.28 3 0
github.com/JungHoonGhae/tossinvest-cli/internal/app/engine/strategy_lane_runtime.go:112.28,116.23 2 0
github.com/JungHoonGhae/tossinvest-cli/internal/app/engine/strategy_lane_runtime.go:116.23,118.4 1 0
github.com/JungHoonGhae/tossinvest-cli/internal/app/engine/strategy_lane_runtime.go:119.3,119.70 1 0
github.com/JungHoonGhae/tossinvest-cli/internal/app/engine/strategy_lane_runtime.go:121.2,121.60 1 0
github.com/JungHoonGhae/tossinvest-cli/internal/app/engine/strategy_lane_runtime.go:121.60,123.3 1 0
github.com/JungHoonGhae/tossinvest-cli/internal/app/engine/strategy_lane_runtime.go:124.2,124.29 1 0
github.com/JungHoonGhae/tossinvest-cli/internal/app/engine/strategy_lane_runtime.go:131.92,132.20 1 0
github.com/JungHoonGhae/tossinvest-cli/internal/app/engine/strategy_lane_runtime.go:132.20,134.3 1 0
github.com/JungHoonGhae/tossinvest-cli/internal/app/engine/strategy_lane_runtime.go:135.2,139.37 5 0
github.com/JungHoonGhae/tossinvest-cli/internal/app/engine/strategy_lane_runtime.go:139.37,140.40 1 0
github.com/JungHoonGhae/tossinvest-cli/internal/app/engine/strategy_lane_runtime.go:140.40,142.4 1 0
github.com/JungHoonGhae/tossinvest-cli/internal/app/engine/strategy_lane_runtime.go:144.2,144.17 1 0
github.com/JungHoonGhae/tossinvest-cli/internal/app/engine/strategy_lane_runtime.go:166.23,167.91 1 0
github.com/JungHoonGhae/tossinvest-cli/internal/app/engine/strategy_lane_runtime.go:167.91,169.3 1 0
github.com/JungHoonGhae/tossinvest-cli/internal/app/engine/strategy_lane_runtime.go:193.9,194.20 1 0
github.com/JungHoonGhae/tossinvest-cli/internal/app/engine/strategy_lane_runtime.go:194.20,196.3 1 0
github.com/JungHoonGhae/tossinvest-cli/internal/app/engine/strategy_lane_runtime.go:200.2,200.86 1 0
github.com/JungHoonGhae/tossinvest-cli/internal/app/engine/strategy_lane_runtime.go:200.86,202.3 1 0
github.com/JungHoonGhae/tossinvest-cli/internal/app/engine/strategy_lane_runtime.go:203.2,205.29 3 0
github.com/JungHoonGhae/tossinvest-cli/internal/app/engine/strategy_lane_runtime.go:205.29,207.36 2 0
github.com/JungHoonGhae/tossinvest-cli/internal/app/engine/strategy_lane_runtime.go:207.36,208.37 1 0
github.com/JungHoonGhae/tossinvest-cli/internal/app/engine/strategy_lane_runtime.go:208.37,210.10 2 0
github.com/JungHoonGhae/tossinvest-cli/internal/app/engine/strategy_lane_runtime.go:213.3,213.84 1 0
github.com/JungHoonGhae/tossinvest-cli/internal/app/engine/strategy_lane_runtime.go:215.2,218.107 2 0
github.com/JungHoonGhae/tossinvest-cli/internal/app/engine/strategy_lane_runtime.go:218.107,220.3 1 0
github.com/JungHoonGhae/tossinvest-cli/internal/app/engine/strategy_lane_runtime.go:223.2,223.40 1 0
github.com/JungHoonGhae/tossinvest-cli/internal/app/engine/strategy_lane_runtime.go:232.110,234.42 2 0
github.com/JungHoonGhae/tossinvest-cli/internal/app/engine/strategy_lane_runtime.go:234.42,243.3 1 0
github.com/JungHoonGhae/tossinvest-cli/internal/app/engine/strategy_lane_runtime.go:244.2,244.15 1 0
github.com/JungHoonGhae/tossinvest-cli/internal/app/engine/strategy_lane_runtime.go:254.27,256.59 2 0
github.com/JungHoonGhae/tossinvest-cli/internal/app/engine/strategy_lane_runtime.go:256.59,259.3 2 0
github.com/JungHoonGhae/tossinvest-cli/internal/app/engine/strategy_lane_runtime.go:260.2,268.24 9 0
github.com/JungHoonGhae/tossinvest-cli/internal/app/engine/strategy_lane_runtime.go:268.24,270.3 1 0
github.com/JungHoonGhae/tossinvest-cli/internal/app/engine/strategy_lane_runtime.go:271.2,273.20 3 0
github.com/JungHoonGhae/tossinvest-cli/internal/app/engine/strategy_lane_runtime.go:277.84,278.46 1 0
github.com/JungHoonGhae/tossinvest-cli/internal/app/engine/strategy_lane_runtime.go:278.46,280.3 1 0
github.com/JungHoonGhae/tossinvest-cli/internal/app/engine/strategy_lane_runtime.go:281.2,283.43 3 0
github.com/JungHoonGhae/tossinvest-cli/internal/app/engine/strategy_lane_runtime.go:283.43,285.3 1 0
github.com/JungHoonGhae/tossinvest-cli/internal/app/engine/strategy_lane_runtime.go:293.78,294.20 1 0
github.com/JungHoonGhae/tossinvest-cli/internal/app/engine/strategy_lane_runtime.go:294.20,296.3 1 0
github.com/JungHoonGhae/tossinvest-cli/internal/app/engine/strategy_lane_runtime.go:297.2,300.37 4 0
github.com/JungHoonGhae/tossinvest-cli/internal/app/engine/strategy_lane_runtime.go:300.37,303.12 3 0
github.com/JungHoonGhae/tossinvest-cli/internal/app/engine/strategy_lane_runtime.go:303.12,305.4 1 0
github.com/JungHoonGhae/tossinvest-cli/internal/app/engine/strategy_lane_runtime.go:306.3,306.39 1 0
github.com/JungHoonGhae/tossinvest-cli/internal/app/engine/strategy_lane_runtime.go:308.2,308.15 1 0
github.com/JungHoonGhae/tossinvest-cli/internal/app/engine/strategy_market_coordinator.go:59.36,64.31 5 1
github.com/JungHoonGhae/tossinvest-cli/internal/app/engine/strategy_market_coordinator.go:64.31,66.22 2 1
github.com/JungHoonGhae/tossinvest-cli/internal/app/engine/strategy_market_coordinator.go:66.22,68.12 2 0
github.com/JungHoonGhae/tossinvest-cli/internal/app/engine/strategy_market_coordinator.go:70.3,75.30 3 1
github.com/JungHoonGhae/tossinvest-cli/internal/app/engine/strategy_market_coordinator.go:75.30,93.11 4 1
github.com/JungHoonGhae/tossinvest-cli/internal/app/engine/strategy_market_coordinator.go:93.11,96.13 3 0
github.com/JungHoonGhae/tossinvest-cli/internal/app/engine/strategy_market_coordinator.go:98.4,98.48 1 1
github.com/JungHoonGhae/tossinvest-cli/internal/app/engine/strategy_market_coordinator.go:98.48,100.5 1 0
github.com/JungHoonGhae/tossinvest-cli/internal/app/engine/strategy_market_coordinator.go:101.4,102.27 2 1
github.com/JungHoonGhae/tossinvest-cli/internal/app/engine/strategy_market_coordinator.go:102.27,104.13 1 1
github.com/JungHoonGhae/tossinvest-cli/internal/app/engine/strategy_market_coordinator.go:106.4,106.76 1 1
github.com/JungHoonGhae/tossinvest-cli/internal/app/engine/strategy_market_coordinator.go:106.76,116.5 3 0
github.com/JungHoonGhae/tossinvest-cli/internal/app/engine/strategy_market_coordinator.go:117.4,117.115 1 1
github.com/JungHoonGhae/tossinvest-cli/internal/app/engine/strategy_market_coordinator.go:119.3,119.33 1 1
github.com/JungHoonGhae/tossinvest-cli/internal/app/engine/strategy_market_coordinator.go:119.33,121.4 1 0
github.com/JungHoonGhae/tossinvest-cli/internal/app/engine/strategy_market_coordinator.go:123.2,124.29 2 1
github.com/JungHoonGhae/tossinvest-cli/internal/app/engine/strategy_market_coordinator.go:130.97,132.59 2 1
github.com/JungHoonGhae/tossinvest-cli/internal/app/engine/strategy_market_coordinator.go:132.59,134.10 2 1
github.com/JungHoonGhae/tossinvest-cli/internal/app/engine/strategy_market_coordinator.go:134.10,136.4 1 0
github.com/JungHoonGhae/tossinvest-cli/internal/app/engine/strategy_market_coordinator.go:137.3,137.33 1 1
github.com/JungHoonGhae/tossinvest-cli/internal/app/engine/strategy_market_coordinator.go:139.2,139.21 1 1
github.com/JungHoonGhae/tossinvest-cli/internal/app/engine/strategy_market_handoff_delivery.go:34.9,35.94 1 1
github.com/JungHoonGhae/tossinvest-cli/internal/app/engine/strategy_market_handoff_delivery.go:35.94,38.17 3 1
github.com/JungHoonGhae/tossinvest-cli/internal/app/engine/strategy_market_handoff_delivery.go:38.17,40.4 1 0
github.com/JungHoonGhae/tossinvest-cli/internal/app/engine/strategy_market_handoff_delivery.go:41.3,41.66 1 1
github.com/JungHoonGhae/tossinvest-cli/internal/app/engine/strategy_market_handoff_delivery.go:41.66,43.4 1 0
github.com/JungHoonGhae/tossinvest-cli/internal/app/engine/strategy_market_handoff_delivery.go:44.3,45.63 2 1
github.com/JungHoonGhae/tossinvest-cli/internal/app/engine/strategy_market_handoff_delivery.go:45.63,47.4 1 0
github.com/JungHoonGhae/tossinvest-cli/internal/app/engine/strategy_market_handoff_delivery.go:48.3,48.13 1 1
github.com/JungHoonGhae/tossinvest-cli/internal/app/engine/strategy_market_handoff_delivery.go:62.119,64.35 2 1
github.com/JungHoonGhae/tossinvest-cli/internal/app/engine/strategy_market_handoff_delivery.go:64.35,66.17 2 1
github.com/JungHoonGhae/tossinvest-cli/internal/app/engine/strategy_market_handoff_delivery.go:66.17,67.12 1 1
github.com/JungHoonGhae/tossinvest-cli/internal/app/engine/strategy_market_handoff_delivery.go:69.3,70.29 2 1
github.com/JungHoonGhae/tossinvest-cli/internal/app/engine/strategy_market_handoff_delivery.go:70.29,72.12 2 1
github.com/JungHoonGhae/tossinvest-cli/internal/app/engine/strategy_market_handoff_delivery.go:75.3,75.24 1 1
github.com/JungHoonGhae/tossinvest-cli/internal/app/engine/strategy_market_handoff_delivery.go:75.24,77.4 1 1
github.com/JungHoonGhae/tossinvest-cli/internal/app/engine/strategy_market_handoff_delivery.go:78.3,78.46 1 0
github.com/JungHoonGhae/tossinvest-cli/internal/app/engine/strategy_market_handoff_delivery.go:80.2,80.32 1 1
github.com/JungHoonGhae/tossinvest-cli/internal/app/engine/strategy_owner_scope_authority.go:40.104,41.41 1 1
github.com/JungHoonGhae/tossinvest-cli/internal/app/engine/strategy_owner_scope_authority.go:41.41,42.23 1 1
github.com/JungHoonGhae/tossinvest-cli/internal/app/engine/strategy_owner_scope_authority.go:42.23,43.12 1 1
github.com/JungHoonGhae/tossinvest-cli/internal/app/engine/strategy_owner_scope_authority.go:45.3,45.25 1 1
github.com/JungHoonGhae/tossinvest-cli/internal/app/engine/strategy_owner_scope_authority.go:45.25,47.4 1 0
github.com/JungHoonGhae/tossinvest-cli/internal/app/engine/strategy_owner_scope_authority.go:48.3,48.87 1 1
github.com/JungHoonGhae/tossinvest-cli/internal/app/engine/strategy_owner_scope_authority.go:50.2,50.91 1 1
github.com/JungHoonGhae/tossinvest-cli/internal/app/engine/strategy_owner_scope_authority.go:57.102,58.41 1 0
github.com/JungHoonGhae/tossinvest-cli/internal/app/engine/strategy_owner_scope_authority.go:58.41,59.23 1 0
github.com/JungHoonGhae/tossinvest-cli/internal/app/engine/strategy_owner_scope_authority.go:59.23,60.12 1 0
github.com/JungHoonGhae/tossinvest-cli/internal/app/engine/strategy_owner_scope_authority.go:62.3,62.25 1 0
github.com/JungHoonGhae/tossinvest-cli/internal/app/engine/strategy_owner_scope_authority.go:62.25,64.4 1 0
github.com/JungHoonGhae/tossinvest-cli/internal/app/engine/strategy_owner_scope_authority.go:65.3,65.21 1 0
github.com/JungHoonGhae/tossinvest-cli/internal/app/engine/strategy_owner_scope_authority.go:67.2,67.87 1 0
github.com/JungHoonGhae/tossinvest-cli/internal/app/engine/strategy_owner_scope_authority.go:71.87,74.2 2 1
github.com/JungHoonGhae/tossinvest-cli/internal/app/engine/strategy_owner_scope_authority.go:88.53,91.26 2 1
github.com/JungHoonGhae/tossinvest-cli/internal/app/engine/strategy_owner_scope_authority.go:91.26,93.3 1 1
github.com/JungHoonGhae/tossinvest-cli/internal/app/engine/strategy_owner_scope_authority.go:94.2,94.16 1 1
github.com/JungHoonGhae/tossinvest-cli/internal/app/engine/strategy_owner_scope_authority.go:98.53,98.77 1 1
github.com/JungHoonGhae/tossinvest-cli/internal/app/engine/strategy_proposal_authority.go:130.106,131.32 1 0
github.com/JungHoonGhae/tossinvest-cli/internal/app/engine/strategy_proposal_authority.go:131.32,133.3 1 0
github.com/JungHoonGhae/tossinvest-cli/internal/app/engine/strategy_proposal_authority.go:134.2,134.32 1 0
github.com/JungHoonGhae/tossinvest-cli/internal/app/engine/strategy_proposal_authority.go:134.32,136.3 1 0
github.com/JungHoonGhae/tossinvest-cli/internal/app/engine/strategy_proposal_authority.go:137.2,137.96 1 0
github.com/JungHoonGhae/tossinvest-cli/internal/app/engine/strategy_proposal_authority.go:160.101,162.2 1 1
github.com/JungHoonGhae/tossinvest-cli/internal/app/engine/strategy_proposal_authority.go:169.108,170.32 1 1
github.com/JungHoonGhae/tossinvest-cli/internal/app/engine/strategy_proposal_authority.go:170.32,172.3 1 1
github.com/JungHoonGhae/tossinvest-cli/internal/app/engine/strategy_proposal_authority.go:173.2,173.32 1 1
github.com/JungHoonGhae/tossinvest-cli/internal/app/engine/strategy_proposal_authority.go:173.32,175.3 1 1
github.com/JungHoonGhae/tossinvest-cli/internal/app/engine/strategy_proposal_authority.go:176.2,176.56 1 0
github.com/JungHoonGhae/tossinvest-cli/internal/app/engine/strategy_proposal_authority.go:179.85,181.2 1 0
github.com/JungHoonGhae/tossinvest-cli/internal/app/engine/strategy_proposal_authority.go:183.89,184.110 1 1
github.com/JungHoonGhae/tossinvest-cli/internal/app/engine/strategy_proposal_authority.go:184.110,194.36 3 1
github.com/JungHoonGhae/tossinvest-cli/internal/app/engine/strategy_proposal_authority.go:194.36,196.45 2 1
github.com/JungHoonGhae/tossinvest-cli/internal/app/engine/strategy_proposal_authority.go:196.45,198.5 1 0
github.com/JungHoonGhae/tossinvest-cli/internal/app/engine/strategy_proposal_authority.go:199.4,199.37 1 1
github.com/JungHoonGhae/tossinvest-cli/internal/app/engine/strategy_proposal_authority.go:201.3,201.24 1 1
github.com/JungHoonGhae/tossinvest-cli/internal/app/engine/strategy_proposal_authority.go:201.24,203.4 1 0
github.com/JungHoonGhae/tossinvest-cli/internal/app/engine/strategy_proposal_authority.go:204.3,205.62 2 1
github.com/JungHoonGhae/tossinvest-cli/internal/app/engine/strategy_proposal_authority.go:205.62,207.4 1 1
github.com/JungHoonGhae/tossinvest-cli/internal/app/engine/strategy_proposal_authority.go:208.3,208.19 1 1
github.com/JungHoonGhae/tossinvest-cli/internal/app/engine/strategy_proposal_authority.go:210.2,210.145 1 1
github.com/JungHoonGhae/tossinvest-cli/internal/app/engine/strategy_proposal_authority.go:242.127,243.19 1 0
github.com/JungHoonGhae/tossinvest-cli/internal/app/engine/strategy_proposal_authority.go:243.19,245.3 1 0
github.com/JungHoonGhae/tossinvest-cli/internal/app/engine/strategy_proposal_authority.go:246.2,247.15 2 0
github.com/JungHoonGhae/tossinvest-cli/internal/app/engine/strategy_proposal_authority.go:250.159,251.19 1 1
github.com/JungHoonGhae/tossinvest-cli/internal/app/engine/strategy_proposal_authority.go:251.19,253.3 1 0
github.com/JungHoonGhae/tossinvest-cli/internal/app/engine/strategy_proposal_authority.go:254.2,256.55 1 1
github.com/JungHoonGhae/tossinvest-cli/internal/app/engine/strategy_proposal_authority.go:259.210,260.159 1 1
github.com/JungHoonGhae/tossinvest-cli/internal/app/engine/strategy_proposal_authority.go:260.159,262.3 1 0
github.com/JungHoonGhae/tossinvest-cli/internal/app/engine/strategy_proposal_authority.go:263.2,268.78 3 1
github.com/JungHoonGhae/tossinvest-cli/internal/app/engine/strategy_proposal_authority.go:268.78,270.13 2 1
github.com/JungHoonGhae/tossinvest-cli/internal/app/engine/strategy_proposal_authority.go:270.13,272.11 2 1
github.com/JungHoonGhae/tossinvest-cli/internal/app/engine/strategy_proposal_authority.go:272.11,273.18 1 1
github.com/JungHoonGhae/tossinvest-cli/internal/app/engine/strategy_proposal_authority.go:273.18,274.26 1 1
github.com/JungHoonGhae/tossinvest-cli/internal/app/engine/strategy_proposal_authority.go:274.26,276.7 1 0
github.com/JungHoonGhae/tossinvest-cli/internal/app/engine/strategy_proposal_authority.go:278.5,278.135 1 1
github.com/JungHoonGhae/tossinvest-cli/internal/app/engine/strategy_proposal_authority.go:280.4,280.53 1 1
github.com/JungHoonGhae/tossinvest-cli/internal/app/engine/strategy_proposal_authority.go:283.2,284.14 2 1
github.com/JungHoonGhae/tossinvest-cli/internal/app/engine/strategy_proposal_authority.go:284.14,286.40 2 1
github.com/JungHoonGhae/tossinvest-cli/internal/app/engine/strategy_proposal_authority.go:286.40,288.4 1 1
github.com/JungHoonGhae/tossinvest-cli/internal/app/engine/strategy_proposal_authority.go:288.9,290.4 1 1
github.com/JungHoonGhae/tossinvest-cli/internal/app/engine/strategy_proposal_authority.go:292.2,292.13 1 1
github.com/JungHoonGhae/tossinvest-cli/internal/app/engine/strategy_proposal_authority.go:295.246,309.78 5 1
github.com/JungHoonGhae/tossinvest-cli/internal/app/engine/strategy_proposal_authority.go:309.78,313.3 1 1
github.com/JungHoonGhae/tossinvest-cli/internal/app/engine/strategy_proposal_authority.go:314.2,314.122 1 1
github.com/JungHoonGhae/tossinvest-cli/internal/app/engine/strategy_proposal_authority.go:314.122,316.3 1 1
github.com/JungHoonGhae/tossinvest-cli/internal/app/engine/strategy_proposal_authority.go:317.2,317.42 1 1
github.com/JungHoonGhae/tossinvest-cli/internal/app/engine/strategy_proposal_authority.go:317.42,319.3 1 0
github.com/JungHoonGhae/tossinvest-cli/internal/app/engine/strategy_proposal_authority.go:320.2,320.161 1 1
github.com/JungHoonGhae/tossinvest-cli/internal/app/engine/strategy_proposal_authority.go:320.161,322.3 1 0
github.com/JungHoonGhae/tossinvest-cli/internal/app/engine/strategy_proposal_authority.go:323.2,325.106 3 1
github.com/JungHoonGhae/tossinvest-cli/internal/app/engine/strategy_proposal_authority.go:325.106,327.3 1 0
github.com/JungHoonGhae/tossinvest-cli/internal/app/engine/strategy_proposal_authority.go:328.2,329.32 2 1
github.com/JungHoonGhae/tossinvest-cli/internal/app/engine/strategy_proposal_authority.go:329.32,331.3 1 1
github.com/JungHoonGhae/tossinvest-cli/internal/app/engine/strategy_proposal_authority.go:332.2,335.39 4 1
github.com/JungHoonGhae/tossinvest-cli/internal/app/engine/strategy_proposal_authority.go:335.39,337.56 2 1
github.com/JungHoonGhae/tossinvest-cli/internal/app/engine/strategy_proposal_authority.go:337.56,339.4 1 0
github.com/JungHoonGhae/tossinvest-cli/internal/app/engine/strategy_proposal_authority.go:340.3,341.120 2 1
github.com/JungHoonGhae/tossinvest-cli/internal/app/engine/strategy_proposal_authority.go:343.2,349.52 2 1
github.com/JungHoonGhae/tossinvest-cli/internal/app/engine/strategy_proposal_authority.go:349.52,351.3 1 0
github.com/JungHoonGhae/tossinvest-cli/internal/app/engine/strategy_proposal_authority.go:354.2,354.42 1 1
github.com/JungHoonGhae/tossinvest-cli/internal/app/engine/strategy_proposal_authority.go:354.42,360.3 5 0
github.com/JungHoonGhae/tossinvest-cli/internal/app/engine/strategy_proposal_authority.go:373.2,385.35 4 1
github.com/JungHoonGhae/tossinvest-cli/internal/app/engine/strategy_proposal_authority.go:385.35,391.3 5 0
github.com/JungHoonGhae/tossinvest-cli/internal/app/engine/strategy_proposal_authority.go:392.2,392.27 1 1
github.com/JungHoonGhae/tossinvest-cli/internal/app/engine/strategy_proposal_authority.go:392.27,399.3 6 0
github.com/JungHoonGhae/tossinvest-cli/internal/app/engine/strategy_proposal_authority.go:400.2,401.22 2 1
github.com/JungHoonGhae/tossinvest-cli/internal/app/engine/strategy_proposal_authority.go:401.22,408.3 6 0
github.com/JungHoonGhae/tossinvest-cli/internal/app/engine/strategy_proposal_authority.go:409.2,409.52 1 1
github.com/JungHoonGhae/tossinvest-cli/internal/app/engine/strategy_proposal_authority.go:409.52,417.3 7 1
github.com/JungHoonGhae/tossinvest-cli/internal/app/engine/strategy_proposal_authority.go:418.2,419.15 2 1
github.com/JungHoonGhae/tossinvest-cli/internal/app/engine/strategy_proposal_authority.go:419.15,426.3 6 0
github.com/JungHoonGhae/tossinvest-cli/internal/app/engine/strategy_proposal_authority.go:427.2,427.23 1 1
github.com/JungHoonGhae/tossinvest-cli/internal/app/engine/strategy_proposal_authority.go:427.23,433.3 5 0
github.com/JungHoonGhae/tossinvest-cli/internal/app/engine/strategy_proposal_authority.go:436.2,440.58 1 1
github.com/JungHoonGhae/tossinvest-cli/internal/app/engine/strategy_proposal_authority.go:448.70,449.22 1 1
github.com/JungHoonGhae/tossinvest-cli/internal/app/engine/strategy_proposal_authority.go:449.22,451.3 1 1
github.com/JungHoonGhae/tossinvest-cli/internal/app/engine/strategy_proposal_authority.go:452.2,454.31 3 0
github.com/JungHoonGhae/tossinvest-cli/internal/app/engine/strategy_proposal_authority.go:454.31,455.47 1 0
github.com/JungHoonGhae/tossinvest-cli/internal/app/engine/strategy_proposal_authority.go:455.47,456.12 1 0
github.com/JungHoonGhae/tossinvest-cli/internal/app/engine/strategy_proposal_authority.go:458.3,459.39 2 0
github.com/JungHoonGhae/tossinvest-cli/internal/app/engine/strategy_proposal_authority.go:461.2,462.14 2 0
github.com/JungHoonGhae/tossinvest-cli/internal/app/engine/strategy_proposal_authority.go:465.116,466.71 1 0
github.com/JungHoonGhae/tossinvest-cli/internal/app/engine/strategy_proposal_authority.go:466.71,468.3 1 0
github.com/JungHoonGhae/tossinvest-cli/internal/app/engine/strategy_proposal_authority.go:469.2,469.122 1 0
github.com/JungHoonGhae/tossinvest-cli/internal/app/engine/strategy_proposal_set_digest.go:11.81,13.32 2 1
github.com/JungHoonGhae/tossinvest-cli/internal/app/engine/strategy_proposal_set_digest.go:13.32,15.3 1 1
github.com/JungHoonGhae/tossinvest-cli/internal/app/engine/strategy_proposal_set_digest.go:16.2,16.51 1 1
github.com/JungHoonGhae/tossinvest-cli/internal/app/engine/strategy_refresh_wave.go:70.42,73.112 3 0
github.com/JungHoonGhae/tossinvest-cli/internal/app/engine/strategy_refresh_wave.go:73.112,75.3 1 0
github.com/JungHoonGhae/tossinvest-cli/internal/app/engine/strategy_refresh_wave.go:76.2,76.34 1 0
github.com/JungHoonGhae/tossinvest-cli/internal/app/engine/strategy_refresh_wave.go:76.34,78.3 1 0
github.com/JungHoonGhae/tossinvest-cli/internal/app/engine/strategy_refresh_wave.go:79.2,80.41 2 0
github.com/JungHoonGhae/tossinvest-cli/internal/app/engine/strategy_refresh_wave.go:89.55,93.16 4 0
github.com/JungHoonGhae/tossinvest-cli/internal/app/engine/strategy_refresh_wave.go:93.16,96.3 2 0
github.com/JungHoonGhae/tossinvest-cli/internal/app/engine/strategy_refresh_wave.go:98.2,98.35 1 0
github.com/JungHoonGhae/tossinvest-cli/internal/app/engine/strategy_refresh_wave.go:98.35,100.3 1 0
github.com/JungHoonGhae/tossinvest-cli/internal/app/engine/strategy_refresh_wave.go:101.2,101.18 1 0
github.com/JungHoonGhae/tossinvest-cli/internal/app/engine/strategy_refresh_wave.go:121.113,123.15 2 0
github.com/JungHoonGhae/tossinvest-cli/internal/app/engine/strategy_refresh_wave.go:123.15,124.16 1 0
github.com/JungHoonGhae/tossinvest-cli/internal/app/engine/strategy_refresh_wave.go:124.16,126.4 1 0
github.com/JungHoonGhae/tossinvest-cli/internal/app/engine/strategy_refresh_wave.go:127.3,130.19 3 0
github.com/JungHoonGhae/tossinvest-cli/internal/app/engine/strategy_refresh_wave.go:132.2,133.16 2 0
github.com/JungHoonGhae/tossinvest-cli/internal/app/engine/strategy_refresh_wave.go:133.16,139.3 1 0
github.com/JungHoonGhae/tossinvest-cli/internal/app/engine/strategy_refresh_wave.go:140.2,142.22 3 0
github.com/JungHoonGhae/tossinvest-cli/internal/app/engine/strategy_refresh_wave.go:149.120,150.9 1 0
github.com/JungHoonGhae/tossinvest-cli/internal/app/engine/strategy_refresh_wave.go:151.20,152.54 1 0
github.com/JungHoonGhae/tossinvest-cli/internal/app/engine/strategy_refresh_wave.go:153.19,154.33 1 0
github.com/JungHoonGhae/tossinvest-cli/internal/app/engine/strategy_risk_authority.go:54.98,55.32 1 1
github.com/JungHoonGhae/tossinvest-cli/internal/app/engine/strategy_risk_authority.go:55.32,57.3 1 1
github.com/JungHoonGhae/tossinvest-cli/internal/app/engine/strategy_risk_authority.go:58.2,58.32 1 1
github.com/JungHoonGhae/tossinvest-cli/internal/app/engine/strategy_risk_authority.go:58.32,60.3 1 1
github.com/JungHoonGhae/tossinvest-cli/internal/app/engine/strategy_risk_authority.go:61.2,61.88 1 0
github.com/JungHoonGhae/tossinvest-cli/internal/app/engine/strategy_risk_authority.go:73.80,74.32 1 1
github.com/JungHoonGhae/tossinvest-cli/internal/app/engine/strategy_risk_authority.go:74.32,76.3 1 1
github.com/JungHoonGhae/tossinvest-cli/internal/app/engine/strategy_risk_authority.go:77.2,77.21 1 1
github.com/JungHoonGhae/tossinvest-cli/internal/app/engine/strategy_risk_authority.go:77.21,79.3 1 1
github.com/JungHoonGhae/tossinvest-cli/internal/app/engine/strategy_risk_authority.go:80.2,80.12 1 0
github.com/JungHoonGhae/tossinvest-cli/internal/app/engine/strategy_risk_authority.go:88.104,89.32 1 1
github.com/JungHoonGhae/tossinvest-cli/internal/app/engine/strategy_risk_authority.go:89.32,91.3 1 1
github.com/JungHoonGhae/tossinvest-cli/internal/app/engine/strategy_risk_authority.go:92.2,92.32 1 1
github.com/JungHoonGhae/tossinvest-cli/internal/app/engine/strategy_risk_authority.go:92.32,94.3 1 1
github.com/JungHoonGhae/tossinvest-cli/internal/app/engine/strategy_risk_authority.go:95.2,95.54 1 0
github.com/JungHoonGhae/tossinvest-cli/internal/app/engine/strategy_risk_authority.go:111.100,112.32 1 1
github.com/JungHoonGhae/tossinvest-cli/internal/app/engine/strategy_risk_authority.go:112.32,114.3 1 1
github.com/JungHoonGhae/tossinvest-cli/internal/app/engine/strategy_risk_authority.go:115.2,115.32 1 0
github.com/JungHoonGhae/tossinvest-cli/internal/app/engine/strategy_risk_authority.go:115.32,117.3 1 0
github.com/JungHoonGhae/tossinvest-cli/internal/app/engine/strategy_risk_authority.go:118.2,118.52 1 0
github.com/JungHoonGhae/tossinvest-cli/internal/app/engine/strategy_risk_authority.go:121.77,123.2 1 1
github.com/JungHoonGhae/tossinvest-cli/internal/app/engine/strategy_risk_authority.go:135.32,136.19 1 1
github.com/JungHoonGhae/tossinvest-cli/internal/app/engine/strategy_risk_authority.go:136.19,138.3 1 0
github.com/JungHoonGhae/tossinvest-cli/internal/app/engine/strategy_risk_authority.go:139.2,141.106 3 1
github.com/JungHoonGhae/tossinvest-cli/internal/app/engine/strategy_risk_authority.go:141.106,143.3 1 0
github.com/JungHoonGhae/tossinvest-cli/internal/app/engine/strategy_risk_authority.go:144.2,149.87 1 1
github.com/JungHoonGhae/tossinvest-cli/internal/app/engine/strategy_risk_authority.go:152.164,153.154 1 1
github.com/JungHoonGhae/tossinvest-cli/internal/app/engine/strategy_risk_authority.go:153.154,155.3 1 0
github.com/JungHoonGhae/tossinvest-cli/internal/app/engine/strategy_risk_authority.go:156.2,161.78 3 1
github.com/JungHoonGhae/tossinvest-cli/internal/app/engine/strategy_risk_authority.go:161.78,163.13 2 1
github.com/JungHoonGhae/tossinvest-cli/internal/app/engine/strategy_risk_authority.go:163.13,165.11 2 1
github.com/JungHoonGhae/tossinvest-cli/internal/app/engine/strategy_risk_authority.go:165.11,166.18 1 1
github.com/JungHoonGhae/tossinvest-cli/internal/app/engine/strategy_risk_authority.go:166.18,167.26 1 1
github.com/JungHoonGhae/tossinvest-cli/internal/app/engine/strategy_risk_authority.go:167.26,169.7 1 0
github.com/JungHoonGhae/tossinvest-cli/internal/app/engine/strategy_risk_authority.go:171.5,171.96 1 1
github.com/JungHoonGhae/tossinvest-cli/internal/app/engine/strategy_risk_authority.go:173.4,173.58 1 1
github.com/JungHoonGhae/tossinvest-cli/internal/app/engine/strategy_risk_authority.go:176.2,177.37 2 1
github.com/JungHoonGhae/tossinvest-cli/internal/app/engine/strategy_risk_authority.go:177.37,179.39 2 1
github.com/JungHoonGhae/tossinvest-cli/internal/app/engine/strategy_risk_authority.go:179.39,181.4 1 1
github.com/JungHoonGhae/tossinvest-cli/internal/app/engine/strategy_risk_authority.go:181.9,183.4 1 1
github.com/JungHoonGhae/tossinvest-cli/internal/app/engine/strategy_risk_authority.go:185.2,185.13 1 1
github.com/JungHoonGhae/tossinvest-cli/internal/app/engine/strategy_risk_authority.go:190.31,191.70 1 1
github.com/JungHoonGhae/tossinvest-cli/internal/app/engine/strategy_risk_authority.go:191.70,193.3 1 1
github.com/JungHoonGhae/tossinvest-cli/internal/app/engine/strategy_risk_authority.go:194.2,194.19 1 1
github.com/JungHoonGhae/tossinvest-cli/internal/app/engine/strategy_risk_authority.go:194.19,196.3 1 1
github.com/JungHoonGhae/tossinvest-cli/internal/app/engine/strategy_risk_authority.go:197.2,197.42 1 1
github.com/JungHoonGhae/tossinvest-cli/internal/app/engine/strategy_risk_authority.go:197.42,199.3 1 1
github.com/JungHoonGhae/tossinvest-cli/internal/app/engine/strategy_risk_authority.go:200.2,201.32 2 1
github.com/JungHoonGhae/tossinvest-cli/internal/app/engine/strategy_risk_authority.go:201.32,203.3 1 1
github.com/JungHoonGhae/tossinvest-cli/internal/app/engine/strategy_risk_authority.go:206.2,207.42 2 1
github.com/JungHoonGhae/tossinvest-cli/internal/app/engine/strategy_risk_authority.go:207.42,211.12 3 1
github.com/JungHoonGhae/tossinvest-cli/internal/app/engine/strategy_risk_authority.go:211.12,220.11 3 1
github.com/JungHoonGhae/tossinvest-cli/internal/app/engine/strategy_risk_authority.go:221.20,223.22 1 1
github.com/JungHoonGhae/tossinvest-cli/internal/app/engine/strategy_risk_authority.go:225.71,226.96 1 1
github.com/JungHoonGhae/tossinvest-cli/internal/app/engine/strategy_risk_authority.go:227.12,228.114 1 0
github.com/JungHoonGhae/tossinvest-cli/internal/app/engine/strategy_risk_authority.go:231.3,231.33 1 1
github.com/JungHoonGhae/tossinvest-cli/internal/app/engine/strategy_risk_authority.go:233.2,233.53 1 1
github.com/JungHoonGhae/tossinvest-cli/internal/app/engine/strategy_risk_authority.go:239.123,242.28 3 1
github.com/JungHoonGhae/tossinvest-cli/internal/app/engine/strategy_risk_authority.go:242.28,243.26 1 1
github.com/JungHoonGhae/tossinvest-cli/internal/app/engine/strategy_risk_authority.go:243.26,244.20 1 1
github.com/JungHoonGhae/tossinvest-cli/internal/app/engine/strategy_risk_authority.go:244.20,246.5 1 1
github.com/JungHoonGhae/tossinvest-cli/internal/app/engine/strategy_risk_authority.go:247.4,247.56 1 1
github.com/JungHoonGhae/tossinvest-cli/internal/app/engine/strategy_risk_authority.go:250.2,250.18 1 1
github.com/JungHoonGhae/tossinvest-cli/internal/app/engine/strategy_risk_authority.go:250.18,253.3 1 1
github.com/JungHoonGhae/tossinvest-cli/internal/app/engine/strategy_risk_authority.go:254.2,256.21 3 1
github.com/JungHoonGhae/tossinvest-cli/internal/app/engine/strategy_risk_authority.go:256.21,258.3 1 1
github.com/JungHoonGhae/tossinvest-cli/internal/app/engine/strategy_risk_authority.go:259.2,261.89 1 1
github.com/JungHoonGhae/tossinvest-cli/internal/app/engine/strategy_risk_authority.go:265.131,266.41 1 1
github.com/JungHoonGhae/tossinvest-cli/internal/app/engine/strategy_risk_authority.go:266.41,267.38 1 1
github.com/JungHoonGhae/tossinvest-cli/internal/app/engine/strategy_risk_authority.go:267.38,269.4 1 1
github.com/JungHoonGhae/tossinvest-cli/internal/app/engine/strategy_risk_authority.go:271.2,271.56 1 1
github.com/JungHoonGhae/tossinvest-cli/internal/app/engine/strategy_risk_authority.go:274.104,275.67 1 0
github.com/JungHoonGhae/tossinvest-cli/internal/app/engine/strategy_risk_authority.go:275.67,277.3 1 0
github.com/JungHoonGhae/tossinvest-cli/internal/app/engine/strategy_risk_authority.go:278.2,278.118 1 0
github.com/JungHoonGhae/tossinvest-cli/internal/app/engine/strategy_risk_authority.go:281.64,282.19 1 0
github.com/JungHoonGhae/tossinvest-cli/internal/app/engine/strategy_risk_authority.go:282.19,284.3 1 0
github.com/JungHoonGhae/tossinvest-cli/internal/app/engine/strategy_risk_authority.go:285.2,285.26 1 0
github.com/JungHoonGhae/tossinvest-cli/internal/app/engine/strategy_route_authority.go:51.100,52.32 1 0
github.com/JungHoonGhae/tossinvest-cli/internal/app/engine/strategy_route_authority.go:52.32,54.3 1 0
github.com/JungHoonGhae/tossinvest-cli/internal/app/engine/strategy_route_authority.go:55.2,55.32 1 0
github.com/JungHoonGhae/tossinvest-cli/internal/app/engine/strategy_route_authority.go:55.32,57.3 1 0
github.com/JungHoonGhae/tossinvest-cli/internal/app/engine/strategy_route_authority.go:58.2,58.90 1 0
github.com/JungHoonGhae/tossinvest-cli/internal/app/engine/strategy_route_authority.go:77.102,78.32 1 1
github.com/JungHoonGhae/tossinvest-cli/internal/app/engine/strategy_route_authority.go:78.32,80.3 1 1
github.com/JungHoonGhae/tossinvest-cli/internal/app/engine/strategy_route_authority.go:81.2,81.32 1 1
github.com/JungHoonGhae/tossinvest-cli/internal/app/engine/strategy_route_authority.go:81.32,83.3 1 1
github.com/JungHoonGhae/tossinvest-cli/internal/app/engine/strategy_route_authority.go:84.2,84.53 1 0
github.com/JungHoonGhae/tossinvest-cli/internal/app/engine/strategy_route_authority.go:87.79,89.2 1 0
github.com/JungHoonGhae/tossinvest-cli/internal/app/engine/strategy_route_authority.go:97.139,98.19 1 1
github.com/JungHoonGhae/tossinvest-cli/internal/app/engine/strategy_route_authority.go:98.19,100.3 1 0
github.com/JungHoonGhae/tossinvest-cli/internal/app/engine/strategy_route_authority.go:101.2,102.117 1 1
github.com/JungHoonGhae/tossinvest-cli/internal/app/engine/strategy_route_authority.go:105.184,106.118 1 1
github.com/JungHoonGhae/tossinvest-cli/internal/app/engine/strategy_route_authority.go:106.118,108.3 1 0
github.com/JungHoonGhae/tossinvest-cli/internal/app/engine/strategy_route_authority.go:109.2,114.78 3 1
github.com/JungHoonGhae/tossinvest-cli/internal/app/engine/strategy_route_authority.go:114.78,116.13 2 1
github.com/JungHoonGhae/tossinvest-cli/internal/app/engine/strategy_route_authority.go:116.13,118.11 2 1
github.com/JungHoonGhae/tossinvest-cli/internal/app/engine/strategy_route_authority.go:118.11,119.18 1 1
github.com/JungHoonGhae/tossinvest-cli/internal/app/engine/strategy_route_authority.go:119.18,120.26 1 1
github.com/JungHoonGhae/tossinvest-cli/internal/app/engine/strategy_route_authority.go:120.26,122.7 1 0
github.com/JungHoonGhae/tossinvest-cli/internal/app/engine/strategy_route_authority.go:124.5,124.117 1 1
github.com/JungHoonGhae/tossinvest-cli/internal/app/engine/strategy_route_authority.go:126.4,126.53 1 1
github.com/JungHoonGhae/tossinvest-cli/internal/app/engine/strategy_route_authority.go:129.2,130.37 2 1
github.com/JungHoonGhae/tossinvest-cli/internal/app/engine/strategy_route_authority.go:130.37,132.39 2 1
github.com/JungHoonGhae/tossinvest-cli/internal/app/engine/strategy_route_authority.go:132.39,134.4 1 1
github.com/JungHoonGhae/tossinvest-cli/internal/app/engine/strategy_route_authority.go:134.9,136.4 1 1
github.com/JungHoonGhae/tossinvest-cli/internal/app/engine/strategy_route_authority.go:138.2,138.13 1 1
github.com/JungHoonGhae/tossinvest-cli/internal/app/engine/strategy_route_authority.go:143.32,145.72 2 1
github.com/JungHoonGhae/tossinvest-cli/internal/app/engine/strategy_route_authority.go:145.72,147.3 1 0
github.com/JungHoonGhae/tossinvest-cli/internal/app/engine/strategy_route_authority.go:148.2,148.68 1 1
github.com/JungHoonGhae/tossinvest-cli/internal/app/engine/strategy_route_authority.go:148.68,150.3 1 0
github.com/JungHoonGhae/tossinvest-cli/internal/app/engine/strategy_route_authority.go:151.2,151.32 1 1
github.com/JungHoonGhae/tossinvest-cli/internal/app/engine/strategy_route_authority.go:151.32,153.3 1 0
github.com/JungHoonGhae/tossinvest-cli/internal/app/engine/strategy_route_authority.go:154.2,154.36 1 1
github.com/JungHoonGhae/tossinvest-cli/internal/app/engine/strategy_route_authority.go:154.36,156.3 1 0
github.com/JungHoonGhae/tossinvest-cli/internal/app/engine/strategy_route_authority.go:157.2,157.129 1 1
github.com/JungHoonGhae/tossinvest-cli/internal/app/engine/strategy_route_authority.go:157.129,159.3 1 0
github.com/JungHoonGhae/tossinvest-cli/internal/app/engine/strategy_route_authority.go:160.2,162.106 3 1
github.com/JungHoonGhae/tossinvest-cli/internal/app/engine/strategy_route_authority.go:162.106,164.3 1 0
github.com/JungHoonGhae/tossinvest-cli/internal/app/engine/strategy_route_authority.go:165.2,171.61 7 1
github.com/JungHoonGhae/tossinvest-cli/internal/app/engine/strategy_route_authority.go:171.61,173.97 2 1
github.com/JungHoonGhae/tossinvest-cli/internal/app/engine/strategy_route_authority.go:173.97,175.4 1 0
github.com/JungHoonGhae/tossinvest-cli/internal/app/engine/strategy_route_authority.go:176.3,178.52 3 1
github.com/JungHoonGhae/tossinvest-cli/internal/app/engine/strategy_route_authority.go:180.2,187.52 2 1
github.com/JungHoonGhae/tossinvest-cli/internal/app/engine/strategy_route_authority.go:187.52,190.3 1 1
github.com/JungHoonGhae/tossinvest-cli/internal/app/engine/strategy_route_authority.go:191.2,192.42 2 1
github.com/JungHoonGhae/tossinvest-cli/internal/app/engine/strategy_route_authority.go:192.42,194.10 2 1
github.com/JungHoonGhae/tossinvest-cli/internal/app/engine/strategy_route_authority.go:194.10,196.12 2 1
github.com/JungHoonGhae/tossinvest-cli/internal/app/engine/strategy_route_authority.go:198.3,203.98 3 1
github.com/JungHoonGhae/tossinvest-cli/internal/app/engine/strategy_route_authority.go:203.98,205.12 2 0
github.com/JungHoonGhae/tossinvest-cli/internal/app/engine/strategy_route_authority.go:207.3,207.95 1 1
github.com/JungHoonGhae/tossinvest-cli/internal/app/engine/strategy_route_authority.go:209.2,209.42 1 1
github.com/JungHoonGhae/tossinvest-cli/internal/app/engine/strategy_route_authority.go:209.42,209.112 1 1
github.com/JungHoonGhae/tossinvest-cli/internal/app/engine/strategy_route_authority.go:210.2,210.23 1 1
github.com/JungHoonGhae/tossinvest-cli/internal/app/engine/strategy_route_authority.go:210.23,213.3 1 0
github.com/JungHoonGhae/tossinvest-cli/internal/app/engine/strategy_route_authority.go:214.2,215.32 2 1
github.com/JungHoonGhae/tossinvest-cli/internal/app/engine/strategy_route_authority.go:215.32,217.3 1 1
github.com/JungHoonGhae/tossinvest-cli/internal/app/engine/strategy_route_authority.go:218.2,220.138 1 1
github.com/JungHoonGhae/tossinvest-cli/internal/app/engine/strategy_route_authority.go:223.72,224.32 1 1
github.com/JungHoonGhae/tossinvest-cli/internal/app/engine/strategy_route_authority.go:224.32,226.3 1 1
github.com/JungHoonGhae/tossinvest-cli/internal/app/engine/strategy_route_authority.go:227.2,227.32 1 1
github.com/JungHoonGhae/tossinvest-cli/internal/app/engine/strategy_route_authority.go:227.32,229.3 1 1
github.com/JungHoonGhae/tossinvest-cli/internal/app/engine/strategy_route_authority.go:230.2,230.11 1 0
github.com/JungHoonGhae/tossinvest-cli/internal/app/engine/strategy_route_authority.go:233.107,234.68 1 0
github.com/JungHoonGhae/tossinvest-cli/internal/app/engine/strategy_route_authority.go:234.68,236.3 1 0
github.com/JungHoonGhae/tossinvest-cli/internal/app/engine/strategy_route_authority.go:237.2,237.119 1 0
github.com/JungHoonGhae/tossinvest-cli/internal/app/engine/strategy_runtime_projection.go:15.73,16.14 1 0
github.com/JungHoonGhae/tossinvest-cli/internal/app/engine/strategy_runtime_projection.go:16.14,18.3 1 0
github.com/JungHoonGhae/tossinvest-cli/internal/app/engine/strategy_runtime_projection.go:19.2,19.10 1 0
github.com/JungHoonGhae/tossinvest-cli/internal/app/engine/strategy_runtime_projection.go:24.82,25.28 1 0
github.com/JungHoonGhae/tossinvest-cli/internal/app/engine/strategy_runtime_projection.go:25.28,27.3 1 0
github.com/JungHoonGhae/tossinvest-cli/internal/app/engine/strategy_runtime_projection.go:28.2,31.18 4 0
github.com/JungHoonGhae/tossinvest-cli/internal/app/engine/strategy_runtime_projection.go:31.18,33.3 1 0
github.com/JungHoonGhae/tossinvest-cli/internal/app/engine/strategy_runtime_projection.go:34.2,35.16 2 0
github.com/JungHoonGhae/tossinvest-cli/internal/app/engine/strategy_runtime_projection.go:35.16,37.3 1 0
github.com/JungHoonGhae/tossinvest-cli/internal/app/engine/strategy_runtime_projection.go:49.2,51.23 2 0
github.com/JungHoonGhae/tossinvest-cli/internal/app/engine/strategy_runtime_projection.go:51.23,53.3 1 0
github.com/JungHoonGhae/tossinvest-cli/internal/app/engine/strategy_runtime_projection.go:54.2,54.78 1 0
github.com/JungHoonGhae/tossinvest-cli/internal/app/engine/strategy_runtime_projection.go:54.78,56.29 2 0
github.com/JungHoonGhae/tossinvest-cli/internal/app/engine/strategy_runtime_projection.go:56.29,57.12 1 0
github.com/JungHoonGhae/tossinvest-cli/internal/app/engine/strategy_runtime_projection.go:59.3,60.104 2 0
github.com/JungHoonGhae/tossinvest-cli/internal/app/engine/strategy_runtime_projection.go:60.104,63.4 1 0
github.com/JungHoonGhae/tossinvest-cli/internal/app/engine/strategy_runtime_projection.go:65.2,65.22 1 0
github.com/JungHoonGhae/tossinvest-cli/internal/app/engine/strategy_runtime_projection.go:68.90,69.44 1 0
github.com/JungHoonGhae/tossinvest-cli/internal/app/engine/strategy_runtime_projection.go:69.44,71.3 1 0
github.com/JungHoonGhae/tossinvest-cli/internal/app/engine/strategy_runtime_projection.go:72.2,74.33 3 0
github.com/JungHoonGhae/tossinvest-cli/internal/app/engine/strategy_runtime_projection.go:74.33,76.17 2 0
github.com/JungHoonGhae/tossinvest-cli/internal/app/engine/strategy_runtime_projection.go:76.17,79.4 2 0
github.com/JungHoonGhae/tossinvest-cli/internal/app/engine/strategy_runtime_projection.go:80.3,83.13 4 0
github.com/JungHoonGhae/tossinvest-cli/internal/app/engine/strategy_runtime_projection.go:85.2,87.44 3 0
github.com/JungHoonGhae/tossinvest-cli/internal/app/engine/strategy_runtime_projection.go:87.44,89.3 1 0
github.com/JungHoonGhae/tossinvest-cli/internal/app/engine/strategy_runtime_projection.go:90.2,91.33 2 0
github.com/JungHoonGhae/tossinvest-cli/internal/app/engine/strategy_runtime_projection.go:91.33,93.3 1 0
github.com/JungHoonGhae/tossinvest-cli/internal/app/engine/strategy_runtime_projection.go:94.2,95.12 2 0
github.com/JungHoonGhae/tossinvest-cli/internal/app/engine/strategy_runtime_projection.go:98.107,101.78 3 0
github.com/JungHoonGhae/tossinvest-cli/internal/app/engine/strategy_runtime_projection.go:101.78,108.31 7 0
github.com/JungHoonGhae/tossinvest-cli/internal/app/engine/strategy_runtime_projection.go:108.31,110.11 2 0
github.com/JungHoonGhae/tossinvest-cli/internal/app/engine/strategy_runtime_projection.go:111.52,112.54 1 0
github.com/JungHoonGhae/tossinvest-cli/internal/app/engine/strategy_runtime_projection.go:113.80,114.51 1 0
github.com/JungHoonGhae/tossinvest-cli/internal/app/engine/strategy_runtime_projection.go:115.24,116.55 1 0
github.com/JungHoonGhae/tossinvest-cli/internal/app/engine/strategy_runtime_projection.go:118.4,119.12 2 0
github.com/JungHoonGhae/tossinvest-cli/internal/app/engine/strategy_runtime_projection.go:125.3,127.83 3 0
github.com/JungHoonGhae/tossinvest-cli/internal/app/engine/strategy_runtime_projection.go:127.83,128.80 1 0
github.com/JungHoonGhae/tossinvest-cli/internal/app/engine/strategy_runtime_projection.go:128.80,130.10 2 0
github.com/JungHoonGhae/tossinvest-cli/internal/app/engine/strategy_runtime_projection.go:133.3,133.17 1 0
github.com/JungHoonGhae/tossinvest-cli/internal/app/engine/strategy_runtime_projection.go:133.17,136.12 2 0
github.com/JungHoonGhae/tossinvest-cli/internal/app/engine/strategy_runtime_projection.go:138.3,141.27 4 0
github.com/JungHoonGhae/tossinvest-cli/internal/app/engine/strategy_runtime_projection.go:141.27,143.4 1 0
github.com/JungHoonGhae/tossinvest-cli/internal/app/engine/strategy_runtime_projection.go:144.3,162.44 6 0
github.com/JungHoonGhae/tossinvest-cli/internal/app/engine/strategy_runtime_projection.go:164.2,164.17 1 0
github.com/JungHoonGhae/tossinvest-cli/internal/app/engine/strategy_runtime_projection.go:167.44,169.2 1 0
github.com/JungHoonGhae/tossinvest-cli/internal/app/engine/strategy_schedule_authority.go:37.178,38.19 1 0
github.com/JungHoonGhae/tossinvest-cli/internal/app/engine/strategy_schedule_authority.go:38.19,40.3 1 0
github.com/JungHoonGhae/tossinvest-cli/internal/app/engine/strategy_schedule_authority.go:41.2,41.146 1 0
github.com/JungHoonGhae/tossinvest-cli/internal/app/engine/strategy_schedule_authority.go:63.106,64.32 1 0
github.com/JungHoonGhae/tossinvest-cli/internal/app/engine/strategy_schedule_authority.go:64.32,66.3 1 0
github.com/JungHoonGhae/tossinvest-cli/internal/app/engine/strategy_schedule_authority.go:67.2,67.32 1 0
github.com/JungHoonGhae/tossinvest-cli/internal/app/engine/strategy_schedule_authority.go:67.32,69.3 1 0
github.com/JungHoonGhae/tossinvest-cli/internal/app/engine/strategy_schedule_authority.go:70.2,70.144 1 0
github.com/JungHoonGhae/tossinvest-cli/internal/app/engine/strategy_schedule_authority.go:87.108,88.32 1 1
github.com/JungHoonGhae/tossinvest-cli/internal/app/engine/strategy_schedule_authority.go:88.32,90.3 1 1
github.com/JungHoonGhae/tossinvest-cli/internal/app/engine/strategy_schedule_authority.go:91.2,91.32 1 1
github.com/JungHoonGhae/tossinvest-cli/internal/app/engine/strategy_schedule_authority.go:91.32,93.3 1 1
github.com/JungHoonGhae/tossinvest-cli/internal/app/engine/strategy_schedule_authority.go:94.2,94.56 1 0
github.com/JungHoonGhae/tossinvest-cli/internal/app/engine/strategy_schedule_authority.go:97.85,99.2 1 0
github.com/JungHoonGhae/tossinvest-cli/internal/app/engine/strategy_schedule_authority.go:111.107,112.56 1 0
github.com/JungHoonGhae/tossinvest-cli/internal/app/engine/strategy_schedule_authority.go:112.56,114.3 1 0
github.com/JungHoonGhae/tossinvest-cli/internal/app/engine/strategy_schedule_authority.go:115.2,116.25 2 0
github.com/JungHoonGhae/tossinvest-cli/internal/app/engine/strategy_schedule_authority.go:116.25,118.3 1 0
github.com/JungHoonGhae/tossinvest-cli/internal/app/engine/strategy_schedule_authority.go:119.2,120.78 2 0
github.com/JungHoonGhae/tossinvest-cli/internal/app/engine/strategy_schedule_authority.go:120.78,122.13 2 0
github.com/JungHoonGhae/tossinvest-cli/internal/app/engine/strategy_schedule_authority.go:122.13,122.68 1 0
github.com/JungHoonGhae/tossinvest-cli/internal/app/engine/strategy_schedule_authority.go:124.2,125.37 2 0
github.com/JungHoonGhae/tossinvest-cli/internal/app/engine/strategy_schedule_authority.go:125.37,128.3 2 0
github.com/JungHoonGhae/tossinvest-cli/internal/app/engine/strategy_schedule_authority.go:129.2,130.82 2 0
github.com/JungHoonGhae/tossinvest-cli/internal/app/engine/strategy_schedule_authority.go:130.82,134.3 2 0
github.com/JungHoonGhae/tossinvest-cli/internal/app/engine/strategy_schedule_authority.go:135.2,135.85 1 0
github.com/JungHoonGhae/tossinvest-cli/internal/app/engine/strategy_schedule_authority.go:135.85,135.106 1 0
github.com/JungHoonGhae/tossinvest-cli/internal/app/engine/strategy_schedule_authority.go:136.2,136.16 1 0
github.com/JungHoonGhae/tossinvest-cli/internal/app/engine/strategy_schedule_authority.go:136.16,138.3 1 0
github.com/JungHoonGhae/tossinvest-cli/internal/app/engine/strategy_schedule_authority.go:139.2,140.78 2 0
github.com/JungHoonGhae/tossinvest-cli/internal/app/engine/strategy_schedule_authority.go:140.78,143.19 3 0
github.com/JungHoonGhae/tossinvest-cli/internal/app/engine/strategy_schedule_authority.go:143.19,145.4 1 0
github.com/JungHoonGhae/tossinvest-cli/internal/app/engine/strategy_schedule_authority.go:146.3,151.33 3 0
github.com/JungHoonGhae/tossinvest-cli/internal/app/engine/strategy_schedule_authority.go:151.33,153.4 1 0
github.com/JungHoonGhae/tossinvest-cli/internal/app/engine/strategy_schedule_authority.go:153.9,155.4 1 0
github.com/JungHoonGhae/tossinvest-cli/internal/app/engine/strategy_schedule_authority.go:157.2,157.13 1 0
github.com/JungHoonGhae/tossinvest-cli/internal/app/engine/strategy_schedule_authority.go:163.138,166.118 2 0
github.com/JungHoonGhae/tossinvest-cli/internal/app/engine/strategy_schedule_authority.go:166.118,168.3 1 0
github.com/JungHoonGhae/tossinvest-cli/internal/app/engine/strategy_schedule_authority.go:169.2,170.25 2 0
github.com/JungHoonGhae/tossinvest-cli/internal/app/engine/strategy_schedule_authority.go:170.25,172.3 1 0
github.com/JungHoonGhae/tossinvest-cli/internal/app/engine/strategy_schedule_authority.go:173.2,175.21 3 0
github.com/JungHoonGhae/tossinvest-cli/internal/app/engine/strategy_schedule_authority.go:175.21,177.3 1 0
github.com/JungHoonGhae/tossinvest-cli/internal/app/engine/strategy_schedule_authority.go:178.2,183.39 2 0
github.com/JungHoonGhae/tossinvest-cli/internal/app/engine/strategy_schedule_authority.go:186.147,192.53 4 0
github.com/JungHoonGhae/tossinvest-cli/internal/app/engine/strategy_schedule_authority.go:192.53,195.3 2 0
github.com/JungHoonGhae/tossinvest-cli/internal/app/engine/strategy_schedule_authority.go:196.2,197.16 2 0
github.com/JungHoonGhae/tossinvest-cli/internal/app/engine/strategy_schedule_authority.go:197.16,200.3 2 0
github.com/JungHoonGhae/tossinvest-cli/internal/app/engine/strategy_schedule_authority.go:201.2,202.44 2 0
github.com/JungHoonGhae/tossinvest-cli/internal/app/engine/strategy_schedule_authority.go:202.44,204.3 1 0
github.com/JungHoonGhae/tossinvest-cli/internal/app/engine/strategy_schedule_authority.go:205.2,206.19 2 0
github.com/JungHoonGhae/tossinvest-cli/internal/app/engine/strategy_schedule_authority.go:206.19,209.3 2 0
github.com/JungHoonGhae/tossinvest-cli/internal/app/engine/strategy_schedule_authority.go:210.2,210.28 1 0
github.com/JungHoonGhae/tossinvest-cli/internal/app/engine/strategy_schedule_authority.go:210.28,213.3 2 0
github.com/JungHoonGhae/tossinvest-cli/internal/app/engine/strategy_schedule_authority.go:214.2,216.16 3 0
github.com/JungHoonGhae/tossinvest-cli/internal/app/engine/strategy_schedule_authority.go:216.16,219.3 2 0
github.com/JungHoonGhae/tossinvest-cli/internal/app/engine/strategy_schedule_authority.go:220.2,221.16 2 0
github.com/JungHoonGhae/tossinvest-cli/internal/app/engine/strategy_schedule_authority.go:221.16,224.3 2 0
github.com/JungHoonGhae/tossinvest-cli/internal/app/engine/strategy_schedule_authority.go:225.2,226.16 2 0
github.com/JungHoonGhae/tossinvest-cli/internal/app/engine/strategy_schedule_authority.go:226.16,229.3 2 0
github.com/JungHoonGhae/tossinvest-cli/internal/app/engine/strategy_schedule_authority.go:230.2,232.14 3 0
github.com/JungHoonGhae/tossinvest-cli/internal/app/engine/strategy_schedule_authority.go:235.134,240.106 5 0
github.com/JungHoonGhae/tossinvest-cli/internal/app/engine/strategy_schedule_authority.go:240.106,242.3 1 0
github.com/JungHoonGhae/tossinvest-cli/internal/app/engine/strategy_schedule_authority.go:243.2,244.88 1 0
github.com/JungHoonGhae/tossinvest-cli/internal/app/engine/strategy_schedule_authority.go:247.72,249.2 1 0
github.com/JungHoonGhae/tossinvest-cli/internal/app/engine/strategy_schedule_authority.go:251.63,253.2 1 0
github.com/JungHoonGhae/tossinvest-cli/internal/app/engine/strategy_schedule_authority.go:255.67,257.2 1 0
github.com/JungHoonGhae/tossinvest-cli/internal/app/engine/strategy_schedule_authority.go:259.60,261.2 1 0
github.com/JungHoonGhae/tossinvest-cli/internal/app/engine/strategy_schedule_authority.go:263.75,264.32 1 1
github.com/JungHoonGhae/tossinvest-cli/internal/app/engine/strategy_schedule_authority.go:264.32,266.3 1 1
github.com/JungHoonGhae/tossinvest-cli/internal/app/engine/strategy_schedule_authority.go:267.2,267.32 1 1
github.com/JungHoonGhae/tossinvest-cli/internal/app/engine/strategy_schedule_authority.go:267.32,269.3 1 1
github.com/JungHoonGhae/tossinvest-cli/internal/app/engine/strategy_schedule_authority.go:270.2,270.34 1 0
github.com/JungHoonGhae/tossinvest-cli/internal/app/engine/strategy_schedule_authority.go:273.62,274.32 1 0
github.com/JungHoonGhae/tossinvest-cli/internal/app/engine/strategy_schedule_authority.go:274.32,276.3 1 0
github.com/JungHoonGhae/tossinvest-cli/internal/app/engine/strategy_schedule_authority.go:277.2,277.32 1 0
github.com/JungHoonGhae/tossinvest-cli/internal/app/engine/strategy_schedule_authority.go:277.32,279.3 1 0
github.com/JungHoonGhae/tossinvest-cli/internal/app/engine/strategy_schedule_authority.go:280.2,280.11 1 0
github.com/JungHoonGhae/tossinvest-cli/internal/app/engine/strategy_schedule_authority.go:283.42,286.2 2 1
github.com/JungHoonGhae/tossinvest-cli/internal/app/engine/strategy_schedule_authority.go:288.43,290.2 1 1
github.com/JungHoonGhae/tossinvest-cli/internal/app/engine/strategy_schedule_authority.go:292.115,297.41 3 1
github.com/JungHoonGhae/tossinvest-cli/internal/app/engine/strategy_schedule_authority.go:297.41,300.3 1 1
github.com/JungHoonGhae/tossinvest-cli/internal/app/engine/strategy_schedule_authority.go:301.2,301.41 1 1
github.com/JungHoonGhae/tossinvest-cli/internal/app/engine/strategy_schedule_authority.go:301.41,305.3 3 1
github.com/JungHoonGhae/tossinvest-cli/internal/app/engine/strategy_schedule_authority.go:306.2,312.50 4 1
github.com/JungHoonGhae/tossinvest-cli/internal/app/engine/strategy_schedule_authority.go:315.85,316.71 1 0
github.com/JungHoonGhae/tossinvest-cli/internal/app/engine/strategy_schedule_authority.go:316.71,319.3 1 0
github.com/JungHoonGhae/tossinvest-cli/internal/app/engine/strategy_schedule_authority.go:320.2,320.122 1 0
github.com/JungHoonGhae/tossinvest-cli/internal/app/engine/tracer.go:133.40,134.51 1 0
github.com/JungHoonGhae/tossinvest-cli/internal/app/engine/tracer.go:134.51,136.3 1 0
github.com/JungHoonGhae/tossinvest-cli/internal/app/engine/tracer.go:137.2,137.39 1 0
github.com/JungHoonGhae/tossinvest-cli/internal/app/engine/tracer.go:137.39,139.3 1 0
github.com/JungHoonGhae/tossinvest-cli/internal/app/engine/tracer.go:140.2,140.72 1 0
github.com/JungHoonGhae/tossinvest-cli/internal/app/engine/tracer.go:140.72,142.3 1 0
github.com/JungHoonGhae/tossinvest-cli/internal/app/engine/tracer.go:143.2,143.55 1 0
github.com/JungHoonGhae/tossinvest-cli/internal/app/engine/tracer.go:143.55,145.3 1 0
github.com/JungHoonGhae/tossinvest-cli/internal/app/engine/tracer.go:146.2,147.54 2 0
github.com/JungHoonGhae/tossinvest-cli/internal/app/engine/tracer.go:147.54,149.3 1 0
github.com/JungHoonGhae/tossinvest-cli/internal/app/engine/tracer.go:150.2,151.30 2 0
github.com/JungHoonGhae/tossinvest-cli/internal/app/engine/tracer.go:151.30,153.3 1 0
github.com/JungHoonGhae/tossinvest-cli/internal/app/engine/tracer.go:154.2,155.29 2 0
github.com/JungHoonGhae/tossinvest-cli/internal/app/engine/tracer.go:155.29,157.3 1 0
github.com/JungHoonGhae/tossinvest-cli/internal/app/engine/tracer.go:158.2,158.26 1 0
github.com/JungHoonGhae/tossinvest-cli/internal/app/engine/tracer.go:158.26,160.3 1 0
github.com/JungHoonGhae/tossinvest-cli/internal/app/engine/tracer.go:161.2,162.35 2 0
github.com/JungHoonGhae/tossinvest-cli/internal/app/engine/tracer.go:162.35,164.3 1 0
github.com/JungHoonGhae/tossinvest-cli/internal/app/engine/tracer.go:165.2,166.32 2 0
github.com/JungHoonGhae/tossinvest-cli/internal/app/engine/tracer.go:166.32,168.3 1 0
github.com/JungHoonGhae/tossinvest-cli/internal/app/engine/tracer.go:169.2,169.78 1 0
github.com/JungHoonGhae/tossinvest-cli/internal/app/engine/tracer.go:169.78,172.3 1 0
github.com/JungHoonGhae/tossinvest-cli/internal/app/engine/tracer.go:173.2,173.22 1 0
github.com/JungHoonGhae/tossinvest-cli/internal/app/engine/tracer.go:173.22,175.3 1 0
github.com/JungHoonGhae/tossinvest-cli/internal/app/engine/tracer.go:176.2,176.44 1 0
github.com/JungHoonGhae/tossinvest-cli/internal/app/engine/tracer.go:176.44,179.3 1 0
github.com/JungHoonGhae/tossinvest-cli/internal/app/engine/tracer.go:180.2,180.12 1 0
github.com/JungHoonGhae/tossinvest-cli/internal/app/engine/tracer.go:184.41,186.9 2 0
github.com/JungHoonGhae/tossinvest-cli/internal/app/engine/tracer.go:186.9,188.3 1 0
github.com/JungHoonGhae/tossinvest-cli/internal/app/engine/tracer.go:189.2,190.9 2 0
github.com/JungHoonGhae/tossinvest-cli/internal/app/engine/tracer.go:190.9,192.3 1 0
github.com/JungHoonGhae/tossinvest-cli/internal/app/engine/tracer.go:193.2,193.56 1 0
github.com/JungHoonGhae/tossinvest-cli/internal/app/engine/tracer.go:239.53,240.47 1 0
github.com/JungHoonGhae/tossinvest-cli/internal/app/engine/tracer.go:240.47,242.3 1 0
github.com/JungHoonGhae/tossinvest-cli/internal/app/engine/tracer.go:243.2,243.9 1 0
github.com/JungHoonGhae/tossinvest-cli/internal/app/engine/tracer.go:244.27,245.93 1 0
github.com/JungHoonGhae/tossinvest-cli/internal/app/engine/tracer.go:246.26,247.81 1 0
github.com/JungHoonGhae/tossinvest-cli/internal/app/engine/tracer.go:248.26,249.87 1 0
github.com/JungHoonGhae/tossinvest-cli/internal/app/engine/tracer.go:250.28,252.99 1 0
github.com/JungHoonGhae/tossinvest-cli/internal/app/engine/tracer.go:253.48,255.21 1 0
github.com/JungHoonGhae/tossinvest-cli/internal/app/engine/tracer.go:256.48,257.84 1 0
github.com/JungHoonGhae/tossinvest-cli/internal/app/engine/tracer.go:259.2,259.23 1 0
github.com/JungHoonGhae/tossinvest-cli/internal/app/engine/tracer.go:259.23,261.3 1 0
github.com/JungHoonGhae/tossinvest-cli/internal/app/engine/tracer.go:262.2,262.33 1 0
github.com/JungHoonGhae/tossinvest-cli/internal/app/engine/tracer.go:273.65,277.50 3 0
github.com/JungHoonGhae/tossinvest-cli/internal/app/engine/tracer.go:277.50,279.3 1 0
github.com/JungHoonGhae/tossinvest-cli/internal/app/engine/tracer.go:280.2,280.49 1 0
github.com/JungHoonGhae/tossinvest-cli/internal/app/engine/tracer.go:280.49,282.3 1 0
github.com/JungHoonGhae/tossinvest-cli/internal/app/engine/tracer.go:283.2,283.52 1 0
github.com/JungHoonGhae/tossinvest-cli/internal/app/engine/tracer.go:283.52,285.3 1 0
github.com/JungHoonGhae/tossinvest-cli/internal/app/engine/tracer.go:287.2,288.34 2 0
github.com/JungHoonGhae/tossinvest-cli/internal/app/engine/tracer.go:288.34,289.35 1 0
github.com/JungHoonGhae/tossinvest-cli/internal/app/engine/tracer.go:289.35,292.4 2 0
github.com/JungHoonGhae/tossinvest-cli/internal/app/engine/tracer.go:293.3,293.43 1 0
github.com/JungHoonGhae/tossinvest-cli/internal/app/engine/tracer.go:293.43,295.9 2 0
github.com/JungHoonGhae/tossinvest-cli/internal/app/engine/tracer.go:297.3,300.23 4 0
github.com/JungHoonGhae/tossinvest-cli/internal/app/engine/tracer.go:300.23,304.12 1 0
github.com/JungHoonGhae/tossinvest-cli/internal/app/engine/tracer.go:306.3,306.55 1 0
github.com/JungHoonGhae/tossinvest-cli/internal/app/engine/tracer.go:306.55,308.4 1 0
github.com/JungHoonGhae/tossinvest-cli/internal/app/engine/tracer.go:308.9,308.18 1 0
github.com/JungHoonGhae/tossinvest-cli/internal/app/engine/tracer.go:308.18,310.9 2 0
github.com/JungHoonGhae/tossinvest-cli/internal/app/engine/tracer.go:312.3,312.77 1 0
github.com/JungHoonGhae/tossinvest-cli/internal/app/engine/tracer.go:312.77,315.4 2 0
github.com/JungHoonGhae/tossinvest-cli/internal/app/engine/tracer.go:317.2,317.44 1 0
github.com/JungHoonGhae/tossinvest-cli/internal/app/engine/tracer.go:317.44,319.3 1 0
github.com/JungHoonGhae/tossinvest-cli/internal/app/engine/tracer.go:320.2,321.20 2 0
github.com/JungHoonGhae/tossinvest-cli/internal/app/engine/tracer.go:325.64,327.16 2 0
github.com/JungHoonGhae/tossinvest-cli/internal/app/engine/tracer.go:327.16,329.3 1 0
github.com/JungHoonGhae/tossinvest-cli/internal/app/engine/tracer.go:330.2,330.33 1 0
github.com/JungHoonGhae/tossinvest-cli/internal/app/engine/tracer.go:330.33,331.76 1 0
github.com/JungHoonGhae/tossinvest-cli/internal/app/engine/tracer.go:331.76,332.12 1 0
github.com/JungHoonGhae/tossinvest-cli/internal/app/engine/tracer.go:334.3,336.89 1 0
github.com/JungHoonGhae/tossinvest-cli/internal/app/engine/tracer.go:338.2,338.12 1 0
github.com/JungHoonGhae/tossinvest-cli/internal/app/engine/tracer.go:353.63,356.70 3 0
github.com/JungHoonGhae/tossinvest-cli/internal/app/engine/tracer.go:356.70,358.3 1 0
github.com/JungHoonGhae/tossinvest-cli/internal/app/engine/tracer.go:360.2,360.94 1 0
github.com/JungHoonGhae/tossinvest-cli/internal/app/engine/tracer.go:360.94,363.3 2 0
github.com/JungHoonGhae/tossinvest-cli/internal/app/engine/tracer.go:363.17,365.3 1 0
github.com/JungHoonGhae/tossinvest-cli/internal/app/engine/tracer.go:366.2,366.95 1 0
github.com/JungHoonGhae/tossinvest-cli/internal/app/engine/tracer.go:366.95,369.3 2 0
github.com/JungHoonGhae/tossinvest-cli/internal/app/engine/tracer.go:369.17,371.3 1 0
github.com/JungHoonGhae/tossinvest-cli/internal/app/engine/tracer.go:372.2,372.92 1 0
github.com/JungHoonGhae/tossinvest-cli/internal/app/engine/tracer.go:372.92,375.3 2 0
github.com/JungHoonGhae/tossinvest-cli/internal/app/engine/tracer.go:375.17,377.3 1 0
github.com/JungHoonGhae/tossinvest-cli/internal/app/engine/tracer.go:379.2,381.89 3 0
github.com/JungHoonGhae/tossinvest-cli/internal/app/engine/tracer.go:381.89,383.17 2 0
github.com/JungHoonGhae/tossinvest-cli/internal/app/engine/tracer.go:383.17,385.4 1 0
github.com/JungHoonGhae/tossinvest-cli/internal/app/engine/tracer.go:386.3,386.28 1 0
github.com/JungHoonGhae/tossinvest-cli/internal/app/engine/tracer.go:386.28,387.76 1 0
github.com/JungHoonGhae/tossinvest-cli/internal/app/engine/tracer.go:387.76,389.5 1 0
github.com/JungHoonGhae/tossinvest-cli/internal/app/engine/tracer.go:391.3,391.13 1 0
github.com/JungHoonGhae/tossinvest-cli/internal/app/engine/tracer.go:392.17,394.3 1 0
github.com/JungHoonGhae/tossinvest-cli/internal/app/engine/tracer.go:395.2,395.16 1 0
github.com/JungHoonGhae/tossinvest-cli/internal/app/engine/tracer.go:395.16,397.3 1 0
github.com/JungHoonGhae/tossinvest-cli/internal/app/engine/tracer.go:398.2,398.73 1 0
github.com/JungHoonGhae/tossinvest-cli/internal/app/engine/tracer.go:398.73,401.3 1 0
github.com/JungHoonGhae/tossinvest-cli/internal/app/engine/tracer.go:402.2,402.12 1 0
github.com/JungHoonGhae/tossinvest-cli/internal/app/engine/tracer.go:406.79,409.16 3 0
github.com/JungHoonGhae/tossinvest-cli/internal/app/engine/tracer.go:409.16,411.3 1 0
github.com/JungHoonGhae/tossinvest-cli/internal/app/engine/tracer.go:412.2,430.16 3 0
github.com/JungHoonGhae/tossinvest-cli/internal/app/engine/tracer.go:430.16,432.3 1 0
github.com/JungHoonGhae/tossinvest-cli/internal/app/engine/tracer.go:434.2,435.16 2 0
github.com/JungHoonGhae/tossinvest-cli/internal/app/engine/tracer.go:435.16,437.3 1 0
github.com/JungHoonGhae/tossinvest-cli/internal/app/engine/tracer.go:438.2,439.16 2 0
github.com/JungHoonGhae/tossinvest-cli/internal/app/engine/tracer.go:439.16,441.3 1 0
github.com/JungHoonGhae/tossinvest-cli/internal/app/engine/tracer.go:442.2,451.41 4 0
github.com/JungHoonGhae/tossinvest-cli/internal/app/engine/tracer.go:451.41,453.33 2 0
github.com/JungHoonGhae/tossinvest-cli/internal/app/engine/tracer.go:453.33,455.4 1 0
github.com/JungHoonGhae/tossinvest-cli/internal/app/engine/tracer.go:456.3,456.99 1 0
github.com/JungHoonGhae/tossinvest-cli/internal/app/engine/tracer.go:458.2,458.12 1 0
github.com/JungHoonGhae/tossinvest-cli/internal/app/engine/tracer.go:467.51,469.70 2 0
github.com/JungHoonGhae/tossinvest-cli/internal/app/engine/tracer.go:469.70,471.3 1 0
github.com/JungHoonGhae/tossinvest-cli/internal/app/engine/tracer.go:472.2,479.3 1 0
github.com/JungHoonGhae/tossinvest-cli/internal/app/engine/tracer.go:483.95,485.16 2 0
github.com/JungHoonGhae/tossinvest-cli/internal/app/engine/tracer.go:485.16,487.3 1 0
github.com/JungHoonGhae/tossinvest-cli/internal/app/engine/tracer.go:488.2,489.70 2 0
github.com/JungHoonGhae/tossinvest-cli/internal/app/engine/tracer.go:489.70,491.3 1 0
github.com/JungHoonGhae/tossinvest-cli/internal/app/engine/tracer.go:492.2,496.8 1 0
github.com/JungHoonGhae/tossinvest-cli/internal/app/engine/tracer.go:500.83,501.29 1 0
github.com/JungHoonGhae/tossinvest-cli/internal/app/engine/tracer.go:501.29,504.50 2 0
github.com/JungHoonGhae/tossinvest-cli/internal/app/engine/tracer.go:504.50,506.4 1 0
github.com/JungHoonGhae/tossinvest-cli/internal/app/engine/tracer.go:507.3,507.17 1 0
github.com/JungHoonGhae/tossinvest-cli/internal/app/engine/tracer.go:507.17,509.4 1 0
github.com/JungHoonGhae/tossinvest-cli/internal/app/engine/tracer.go:510.3,510.30 1 0
github.com/JungHoonGhae/tossinvest-cli/internal/app/engine/tracer.go:512.2,513.50 2 0
github.com/JungHoonGhae/tossinvest-cli/internal/app/engine/tracer.go:513.50,515.3 1 0
github.com/JungHoonGhae/tossinvest-cli/internal/app/engine/tracer.go:516.2,516.16 1 0
github.com/JungHoonGhae/tossinvest-cli/internal/app/engine/tracer.go:516.16,518.3 1 0
github.com/JungHoonGhae/tossinvest-cli/internal/app/engine/tracer.go:519.2,519.29 1 0
github.com/JungHoonGhae/tossinvest-cli/internal/app/engine/tracer.go:525.75,526.29 1 0
github.com/JungHoonGhae/tossinvest-cli/internal/app/engine/tracer.go:526.29,528.3 1 0
github.com/JungHoonGhae/tossinvest-cli/internal/app/engine/tracer.go:529.2,530.16 2 0
github.com/JungHoonGhae/tossinvest-cli/internal/app/engine/tracer.go:530.16,532.3 1 0
github.com/JungHoonGhae/tossinvest-cli/internal/app/engine/tracer.go:533.2,533.27 1 0
github.com/JungHoonGhae/tossinvest-cli/internal/app/engine/tracer.go:537.38,538.15 1 0
github.com/JungHoonGhae/tossinvest-cli/internal/app/engine/tracer.go:538.15,540.3 1 0
github.com/JungHoonGhae/tossinvest-cli/internal/app/engine/tracer.go:541.2,542.37 2 0
